Index,Protein_ID,NUM_TM,Category,pLDDT_mean_CA,pLDDT_mean_all
1,A0A075B734,6,medium transmembrane,81.5319,81.6185
2,A0A087WTH1,2,medium transmembrane,69.2953,69.3417
3,A0A087WTH5,3,medium transmembrane,68.4067,68.6291
4,A0A087X1C5,1,single-pass transmembrane,91.0852,91.4315
5,A0A087X1L8,1,single-pass transmembrane,74.1714,74.1736
6,A0A096LP01,1,single-pass transmembrane,71.6659,72.5208
7,A0A096LPK9,7,GPCR transmembrane,84.7448,84.7371
8,A0A0B4J2F0,1,single-pass transmembrane,84.8769,84.224
9,A0A0C4DGP1,2,medium transmembrane,67.1782,66.9664
10,A0A0D9SF12,2,medium transmembrane,58.9177,59.5062
11,A0A0G2JKD1,1,single-pass transmembrane,76.8287,75.6236
12,A0A0G2JLG4,2,medium transmembrane,87.0572,87.2031
13,A0A0G2JLM5,1,single-pass transmembrane,78.3734,78.7853
14,A0A0G2JLQ3,1,single-pass transmembrane,79.5461,79.8066
15,A0A0G2JMH6,1,single-pass transmembrane,89.453,89.9354
16,A0A0G2JMP0,7,GPCR transmembrane,85.9378,85.9204
17,A0A0G2JN68,1,single-pass transmembrane,72.459,72.5493
18,A0A0G2JNF4,1,single-pass transmembrane,75.8765,75.9846
19,A0A0G2JNG1,1,single-pass transmembrane,79.6918,79.9603
20,A0A0G2JNH3,7,GPCR transmembrane,85.3214,85.3196
21,A0A0G2JPC4,1,single-pass transmembrane,72.1839,72.2337
22,A0A0G2JQ47,1,single-pass transmembrane,81.4737,81.7646
23,A0A0K2S4Q6,1,single-pass transmembrane,72.8477,73.4753
24,A0A0U1RQS6,2,medium transmembrane,57.7863,57.8386
25,A0A0U1RRA0,1,single-pass transmembrane,72.6006,71.2194
26,A0A0U1RRN3,1,single-pass transmembrane,68.2822,67.9527
27,A0A0X1KG70,7,GPCR transmembrane,88.5899,88.627
28,A0A126GWB0,7,GPCR transmembrane,85.1678,85.0832
29,A0A126GWI2,7,GPCR transmembrane,84.0285,84.0046
30,A0A140T8X8,1,single-pass transmembrane,73.5525,72.7351
31,A0A191URJ7,1,single-pass transmembrane,74.5541,74.7305
32,A0A1B0GTG8,1,single-pass transmembrane,88.0406,87.3417
33,A0A1B0GTI8,4,medium transmembrane,82.8053,82.7231
34,A0A1B0GTK4,1,single-pass transmembrane,64.6127,65.2364
35,A0A1B0GTQ1,1,single-pass transmembrane,87.5125,87.7288
36,A0A1B0GTU2,1,single-pass transmembrane,80.5063,80.0483
37,A0A1B0GTW7,1,single-pass transmembrane,73.2755,73.5495
38,A0A1B0GTY4,2,medium transmembrane,65.0303,65.5945
39,A0A1B0GU29,1,single-pass transmembrane,63.5118,64.2336
40,A0A1B0GUA5,1,single-pass transmembrane,59.7583,61.3414
41,A0A1B0GUA7,3,medium transmembrane,67.1489,67.572
42,A0A1B0GUW6,1,single-pass transmembrane,39.0627,39.2152
43,A0A1B0GUW7,1,single-pass transmembrane,78.0253,77.7495
44,A0A1B0GUZ9,1,single-pass transmembrane,70.462,70.5344
45,A0A1B0GV85,1,single-pass transmembrane,58.2354,58.6421
46,A0A1B0GV90,1,single-pass transmembrane,79.1018,80.132
47,A0A1B0GVG4,2,medium transmembrane,80.7386,81.0361
48,A0A1B0GVN3,2,medium transmembrane,55.5848,55.5104
49,A0A1B0GVQ0,1,single-pass transmembrane,68.5683,68.2329
50,A0A1B0GVT2,1,single-pass transmembrane,64.3104,64.7608
51,A0A1B0GVV1,1,single-pass transmembrane,68.8699,68.1579
52,A0A1B0GVY4,1,single-pass transmembrane,66.4901,66.0111
53,A0A1B0GVZ9,8,large transmembrane,80.2345,80.5219
54,A0A1B0GW54,1,single-pass transmembrane,76.7596,76.8867
55,A0A1B0GW64,1,single-pass transmembrane,61.8391,61.8021
56,A0A1B0GWB2,2,medium transmembrane,57.1258,57.84
57,A0A1B0GWG4,1,single-pass transmembrane,67.1651,67.5089
58,A0A1B0GWH6,1,single-pass transmembrane,97.604,97.5883
59,A0A1W2PN81,4,medium transmembrane,78.0036,78.827
60,A0A1W2PQM1,1,single-pass transmembrane,76.9896,77.0178
61,A0A1W2PQU2,2,medium transmembrane,80.3532,80.1773
62,A0A1W2PS18,1,single-pass transmembrane,62.6583,64.5972
63,A0A286YEU6,7,GPCR transmembrane,71.0191,71.1513
64,A0A286YF18,2,medium transmembrane,65.0968,65.3971
65,A0A286YF58,4,medium transmembrane,61.4501,61.7394
66,A0A286YFK9,1,single-pass transmembrane,77.0737,77.3052
67,A0A2R8Y4L6,7,GPCR transmembrane,87.9109,87.9028
68,A0A2R8Y4M2,1,single-pass transmembrane,87.6893,87.4923
69,A0A2R8Y4M4,1,single-pass transmembrane,63.3581,63.4318
70,A0A2R8Y7Y5,1,single-pass transmembrane,55.491,55.741
71,A0A2R8YCJ5,1,single-pass transmembrane,74.4765,74.748
72,A0A2R8YE69,2,medium transmembrane,68.3767,69.2733
73,A0A2R8YED5,7,GPCR transmembrane,88.9528,89.0177
74,A0A2R8YEG4,7,GPCR transmembrane,86.5688,86.3355
75,A0A2R8YEH3,7,GPCR transmembrane,86.1308,85.8806
76,A0A2R8YEV3,7,GPCR transmembrane,86.5334,86.3626
77,A0A2U3TZM8,1,single-pass transmembrane,52.2415,52.5776
78,A0A3B3IT45,7,GPCR transmembrane,86.6417,86.6493
79,A0A494BZU4,4,medium transmembrane,74.9582,75.0169
80,A0A494C0I6,1,single-pass transmembrane,87.8833,87.8939
81,A0A494C176,1,single-pass transmembrane,72.4005,71.9033
82,A0A494C1I1,1,single-pass transmembrane,63.0114,63.7647
83,A0A4W9AIG4,7,GPCR transmembrane,82.7836,82.5594
84,A0A5B9,1,single-pass transmembrane,93.7843,93.8809
85,A0A5F9ZH02,1,single-pass transmembrane,70.7473,70.8205
86,A0A5K1VDZ0,1,single-pass transmembrane,77.8475,77.9412
87,A0A5S8K742,3,medium transmembrane,82.1057,82.7455
88,A0A6I8PU40,2,medium transmembrane,43.0895,43.6486
89,A0A6Q8PGZ7,1,single-pass transmembrane,87.255,87.8533
90,A0A7E1QX52,2,medium transmembrane,50.0576,49.8344
91,A0A7I2V2S6,1,single-pass transmembrane,72.1715,71.8038
92,A0A7I2V3R4,2,medium transmembrane,62.8232,64.3412
93,A0A7I2V4K3,1,single-pass transmembrane,74.4917,74.3225
94,A0AV02,9,large transmembrane,69.4929,68.8726
95,A0AVI2,1,single-pass transmembrane,75.0187,75.1895
96,A0AVI4,3,medium transmembrane,87.9532,88.1762
97,A0FGR8,2,medium transmembrane,73.2705,74.2897
98,A0FGR9,2,medium transmembrane,71.3294,72.132
99,A0PJK1,14,large transmembrane,87.8505,88.1574
100,A0PJW6,2,medium transmembrane,75.6872,75.4355
101,A0PJX4,1,single-pass transmembrane,67.3878,67.2466
102,A0PJX8,9,large transmembrane,78.2217,77.9135
103,A0PK00,6,medium transmembrane,90.3422,90.4211
104,A0PK05,4,medium transmembrane,58.015,58.0274
105,A0PK11,4,medium transmembrane,91.5394,91.3792
106,A0ZSE6,1,single-pass transmembrane,78.0324,77.6506
107,A1A4F0,1,single-pass transmembrane,66.2408,66.3439
108,A1A5B4,10,large transmembrane,80.5538,81.3349
109,A1A5C7,12,large transmembrane,72.1147,73.2906
110,A1L0T0,1,single-pass transmembrane,94.5295,94.7076
111,A1L157,4,medium transmembrane,87.5838,87.4425
112,A1L1A6,1,single-pass transmembrane,77.974,78.3012
113,A1L3X0,7,GPCR transmembrane,88.9335,89.216
114,A2A2V5,1,single-pass transmembrane,63.1103,64.1237
115,A2A2Y4,2,medium transmembrane,74.7676,75.2888
116,A2RRL7,1,single-pass transmembrane,69.5756,70.1574
117,A2RU14,3,medium transmembrane,87.269,87.3443
118,A2RU48,4,medium transmembrane,82.5636,82.9694
119,A2RU67,1,single-pass transmembrane,78.3098,78.9679
120,A2RUG3,3,medium transmembrane,65.4171,65.77
121,A2RUT3,2,medium transmembrane,62.3121,62.9349
122,A2VDJ0,1,single-pass transmembrane,53.0383,53.4038
123,A3KFT3,7,GPCR transmembrane,85.2245,85.1276
124,A4D0T2,1,single-pass transmembrane,72.1503,72.6834
125,A4D0T7,2,medium transmembrane,85.3554,85.3398
126,A4D1S0,1,single-pass transmembrane,59.0103,59.8099
127,A4D256,1,single-pass transmembrane,85.8093,86.0258
128,A4D2G3,7,GPCR transmembrane,84.6731,84.5982
129,A4D2H0,1,single-pass transmembrane,68.4491,69.4522
130,A4FU28,2,medium transmembrane,68.35,69.2827
131,A4IF30,10,large transmembrane,66.8403,67.0675
132,A5D6W6,6,medium transmembrane,85.6273,85.5718
133,A5PLK6,4,medium transmembrane,66.3432,66.9605
134,A5PLL7,4,medium transmembrane,90.7592,91.0463
135,A5X5Y0,4,medium transmembrane,80.7762,81.3039
136,A5YM72,5,medium transmembrane,88.8668,89.193
137,A6BM72,1,single-pass transmembrane,74.28,73.9433
138,A6H8M9,1,single-pass transmembrane,78.6945,79.0389
139,A6NC51,6,medium transmembrane,92.839,92.9741
140,A6NCQ9,1,single-pass transmembrane,61.8005,62.3251
141,A6NCV1,7,GPCR transmembrane,88.1355,88.0963
142,A6ND48,7,GPCR transmembrane,81.4186,81.4072
143,A6NDA9,1,single-pass transmembrane,77.6083,78.1368
144,A6NDD5,2,medium transmembrane,55.6936,55.4166
145,A6NDH6,7,GPCR transmembrane,88.4344,88.4849
146,A6NDL8,7,GPCR transmembrane,85.9138,85.9023
147,A6NDP7,8,large transmembrane,86.0466,86.3231
148,A6NDV4,7,GPCR transmembrane,80.6203,81.4726
149,A6NDX4,1,single-pass transmembrane,45.5824,45.6798
150,A6NEH6,1,single-pass transmembrane,66.0595,67.6366
151,A6NET4,7,GPCR transmembrane,82.5002,82.4863
152,A6NF34,1,single-pass transmembrane,63.6384,63.6717
153,A6NF89,7,GPCR transmembrane,89.9161,89.8246
154,A6NFA0,1,single-pass transmembrane,50.1744,50.443
155,A6NFC5,4,medium transmembrane,80.5086,80.7234
156,A6NFC9,4,medium transmembrane,60.146,60.3356
157,A6NFE2,3,medium transmembrane,58.9354,59.19
158,A6NFR6,2,medium transmembrane,51.8497,52.3103
159,A6NFU0,1,single-pass transmembrane,82.8465,83.0054
160,A6NFX1,12,large transmembrane,78.6705,79.2077
161,A6NFY4,5,medium transmembrane,80.25,80.2365
162,A6NFZ4,1,single-pass transmembrane,64.353,64.564
163,A6NGA9,4,medium transmembrane,73.3573,73.6218
164,A6NGB0,3,medium transmembrane,75.2573,76.3029
165,A6NGB7,4,medium transmembrane,68.413,68.1495
166,A6NGC4,7,GPCR transmembrane,86.439,86.4218
167,A6NGU5,1,single-pass transmembrane,94.3622,94.4202
168,A6NGY5,7,GPCR transmembrane,86.5041,86.4484
169,A6NGZ8,1,single-pass transmembrane,67.4153,68.2695
170,A6NH00,7,GPCR transmembrane,88.5998,88.4557
171,A6NH11,1,single-pass transmembrane,82.6724,83.0788
172,A6NH21,10,large transmembrane,71.089,71.6463
173,A6NH52,4,medium transmembrane,79.531,80.0725
174,A6NHA9,7,GPCR transmembrane,88.9921,89.012
175,A6NHG9,7,GPCR transmembrane,89.1485,89.1504
176,A6NHS7,1,single-pass transmembrane,62.4012,62.5517
177,A6NI61,7,GPCR transmembrane,90.6127,91.2828
178,A6NI73,1,single-pass transmembrane,81.0751,81.939
179,A6NIJ9,7,GPCR transmembrane,89.5742,89.5625
180,A6NIL9,1,single-pass transmembrane,81.2539,81.3977
181,A6NIM6,12,large transmembrane,75.6466,75.4704
182,A6NJU9,1,single-pass transmembrane,43.3283,43.8742
183,A6NJW4,1,single-pass transmembrane,78.691,79.0871
184,A6NJW9,1,single-pass transmembrane,82.0667,82.0145
185,A6NJY1,8,large transmembrane,79.5373,79.3141
186,A6NJY4,2,medium transmembrane,84.2575,84.3873
187,A6NJZ3,7,GPCR transmembrane,89.0015,89.2185
188,A6NK97,12,large transmembrane,86.3826,86.4385
189,A6NKB5,14,large transmembrane,56.5015,57.6492
190,A6NKF7,2,medium transmembrane,66.3568,66.5272
191,A6NKK0,7,GPCR transmembrane,88.1493,88.1084
192,A6NKL6,2,medium transmembrane,49.6138,50.093
193,A6NKP2,1,single-pass transmembrane,86.3577,86.5639
194,A6NKW6,1,single-pass transmembrane,69.4303,69.2888
195,A6NKX4,12,large transmembrane,78.0905,77.9328
196,A6NL05,1,single-pass transmembrane,55.9268,56.461
197,A6NL08,7,GPCR transmembrane,89.9582,89.9404
198,A6NL26,7,GPCR transmembrane,87.7858,87.6696
199,A6NL99,7,GPCR transmembrane,82.1038,82.1761
200,A6NLX4,2,medium transmembrane,62.513,62.0433
201,A6NM03,7,GPCR transmembrane,87.1479,87.077
202,A6NM10,7,GPCR transmembrane,76.8431,77.0233
203,A6NM11,1,single-pass transmembrane,41.8935,42.156
204,A6NM45,4,medium transmembrane,85.2419,85.3436
205,A6NM62,1,single-pass transmembrane,44.6993,44.4601
206,A6NM76,7,GPCR transmembrane,89.8882,89.8561
207,A6NMB1,1,single-pass transmembrane,82.5657,83.1227
208,A6NMD0,2,medium transmembrane,54.8977,55.4432
209,A6NML5,4,medium transmembrane,73.9335,73.2038
210,A6NMS3,7,GPCR transmembrane,87.5451,87.4146
211,A6NMS7,1,single-pass transmembrane,41.7215,41.9754
212,A6NMU1,7,GPCR transmembrane,83.8564,83.8145
213,A6NMZ5,7,GPCR transmembrane,82.6118,82.1871
214,A6NN92,4,medium transmembrane,83.756,83.7269
215,A6NNB3,2,medium transmembrane,65.3424,65.2888
216,A6NNC1,2,medium transmembrane,43.3613,44.0019
217,A6NND4,7,GPCR transmembrane,89.4325,89.6713
218,A6NNE9,3,medium transmembrane,62.5372,63.6037
219,A6NNN8,11,large transmembrane,84.0698,84.2436
220,A6NNS2,1,single-pass transmembrane,87.0644,86.6024
221,A6PVL3,2,medium transmembrane,60.0085,59.9145
222,A7MBM2,12,large transmembrane,67.5617,68.3161
223,A8CG34,2,medium transmembrane,43.1915,43.5758
224,A8K4G0,1,single-pass transmembrane,79.6878,80.2863
225,A8MPY1,4,medium transmembrane,76.1359,76.5729
226,A8MRT5,1,single-pass transmembrane,44.1877,44.8741
227,A8MTT3,1,single-pass transmembrane,91.4244,91.4962
228,A8MUP6,3,medium transmembrane,75.4211,75.4481
229,A8MV81,2,medium transmembrane,65.0527,63.9918
230,A8MVS5,1,single-pass transmembrane,74.4695,74.6288
231,A8MVW0,1,single-pass transmembrane,58.845,59.7565
232,A8MVW5,1,single-pass transmembrane,78.3371,78.4667
233,A8MVZ5,1,single-pass transmembrane,87.9007,87.8258
234,A8MWK0,4,medium transmembrane,85.8748,86.3728
235,A8MWL6,4,medium transmembrane,78.7497,79.4073
236,A8MWL7,4,medium transmembrane,59.0398,58.1656
237,A8MWV9,2,medium transmembrane,60.95,61.6591
238,A8MWY0,1,single-pass transmembrane,75.9161,76.1924
239,A8MXE2,1,single-pass transmembrane,88.4341,88.0978
240,A8MXK1,1,single-pass transmembrane,88.1993,88.135
241,A8MXV6,2,medium transmembrane,53.7888,54.0353
242,A8MYB1,4,medium transmembrane,84.5795,84.9857
243,A8MYU2,7,GPCR transmembrane,74.2816,74.5035
244,A8MZ97,1,single-pass transmembrane,57.7372,58.1989
245,A9Z1Z3,1,single-pass transmembrane,75.2303,75.8775
246,B0FP48,1,single-pass transmembrane,82.3933,83.0411
247,B0YJ81,6,medium transmembrane,74.2591,75.8465
248,B1AL88,1,single-pass transmembrane,62.6271,63.7961
249,B2RN74,7,GPCR transmembrane,78.636,79.0678
250,B2RUZ4,1,single-pass transmembrane,71.0132,71.5764
251,B2RXF0,7,GPCR transmembrane,79.6151,81.5381
252,B3SHH9,4,medium transmembrane,82.5755,82.2636
253,B4DJY2,1,single-pass transmembrane,59.7478,59.5765
254,B4DYI2,3,medium transmembrane,40.9373,41.2288
255,B6A8C7,1,single-pass transmembrane,84.5164,84.7759
256,B6SEH9,1,single-pass transmembrane,45.9056,45.9791
257,B7U540,2,medium transmembrane,80.5639,81.0518
258,B7Z8K6,1,single-pass transmembrane,81.1194,80.9643
259,B7ZAQ6,9,large transmembrane,82.8255,83.1018
260,B8ZZ34,1,single-pass transmembrane,56.5226,56.7724
261,B9EJG8,6,medium transmembrane,91.738,91.5829
262,C9JDP6,4,medium transmembrane,82.9993,82.8411
263,C9JG80,1,single-pass transmembrane,43.9316,44.6538
264,C9JH25,7,GPCR transmembrane,52.4041,52.8988
265,C9JI98,2,medium transmembrane,67.4284,68.36
266,C9JQI7,5,medium transmembrane,73.7973,73.8771
267,C9JQL5,2,medium transmembrane,59.4947,59.7987
268,C9JVW0,1,single-pass transmembrane,59.2655,59.8584
269,D3W0D1,1,single-pass transmembrane,82.1634,82.3545
270,E2RYF6,1,single-pass transmembrane,67.5197,67.2084
271,E5RHQ5,3,medium transmembrane,39.8647,40.474
272,E5RIL1,1,single-pass transmembrane,82.3933,83.0411
273,E7ERA6,1,single-pass transmembrane,72.2632,72.7161
274,E9PQ53,2,medium transmembrane,84.3097,84.6231
275,E9PQR5,2,medium transmembrane,52.05,52.3367
276,E9PQX1,3,medium transmembrane,84.9751,84.2831
277,F2Z333,1,single-pass transmembrane,76.5712,77.618
278,F5H4A9,1,single-pass transmembrane,59.4685,60.7933
279,F8W0I5,2,medium transmembrane,44.1097,44.7656
280,G3V0H7,11,large transmembrane,82.3873,82.1367
281,H3BN30,1,single-pass transmembrane,34.6267,34.802
282,H3BR10,1,single-pass transmembrane,65.6864,65.8848
283,H3BS89,4,medium transmembrane,74.5725,73.8941
284,H3BTG2,2,medium transmembrane,67.598,67.9455
285,H3BV60,1,single-pass transmembrane,68.5705,68.9872
286,H7C241,4,medium transmembrane,86.287,85.9825
287,H7C350,2,medium transmembrane,59.9953,61.6355
288,I3L273,1,single-pass transmembrane,47.7446,47.8778
289,K7EJ46,1,single-pass transmembrane,76.2587,75.8181
290,K9M1U5,1,single-pass transmembrane,77.3087,76.9968
291,M0QZC1,1,single-pass transmembrane,64.8127,64.9572
292,O00124,2,medium transmembrane,76.8957,77.6864
293,O00144,7,GPCR transmembrane,81.0246,81.8913
294,O00155,7,GPCR transmembrane,82.7527,82.7824
295,O00168,1,single-pass transmembrane,71.2641,70.8092
296,O00180,4,medium transmembrane,83.4657,83.7794
297,O00198,2,medium transmembrane,72.4399,73.0297
298,O00206,1,single-pass transmembrane,88.8928,89.1131
299,O00219,6,medium transmembrane,91.2976,91.4461
300,O00220,1,single-pass transmembrane,66.0112,66.794
301,O00222,7,GPCR transmembrane,84.3207,84.381
302,O00237,4,medium transmembrane,73.3892,73.9133
303,O00238,1,single-pass transmembrane,84.8715,85.1283
304,O00241,1,single-pass transmembrane,84.3982,84.6227
305,O00254,7,GPCR transmembrane,76.4518,76.8268
306,O00258,3,medium transmembrane,77.6586,78.0997
307,O00264,1,single-pass transmembrane,83.2568,84.27
308,O00270,7,GPCR transmembrane,84.1789,84.1063
309,O00322,4,medium transmembrane,86.5241,86.8513
310,O00337,11,large transmembrane,82.1936,81.9013
311,O00341,10,large transmembrane,77.8179,77.9777
312,O00391,1,single-pass transmembrane,77.7566,78.5445
313,O00398,7,GPCR transmembrane,81.8883,82.221
314,O00400,12,large transmembrane,82.118,82.5993
315,O00421,7,GPCR transmembrane,78.1464,78.2676
316,O00445,1,single-pass transmembrane,84.2077,84.4734
317,O00453,1,single-pass transmembrane,70.8153,70.4993
318,O00461,1,single-pass transmembrane,67.2628,67.8424
319,O00476,9,large transmembrane,79.0507,79.3525
320,O00478,1,single-pass transmembrane,82.6464,83.0592
321,O00481,1,single-pass transmembrane,89.1996,89.1621
322,O00483,1,single-pass transmembrane,92.3644,92.0262
323,O00501,4,medium transmembrane,83.6698,83.2791
324,O00519,1,single-pass transmembrane,95.3747,95.4688
325,O00526,1,single-pass transmembrane,75.3315,75.5851
326,O00533,1,single-pass transmembrane,77.6219,77.9827
327,O00548,1,single-pass transmembrane,75.5585,75.8206
328,O00555,24,large transmembrane,57.3695,57.9754
329,O00574,7,GPCR transmembrane,82.073,82.1104
330,O00590,7,GPCR transmembrane,79.4721,80.0169
331,O00591,4,medium transmembrane,79.2696,79.5052
332,O00592,1,single-pass transmembrane,53.1494,53.9282
333,O00624,11,large transmembrane,83.9191,84.1409
334,O00631,1,single-pass transmembrane,91.9535,92.0426
335,O00767,4,medium transmembrane,89.3357,90.0126
336,O14493,4,medium transmembrane,84.6018,84.5215
337,O14494,6,medium transmembrane,87.8009,87.4182
338,O14495,6,medium transmembrane,84.2032,84.2931
339,O14511,1,single-pass transmembrane,55.3013,56.0004
340,O14514,7,GPCR transmembrane,61.9988,62.5821
341,O14520,6,medium transmembrane,84.8254,84.9231
342,O14522,1,single-pass transmembrane,83.34,83.7919
343,O14523,1,single-pass transmembrane,64.3366,65.1778
344,O14524,5,medium transmembrane,76.3428,77.1144
345,O14525,1,single-pass transmembrane,62.4964,62.9097
346,O14548,1,single-pass transmembrane,81.3968,81.7041
347,O14569,6,medium transmembrane,94.0357,93.628
348,O14581,7,GPCR transmembrane,84.9238,85.0154
349,O14609,4,medium transmembrane,60.0419,60.2154
350,O14626,7,GPCR transmembrane,88.1037,88.116
351,O14638,1,single-pass transmembrane,95.1832,95.3581
352,O14649,4,medium transmembrane,74.8181,76.0695
353,O14653,1,single-pass transmembrane,83.4876,83.7211
354,O14662,1,single-pass transmembrane,76.6791,77.0822
355,O14668,1,single-pass transmembrane,67.5334,68.5454
356,O14669,1,single-pass transmembrane,72.4589,73.0702
357,O14672,1,single-pass transmembrane,79.5054,79.6555
358,O14678,6,medium transmembrane,86.8832,87.5382
359,O14681,2,medium transmembrane,86.2836,86.6823
360,O14683,4,medium transmembrane,75.7776,76.0256
361,O14684,4,medium transmembrane,96.0591,96.251
362,O14718,7,GPCR transmembrane,85.7328,85.945
363,O14735,6,medium transmembrane,89.7516,89.843
364,O14763,1,single-pass transmembrane,70.7494,71.3812
365,O14764,4,medium transmembrane,79.5249,80.2011
366,O14786,1,single-pass transmembrane,78.5786,79.3479
367,O14788,1,single-pass transmembrane,79.511,79.795
368,O14798,1,single-pass transmembrane,71.8826,72.4591
369,O14804,7,GPCR transmembrane,85.2677,85.073
370,O14817,4,medium transmembrane,89.66,89.9088
371,O14828,5,medium transmembrane,76.575,76.9462
372,O14836,1,single-pass transmembrane,62.7315,62.944
373,O14842,7,GPCR transmembrane,89.384,89.451
374,O14843,7,GPCR transmembrane,85.7102,86.245
375,O14863,6,medium transmembrane,72.6996,73.1085
376,O14880,4,medium transmembrane,92.2566,92.8436
377,O14894,4,medium transmembrane,86.2646,86.143
378,O14917,1,single-pass transmembrane,67.9117,68.1548
379,O14925,4,medium transmembrane,59.6023,59.9156
380,O14944,1,single-pass transmembrane,69.1159,69.8565
381,O14949,1,single-pass transmembrane,94.1172,94.2725
382,O14957,1,single-pass transmembrane,89.588,89.1708
383,O14967,1,single-pass transmembrane,76.1199,76.2027
384,O14975,1,single-pass transmembrane,92.5351,92.7394
385,O14983,10,large transmembrane,88.6646,88.6152
386,O15031,1,single-pass transmembrane,82.4915,82.7065
387,O15033,1,single-pass transmembrane,83.3543,83.6844
388,O15079,1,single-pass transmembrane,59.9566,61.3617
389,O15118,13,large transmembrane,85.1207,85.3593
390,O15120,1,single-pass transmembrane,90.8931,91.4529
391,O15121,4,medium transmembrane,96.3067,96.42
392,O15126,4,medium transmembrane,79.5461,79.8762
393,O15127,4,medium transmembrane,76.7683,77.729
394,O15146,1,single-pass transmembrane,78.9274,78.976
395,O15155,1,single-pass transmembrane,83.3573,83.9744
396,O15165,1,single-pass transmembrane,58.514,58.2679
397,O15173,1,single-pass transmembrane,77.7168,80.024
398,O15197,1,single-pass transmembrane,80.0116,81.1543
399,O15218,7,GPCR transmembrane,78.5756,79.7713
400,O15229,2,medium transmembrane,89.1641,89.0049
401,O15239,1,single-pass transmembrane,97.2949,97.2678
402,O15243,4,medium transmembrane,81.1893,80.3154
403,O15244,12,large transmembrane,83.6951,83.7046
404,O15245,12,large transmembrane,84.9583,85.0754
405,O15258,4,medium transmembrane,78.6189,79.2842
406,O15260,8,large transmembrane,84.2168,84.2358
407,O15269,1,single-pass transmembrane,94.2058,94.0955
408,O15303,7,GPCR transmembrane,85.8106,86.0642
409,O15321,9,large transmembrane,84.3368,84.6513
410,O15342,2,medium transmembrane,93.0048,93.0734
411,O15354,7,GPCR transmembrane,61.4077,61.811
412,O15374,12,large transmembrane,79.5664,79.7233
413,O15375,12,large transmembrane,80.7567,80.7764
414,O15389,1,single-pass transmembrane,77.3938,77.9118
415,O15393,1,single-pass transmembrane,80.6199,81.0464
416,O15394,1,single-pass transmembrane,81.2449,81.63
417,O15399,3,medium transmembrane,63.2289,64.0021
418,O15400,1,single-pass transmembrane,78.114,78.5226
419,O15403,12,large transmembrane,76.5083,76.1803
420,O15427,12,large transmembrane,83.6543,83.5874
421,O15431,3,medium transmembrane,71.4041,71.6789
422,O15432,3,medium transmembrane,72.4079,72.4327
423,O15438,17,large transmembrane,82.0671,82.4003
424,O15439,12,large transmembrane,83.2212,83.5915
425,O15440,12,large transmembrane,78.0871,78.2763
426,O15455,1,single-pass transmembrane,91.1901,91.2194
427,O15466,1,single-pass transmembrane,91.1976,91.0931
428,O15482,3,medium transmembrane,73.969,75.0462
429,O15503,6,medium transmembrane,68.5339,68.6187
430,O15529,7,GPCR transmembrane,86.4497,86.9492
431,O15533,1,single-pass transmembrane,87.4111,88.1447
432,O15547,1,single-pass transmembrane,82.9482,83.9648
433,O15551,4,medium transmembrane,81.5601,81.4276
434,O15552,7,GPCR transmembrane,88.0765,88.4348
435,O15554,6,medium transmembrane,84.492,84.8505
436,O43155,1,single-pass transmembrane,75.1499,75.4737
437,O43157,1,single-pass transmembrane,75.1934,76.0471
438,O43169,1,single-pass transmembrane,80.5732,81.8967
439,O43173,1,single-pass transmembrane,86.7831,86.9567
440,O43174,1,single-pass transmembrane,89.9256,90.216
441,O43184,1,single-pass transmembrane,71.9196,71.6608
442,O43193,7,GPCR transmembrane,76.3498,77.2122
443,O43194,7,GPCR transmembrane,76.04,76.5003
444,O43246,14,large transmembrane,80.4342,80.5059
445,O43286,1,single-pass transmembrane,88.1128,88.1262
446,O43291,1,single-pass transmembrane,79.555,80.1223
447,O43292,8,large transmembrane,87.1221,87.3783
448,O43300,1,single-pass transmembrane,79.1108,79.4604
449,O43306,12,large transmembrane,76.1125,76.1793
450,O43315,6,medium transmembrane,91.4565,91.066
451,O43424,3,medium transmembrane,75.9547,76.1427
452,O43451,1,single-pass transmembrane,93.0989,93.5625
453,O43462,6,medium transmembrane,87.0827,87.8286
454,O43490,5,medium transmembrane,85.6923,85.8977
455,O43493,1,single-pass transmembrane,49.3808,49.8349
456,O43497,24,large transmembrane,58.0362,59.1886
457,O43505,1,single-pass transmembrane,88.5385,88.5998
458,O43506,1,single-pass transmembrane,83.5355,83.5296
459,O43508,1,single-pass transmembrane,77.4979,77.6365
460,O43511,13,large transmembrane,81.4866,81.5598
461,O43520,10,large transmembrane,79.9115,79.9571
462,O43525,6,medium transmembrane,56.3115,57.1084
463,O43526,6,medium transmembrane,58.5376,59.582
464,O43529,1,single-pass transmembrane,85.9678,86.1438
465,O43556,1,single-pass transmembrane,73.291,73.2634
466,O43557,1,single-pass transmembrane,83.93,83.8076
467,O43561,1,single-pass transmembrane,59.0469,59.4417
468,O43567,1,single-pass transmembrane,72.4788,72.7622
469,O43570,1,single-pass transmembrane,87.6549,88.3933
470,O43581,1,single-pass transmembrane,79.1709,80.3702
471,O43603,7,GPCR transmembrane,77.8435,79.4156
472,O43613,7,GPCR transmembrane,78.771,79.5912
473,O43614,7,GPCR transmembrane,77.949,78.27
474,O43657,4,medium transmembrane,88.5797,88.4437
475,O43674,1,single-pass transmembrane,82.5484,84.1196
476,O43676,1,single-pass transmembrane,86.828,86.676
477,O43677,1,single-pass transmembrane,81.6539,82.9382
478,O43688,6,medium transmembrane,86.24,85.8527
479,O43699,1,single-pass transmembrane,75.5792,75.9059
480,O43731,7,GPCR transmembrane,91.4598,91.5484
481,O43736,2,medium transmembrane,80.1538,80.3961
482,O43749,7,GPCR transmembrane,85.3644,85.501
483,O43752,1,single-pass transmembrane,81.2499,81.6036
484,O43759,4,medium transmembrane,79.5764,80.2377
485,O43760,4,medium transmembrane,81.0758,81.6683
486,O43761,4,medium transmembrane,80.0946,80.7309
487,O43772,6,medium transmembrane,88.0584,88.251
488,O43808,6,medium transmembrane,85.9561,85.8402
489,O43819,1,single-pass transmembrane,83.3391,83.7775
490,O43825,1,single-pass transmembrane,78.7154,78.9956
491,O43826,12,large transmembrane,82.7616,82.8023
492,O43861,10,large transmembrane,79.5226,79.693
493,O43868,11,large transmembrane,81.8912,81.8164
494,O43869,8,large transmembrane,80.6088,80.2627
495,O43889,2,medium transmembrane,61.1219,61.775
496,O43908,1,single-pass transmembrane,58.8892,58.5773
497,O43909,2,medium transmembrane,83.6675,84.1624
498,O43914,1,single-pass transmembrane,65.0286,64.5493
499,O43916,1,single-pass transmembrane,87.8214,88.274
500,O43934,12,large transmembrane,87.8431,87.8345
501,O60235,1,single-pass transmembrane,90.5605,90.5814
502,O60238,1,single-pass transmembrane,60.9624,61.2847
503,O60241,7,GPCR transmembrane,60.1085,60.7617
504,O60242,7,GPCR transmembrane,62.3523,62.4247
505,O60243,1,single-pass transmembrane,86.4498,87.0957
506,O60245,1,single-pass transmembrane,76.3652,76.8992
507,O60266,12,large transmembrane,76.0578,76.4234
508,O60279,1,single-pass transmembrane,55.8278,55.7073
509,O60309,2,medium transmembrane,42.8762,43.1555
510,O60312,10,large transmembrane,70.4955,71.2685
511,O60320,4,medium transmembrane,58.9598,59.0408
512,O60330,1,single-pass transmembrane,75.0707,75.4823
513,O60337,2,medium transmembrane,77.5418,78.2795
514,O60353,7,GPCR transmembrane,72.6857,73.473
515,O60359,4,medium transmembrane,67.8417,67.3158
516,O60391,3,medium transmembrane,74.7447,75.0119
517,O60397,1,single-pass transmembrane,78.8516,78.6713
518,O60403,7,GPCR transmembrane,88.1113,88.1831
519,O60404,7,GPCR transmembrane,86.0387,86.0536
520,O60412,7,GPCR transmembrane,88.5704,88.7778
521,O60423,10,large transmembrane,75.0013,75.3945
522,O60427,4,medium transmembrane,94.6963,95.1449
523,O60431,7,GPCR transmembrane,82.8743,83.0643
524,O60449,1,single-pass transmembrane,75.6088,75.7631
525,O60462,1,single-pass transmembrane,78.2557,78.4997
526,O60469,1,single-pass transmembrane,70.1174,70.5274
527,O60476,1,single-pass transmembrane,85.5813,86.0477
528,O60478,7,GPCR transmembrane,69.1191,69.6474
529,O60486,1,single-pass transmembrane,79.5358,79.9309
530,O60487,1,single-pass transmembrane,89.2901,89.4777
531,O60499,1,single-pass transmembrane,81.6629,82.2803
532,O60500,1,single-pass transmembrane,76.8192,76.7297
533,O60503,12,large transmembrane,70.3049,71.0904
534,O60512,1,single-pass transmembrane,88.2507,88.7241
535,O60513,1,single-pass transmembrane,90.2935,90.7358
536,O60602,1,single-pass transmembrane,88.9096,89.0651
537,O60603,1,single-pass transmembrane,87.9911,87.9056
538,O60635,5,medium transmembrane,88.4412,88.5479
539,O60636,4,medium transmembrane,86.6805,86.5253
540,O60637,4,medium transmembrane,87.8247,87.5059
541,O60656,1,single-pass transmembrane,92.3472,92.5251
542,O60667,1,single-pass transmembrane,65.5173,65.583
543,O60669,12,large transmembrane,84.3733,84.2903
544,O60683,6,medium transmembrane,82.66,82.9475
545,O60704,1,single-pass transmembrane,91.2204,91.4394
546,O60706,17,large transmembrane,81.8063,81.8172
547,O60721,11,large transmembrane,54.8371,55.5349
548,O60725,8,large transmembrane,93.3306,93.7484
549,O60741,6,medium transmembrane,68.8795,70.5645
550,O60755,7,GPCR transmembrane,80.4907,81.3667
551,O60756,1,single-pass transmembrane,56.7123,56.862
552,O60774,1,single-pass transmembrane,93.2367,93.1341
553,O60779,12,large transmembrane,81.1145,81.2797
554,O60830,4,medium transmembrane,82.7067,81.5056
555,O60831,4,medium transmembrane,84.0098,83.7258
556,O60840,24,large transmembrane,66.5372,67.3247
557,O60858,2,medium transmembrane,79.7755,79.5987
558,O60883,7,GPCR transmembrane,67.8616,68.0042
559,O60894,1,single-pass transmembrane,89.6829,89.914
560,O60895,1,single-pass transmembrane,80.9853,82.2946
561,O60896,1,single-pass transmembrane,87.7408,88.163
562,O60906,2,medium transmembrane,89.8355,90.2355
563,O60909,1,single-pass transmembrane,86.5682,87.7419
564,O60928,2,medium transmembrane,83.0207,83.2944
565,O60931,7,GPCR transmembrane,88.8825,88.7389
566,O60939,1,single-pass transmembrane,85.8297,86.0975
567,O75015,1,single-pass transmembrane,88.397,88.8099
568,O75019,1,single-pass transmembrane,83.7287,84.1516
569,O75022,1,single-pass transmembrane,73.7922,74.1108
570,O75023,1,single-pass transmembrane,75.7108,76.4192
571,O75027,6,medium transmembrane,78.648,78.724
572,O75051,1,single-pass transmembrane,84.1244,84.4016
573,O75054,1,single-pass transmembrane,81.4324,81.7245
574,O75056,2,medium transmembrane,52.8182,53.0158
575,O75063,1,single-pass transmembrane,93.0854,93.0484
576,O75069,4,medium transmembrane,59.6683,61.4208
577,O75071,1,single-pass transmembrane,67.4235,67.5927
578,O75072,1,single-pass transmembrane,92.2925,92.786
579,O75074,1,single-pass transmembrane,67.8226,68.7225
580,O75077,1,single-pass transmembrane,76.2786,76.565
581,O75078,1,single-pass transmembrane,78.9701,79.2731
582,O75084,7,GPCR transmembrane,82.968,84.1491
583,O75096,1,single-pass transmembrane,76.9745,77.4554
584,O75106,1,single-pass transmembrane,93.6838,94.002
585,O75110,9,large transmembrane,84.3659,84.4576
586,O75121,2,medium transmembrane,61.5171,61.7856
587,O75129,2,medium transmembrane,64.4176,65.1341
588,O75144,1,single-pass transmembrane,82.3054,82.7167
589,O75185,10,large transmembrane,82.0387,81.9512
590,O75192,6,medium transmembrane,88.1664,88.0658
591,O75197,1,single-pass transmembrane,78.1718,78.9306
592,O75204,4,medium transmembrane,77.7795,77.5276
593,O75264,2,medium transmembrane,65.9575,66.1311
594,O75298,3,medium transmembrane,51.3017,51.1261
595,O75309,1,single-pass transmembrane,82.7683,83.1589
596,O75310,1,single-pass transmembrane,93.0528,93.05
597,O75311,4,medium transmembrane,84.144,84.3621
598,O75324,1,single-pass transmembrane,65.7882,65.3857
599,O75325,1,single-pass transmembrane,83.003,83.5731
600,O75352,7,GPCR transmembrane,89.3538,89.1954
601,O75354,1,single-pass transmembrane,83.3213,83.1313
602,O75355,2,medium transmembrane,90.6676,90.6401
603,O75379,1,single-pass transmembrane,81.0403,80.978
604,O75381,1,single-pass transmembrane,67.558,68.1756
605,O75387,12,large transmembrane,79.379,79.7197
606,O75388,7,GPCR transmembrane,80.5364,80.7404
607,O75396,1,single-pass transmembrane,83.6781,83.8568
608,O75425,2,medium transmembrane,75.0155,75.6385
609,O75427,1,single-pass transmembrane,66.1499,67.0244
610,O75438,1,single-pass transmembrane,92.4086,92.3815
611,O75460,1,single-pass transmembrane,73.7048,74.4688
612,O75473,7,GPCR transmembrane,80.6157,80.7447
613,O75477,1,single-pass transmembrane,84.6353,84.9354
614,O75487,4,medium transmembrane,83.2681,83.7614
615,O75508,4,medium transmembrane,85.9959,85.8273
616,O75509,1,single-pass transmembrane,68.8029,69.4074
617,O75578,1,single-pass transmembrane,86.0142,85.8868
618,O75631,1,single-pass transmembrane,78.845,79.0126
619,O75712,4,medium transmembrane,78.2237,79.1805
620,O75751,12,large transmembrane,83.6605,83.7822
621,O75752,1,single-pass transmembrane,89.6928,89.7148
622,O75762,6,medium transmembrane,81.7042,81.5129
623,O75783,8,large transmembrane,72.1447,72.5054
624,O75787,1,single-pass transmembrane,80.3295,80.4152
625,O75795,1,single-pass transmembrane,93.3629,93.4515
626,O75829,1,single-pass transmembrane,69.6926,69.6204
627,O75841,4,medium transmembrane,85.9247,85.7589
628,O75844,7,GPCR transmembrane,89.1185,89.2822
629,O75845,5,medium transmembrane,92.654,93.0011
630,O75871,1,single-pass transmembrane,77.1059,76.8492
631,O75880,1,single-pass transmembrane,77.4539,77.6226
632,O75881,1,single-pass transmembrane,91.9169,92.3669
633,O75882,1,single-pass transmembrane,79.1257,79.5503
634,O75899,8,large transmembrane,77.4576,77.7821
635,O75907,10,large transmembrane,80.4465,81.9389
636,O75908,9,large transmembrane,81.683,82.266
637,O75911,1,single-pass transmembrane,94.3177,94.2826
638,O75915,2,medium transmembrane,89.1663,89.1805
639,O75920,1,single-pass transmembrane,62.3902,63.4473
640,O75923,1,single-pass transmembrane,78.4626,79.0172
641,O75949,3,medium transmembrane,62.9935,63.6908
642,O75954,3,medium transmembrane,89.4019,89.4738
643,O75976,1,single-pass transmembrane,82.905,83.5933
644,O76000,7,GPCR transmembrane,85.775,85.592
645,O76001,7,GPCR transmembrane,87.9817,88.2013
646,O76002,7,GPCR transmembrane,89.0191,88.9816
647,O76024,2,medium transmembrane,73.482,74.1002
648,O76036,1,single-pass transmembrane,83.9042,84.1108
649,O76062,10,large transmembrane,93.313,93.5807
650,O76082,12,large transmembrane,86.6892,86.6247
651,O76090,4,medium transmembrane,71.8414,72.4565
652,O76095,1,single-pass transmembrane,78.334,79.286
653,O76099,7,GPCR transmembrane,87.3677,87.6699
654,O76100,7,GPCR transmembrane,87.5631,87.554
655,O94759,6,medium transmembrane,78.0359,78.3223
656,O94766,1,single-pass transmembrane,92.6124,92.7157
657,O94777,2,medium transmembrane,91.8257,91.7271
658,O94778,6,medium transmembrane,91.0237,90.7768
659,O94823,10,large transmembrane,70.8656,71.4329
660,O94856,1,single-pass transmembrane,76.0139,76.9403
661,O94876,3,medium transmembrane,62.7325,64.3626
662,O94886,11,large transmembrane,74.6367,75.3016
663,O94898,1,single-pass transmembrane,74.7061,75.1156
664,O94901,2,medium transmembrane,59.9309,60.5224
665,O94910,7,GPCR transmembrane,69.6488,70.6779
666,O94911,12,large transmembrane,78.8268,78.878
667,O94923,1,single-pass transmembrane,88.5052,88.8261
668,O94933,1,single-pass transmembrane,64.0854,65.0334
669,O94956,12,large transmembrane,78.5428,78.8895
670,O94966,1,single-pass transmembrane,68.1794,69.6192
671,O94985,1,single-pass transmembrane,76.8893,77.2688
672,O94991,1,single-pass transmembrane,65.9251,66.3435
673,O95006,7,GPCR transmembrane,88.6583,88.5679
674,O95007,7,GPCR transmembrane,86.0736,85.9128
675,O95013,7,GPCR transmembrane,89.646,89.7414
676,O95025,1,single-pass transmembrane,84.0507,83.9312
677,O95047,7,GPCR transmembrane,77.9473,77.7744
678,O95069,5,medium transmembrane,76.4883,76.7713
679,O95070,5,medium transmembrane,74.0752,74.5941
680,O95136,7,GPCR transmembrane,82.8115,82.9942
681,O95139,1,single-pass transmembrane,89.4514,89.6357
682,O95140,2,medium transmembrane,81.5064,81.8254
683,O95150,1,single-pass transmembrane,81.5351,82.1139
684,O95159,1,single-pass transmembrane,74.0654,74.301
685,O95167,1,single-pass transmembrane,96.8111,96.8577
686,O95168,1,single-pass transmembrane,94.8598,94.8473
687,O95169,1,single-pass transmembrane,88.0189,88.7998
688,O95178,1,single-pass transmembrane,71.6356,73.469
689,O95180,24,large transmembrane,57.6781,58.8298
690,O95183,1,single-pass transmembrane,79.4832,80.2224
691,O95185,1,single-pass transmembrane,77.9312,78.5468
692,O95196,1,single-pass transmembrane,52.2333,52.8867
693,O95197,3,medium transmembrane,42.7152,43.2516
694,O95206,1,single-pass transmembrane,70.7906,71.3959
695,O95214,4,medium transmembrane,81.7719,80.9395
696,O95221,7,GPCR transmembrane,88.0675,87.8909
697,O95222,7,GPCR transmembrane,83.4217,83.0527
698,O95237,2,medium transmembrane,84.0489,84.4452
699,O95249,1,single-pass transmembrane,84.1497,84.5693
700,O95255,17,large transmembrane,81.0295,81.4079
701,O95256,1,single-pass transmembrane,77.7373,77.7222
702,O95259,6,medium transmembrane,73.1233,73.9464
703,O95264,4,medium transmembrane,82.0318,82.399
704,O95279,4,medium transmembrane,68.7475,69.7582
705,O95292,1,single-pass transmembrane,76.876,77.49
706,O95297,1,single-pass transmembrane,76.6655,77.5613
707,O95298,2,medium transmembrane,90.8943,90.9719
708,O95342,12,large transmembrane,83.0261,83.1353
709,O95371,7,GPCR transmembrane,82.2352,82.3896
710,O95377,4,medium transmembrane,78.2921,78.6368
711,O95395,1,single-pass transmembrane,94.0733,94.0097
712,O95406,4,medium transmembrane,86.0965,86.5281
713,O95424,1,single-pass transmembrane,69.5258,70.3046
714,O95427,17,large transmembrane,87.7366,87.9043
715,O95436,9,large transmembrane,72.6399,72.9699
716,O95452,4,medium transmembrane,82.1557,82.2752
717,O95461,1,single-pass transmembrane,85.6114,86.2986
718,O95470,1,single-pass transmembrane,91.909,91.8796
719,O95471,4,medium transmembrane,82.3945,82.2495
720,O95473,4,medium transmembrane,77.7295,78.4768
721,O95476,1,single-pass transmembrane,90.4114,90.1141
722,O95477,12,large transmembrane,73.9155,74.1458
723,O95484,4,medium transmembrane,81.4035,81.1809
724,O95490,7,GPCR transmembrane,68.6246,69.2973
725,O95498,1,single-pass transmembrane,91.7467,92.1241
726,O95500,4,medium transmembrane,81.2403,81.0835
727,O95528,12,large transmembrane,74.8634,74.9765
728,O95562,4,medium transmembrane,78.6702,78.6259
729,O95563,3,medium transmembrane,89.6483,89.6087
730,O95573,1,single-pass transmembrane,88.6288,88.6056
731,O95622,12,large transmembrane,72.8718,73.6419
732,O95665,5,medium transmembrane,78.5073,78.898
733,O95672,1,single-pass transmembrane,87.5594,88.4017
734,O95674,9,large transmembrane,81.3501,81.9563
735,O95727,1,single-pass transmembrane,72.8791,72.8752
736,O95754,1,single-pass transmembrane,82.9937,83.7149
737,O95772,4,medium transmembrane,59.0215,59.594
738,O95800,7,GPCR transmembrane,64.3294,64.4262
739,O95803,1,single-pass transmembrane,90.3048,90.5276
740,O95807,4,medium transmembrane,83.1113,83.0006
741,O95832,4,medium transmembrane,84.8525,84.7004
742,O95838,7,GPCR transmembrane,73.1583,74.1377
743,O95857,4,medium transmembrane,90.0216,90.2628
744,O95858,4,medium transmembrane,87.4155,87.943
745,O95859,4,medium transmembrane,77.8159,77.8172
746,O95864,4,medium transmembrane,94.8422,95.2438
747,O95866,1,single-pass transmembrane,72.7541,72.5656
748,O95867,1,single-pass transmembrane,85.0027,85.1027
749,O95870,2,medium transmembrane,89.6097,89.8808
750,O95873,2,medium transmembrane,58.2759,58.5026
751,O95907,12,large transmembrane,77.7056,77.9617
752,O95918,7,GPCR transmembrane,88.9164,88.9193
753,O95944,1,single-pass transmembrane,74.32,74.9726
754,O95976,1,single-pass transmembrane,79.4526,78.8873
755,O95977,7,GPCR transmembrane,79.2939,79.3957
756,O95992,5,medium transmembrane,91.4012,92.0387
757,O96002,1,single-pass transmembrane,79.6819,79.7361
758,O96005,7,GPCR transmembrane,69.1031,70.5843
759,O96011,6,medium transmembrane,88.0693,89.4567
760,P00156,8,large transmembrane,97.7347,97.7664
761,P00167,1,single-pass transmembrane,80.9995,81.3601
762,P00387,1,single-pass transmembrane,94.1269,94.198
763,P00395,12,large transmembrane,96.1619,96.1362
764,P00403,2,medium transmembrane,94.6578,94.7487
765,P00414,7,GPCR transmembrane,98.0678,98.0953
766,P00533,1,single-pass transmembrane,76.1778,76.5209
767,P00742,1,single-pass transmembrane,79.6459,79.8479
768,P00846,4,medium transmembrane,88.8592,88.8491
769,P01130,1,single-pass transmembrane,75.2264,75.5918
770,P01133,1,single-pass transmembrane,68.7557,69.1731
771,P01135,1,single-pass transmembrane,66.8896,66.8868
772,P01375,1,single-pass transmembrane,84.8357,85.0077
773,P01589,1,single-pass transmembrane,72.3539,72.5083
774,P01730,1,single-pass transmembrane,85.4779,85.5718
775,P01732,1,single-pass transmembrane,78.4359,79.2366
776,P01833,1,single-pass transmembrane,76.6779,77.2179
777,P01848,1,single-pass transmembrane,91.9297,92.0494
778,P01850,1,single-pass transmembrane,94.0838,94.0238
779,P01889,1,single-pass transmembrane,88.266,89.4201
780,P01893,1,single-pass transmembrane,87.9382,88.9199
781,P01903,1,single-pass transmembrane,89.1139,89.5859
782,P01906,1,single-pass transmembrane,88.8314,89.4776
783,P01909,1,single-pass transmembrane,88.052,88.7142
784,P01911,1,single-pass transmembrane,88.1795,89.125
785,P01920,1,single-pass transmembrane,86.543,87.1121
786,P02708,4,medium transmembrane,81.3297,81.636
787,P02724,1,single-pass transmembrane,59.2034,59.3221
788,P02730,12,large transmembrane,81.4164,81.7639
789,P02786,1,single-pass transmembrane,86.6959,86.8098
790,P03886,8,large transmembrane,91.6779,91.7783
791,P03891,11,large transmembrane,95.1282,95.1294
792,P03897,3,medium transmembrane,91.311,91.1555
793,P03901,3,medium transmembrane,88.9878,88.5664
794,P03905,14,large transmembrane,94.3161,94.3396
795,P03915,16,large transmembrane,92.9177,92.9156
796,P03923,5,medium transmembrane,83.8729,83.6646
797,P03928,1,single-pass transmembrane,73.5459,73.3084
798,P03986,1,single-pass transmembrane,81.7733,82.0014
799,P03999,7,GPCR transmembrane,85.7679,85.944
800,P04000,7,GPCR transmembrane,82.3234,82.5084
801,P04001,7,GPCR transmembrane,83.0043,83.164
802,P04035,8,large transmembrane,76.574,76.1354
803,P04156,1,single-pass transmembrane,64.2581,66.2646
804,P04201,7,GPCR transmembrane,82.8569,83.0802
805,P04216,1,single-pass transmembrane,82.5316,83.0567
806,P04233,1,single-pass transmembrane,70.113,70.6714
807,P04234,1,single-pass transmembrane,77.5568,77.4809
808,P04439,1,single-pass transmembrane,87.2785,88.2743
809,P04440,1,single-pass transmembrane,86.338,87.1376
810,P04626,1,single-pass transmembrane,74.2593,74.9092
811,P04629,3,medium transmembrane,78.2477,78.9531
812,P04798,1,single-pass transmembrane,95.4976,95.5376
813,P04839,6,medium transmembrane,90.3639,90.3958
814,P04843,1,single-pass transmembrane,90.1749,90.7298
815,P04844,3,medium transmembrane,89.2577,89.5048
816,P04920,13,large transmembrane,65.9056,66.6995
817,P04921,1,single-pass transmembrane,65.6377,65.7207
818,P05023,10,large transmembrane,88.4928,88.6992
819,P05026,1,single-pass transmembrane,89.3122,89.4138
820,P05067,1,single-pass transmembrane,67.4464,68.1573
821,P05106,1,single-pass transmembrane,87.3102,87.496
822,P05107,1,single-pass transmembrane,85.8154,86.0002
823,P05141,6,medium transmembrane,91.3766,91.433
824,P05177,1,single-pass transmembrane,95.5722,95.6767
825,P05181,1,single-pass transmembrane,96.3469,96.4323
826,P05362,1,single-pass transmembrane,88.3582,88.5749
827,P05496,2,medium transmembrane,73.6456,72.6958
828,P05538,1,single-pass transmembrane,86.5549,87.046
829,P05556,1,single-pass transmembrane,85.8767,86.0256
830,P05981,1,single-pass transmembrane,91.0718,91.3909
831,P06028,1,single-pass transmembrane,66.1066,66.5197
832,P06126,1,single-pass transmembrane,88.7187,89.2181
833,P06127,1,single-pass transmembrane,73.273,73.2704
834,P06133,1,single-pass transmembrane,94.3673,94.3889
835,P06213,1,single-pass transmembrane,77.7998,78.4875
836,P06340,1,single-pass transmembrane,89.8065,90.253
837,P06729,1,single-pass transmembrane,77.747,78.2976
838,P06734,1,single-pass transmembrane,85.9982,86.3189
839,P06756,1,single-pass transmembrane,88.2875,88.1903
840,P07202,1,single-pass transmembrane,83.8459,84.3963
841,P07204,1,single-pass transmembrane,78.8991,79.5691
842,P07306,1,single-pass transmembrane,86.6377,86.7657
843,P07307,1,single-pass transmembrane,78.354,79.096
844,P07333,1,single-pass transmembrane,78.1005,78.3709
845,P07359,1,single-pass transmembrane,63.9416,64.2676
846,P07510,4,medium transmembrane,81.1926,81.8491
847,P07550,7,GPCR transmembrane,79.0431,79.6612
848,P07766,1,single-pass transmembrane,73.0267,73.5128
849,P07949,1,single-pass transmembrane,78.9535,79.4421
850,P08034,4,medium transmembrane,79.5846,80.0505
851,P08069,1,single-pass transmembrane,77.9828,78.5028
852,P08100,7,GPCR transmembrane,88.6941,89.0928
853,P08138,1,single-pass transmembrane,76.0425,76.633
854,P08172,7,GPCR transmembrane,72.2043,73.0272
855,P08173,7,GPCR transmembrane,75.6055,76.2273
856,P08183,12,large transmembrane,84.6506,84.7753
857,P08195,1,single-pass transmembrane,78.8537,80.1768
858,P08247,4,medium transmembrane,77.1706,78.3437
859,P08473,1,single-pass transmembrane,96.1806,96.2247
860,P08514,1,single-pass transmembrane,88.2773,88.1211
861,P08574,1,single-pass transmembrane,84.9077,86.3844
862,P08575,1,single-pass transmembrane,75.6719,76.8457
863,P08581,1,single-pass transmembrane,79.5363,79.5876
864,P08588,7,GPCR transmembrane,74.6394,76.3741
865,P08637,1,single-pass transmembrane,85.6687,85.6387
866,P08648,1,single-pass transmembrane,85.104,85.1665
867,P08684,1,single-pass transmembrane,92.6575,92.8717
868,P08842,2,medium transmembrane,94.4091,94.2871
869,P08887,1,single-pass transmembrane,77.9275,78.6859
870,P08908,7,GPCR transmembrane,77.5834,78.4393
871,P08910,1,single-pass transmembrane,91.1812,91.2603
872,P08912,7,GPCR transmembrane,68.3918,68.9038
873,P08913,7,GPCR transmembrane,70.3232,72.1061
874,P08922,1,single-pass transmembrane,72.4312,73.0485
875,P08962,4,medium transmembrane,90.7152,90.8955
876,P09131,9,large transmembrane,76.7493,77.4155
877,P09172,1,single-pass transmembrane,90.0102,90.5414
878,P09326,1,single-pass transmembrane,83.3616,83.7272
879,P09564,1,single-pass transmembrane,77.1388,77.6231
880,P09603,1,single-pass transmembrane,57.226,58.3878
881,P09619,1,single-pass transmembrane,72.9807,73.5115
882,P09669,1,single-pass transmembrane,94.7289,94.8666
883,P09693,1,single-pass transmembrane,74.9717,74.7192
884,P09758,1,single-pass transmembrane,81.7916,82.2203
885,P09848,1,single-pass transmembrane,86.5083,86.911
886,P09912,2,medium transmembrane,53.6405,54.3237
887,P09958,1,single-pass transmembrane,85.0719,85.0695
888,P0C2L3,1,single-pass transmembrane,58.0195,57.6015
889,P0C2S0,1,single-pass transmembrane,70.1607,70.3411
890,P0C604,7,GPCR transmembrane,82.4216,82.3699
891,P0C617,7,GPCR transmembrane,78.7444,78.7791
892,P0C623,7,GPCR transmembrane,86.6554,86.5553
893,P0C626,7,GPCR transmembrane,88.4669,88.4155
894,P0C628,7,GPCR transmembrane,90.6656,90.7442
895,P0C629,7,GPCR transmembrane,82.691,82.4992
896,P0C645,7,GPCR transmembrane,87.3133,87.2416
897,P0C646,7,GPCR transmembrane,85.6854,85.8117
898,P0C672,4,medium transmembrane,90.3369,90.1013
899,P0C6S8,1,single-pass transmembrane,85.9787,86.2629
900,P0C6T2,1,single-pass transmembrane,90.25,89.6206
901,P0C7M6,1,single-pass transmembrane,83.856,84.6886
902,P0C7M8,1,single-pass transmembrane,82.9731,83.7815
903,P0C7N1,7,GPCR transmembrane,89.465,89.3642
904,P0C7N4,2,medium transmembrane,73.5388,74.544
905,P0C7N5,7,GPCR transmembrane,90.0292,90.0247
906,P0C7N8,7,GPCR transmembrane,88.9931,88.7296
907,P0C7Q5,10,large transmembrane,84.4365,83.8283
908,P0C7Q6,10,large transmembrane,83.1066,82.7683
909,P0C7T2,7,GPCR transmembrane,82.8794,82.901
910,P0C7T3,7,GPCR transmembrane,87.5984,87.8174
911,P0C7T8,4,medium transmembrane,71.5117,71.7568
912,P0C7U0,1,single-pass transmembrane,61.4915,62.3121
913,P0C7U3,4,medium transmembrane,78.5236,79.6618
914,P0C7U9,3,medium transmembrane,33.0871,33.5374
915,P0C7V7,2,medium transmembrane,89.6321,89.5882
916,P0C851,2,medium transmembrane,63.9321,63.2597
917,P0C874,2,medium transmembrane,45.4895,46.1338
918,P0CF51,1,single-pass transmembrane,86.5431,87.0072
919,P0CG08,9,large transmembrane,82.8255,83.1018
920,P0CG41,2,medium transmembrane,68.853,69.7001
921,P0CK96,10,large transmembrane,74.4401,74.3084
922,P0CK97,4,medium transmembrane,52.8759,52.8236
923,P0DI80,1,single-pass transmembrane,80.3273,80.2596
924,P0DJ07,1,single-pass transmembrane,87.1696,87.1996
925,P0DJ93,1,single-pass transmembrane,68.7132,69.3258
926,P0DKB5,1,single-pass transmembrane,80.9976,82.0797
927,P0DKB6,3,medium transmembrane,58.1957,59.1849
928,P0DKV0,5,medium transmembrane,39.8201,40.1033
929,P0DKX4,1,single-pass transmembrane,71.0003,70.7371
930,P0DL12,1,single-pass transmembrane,60.6725,60.6409
931,P0DMQ5,1,single-pass transmembrane,58.5053,59.3481
932,P0DMS8,7,GPCR transmembrane,91.155,91.3362
933,P0DMS9,2,medium transmembrane,70.3315,70.6399
934,P0DMT0,1,single-pass transmembrane,81.5354,81.9249
935,P0DMU2,7,GPCR transmembrane,89.5675,89.679
936,P0DMW4,3,medium transmembrane,66.1304,66.2254
937,P0DMW5,3,medium transmembrane,66.1304,66.2254
938,P0DN25,1,single-pass transmembrane,83.3526,83.4528
939,P0DN77,7,GPCR transmembrane,82.228,82.4306
940,P0DN78,7,GPCR transmembrane,83.0043,83.164
941,P0DN80,7,GPCR transmembrane,88.0668,88.1063
942,P0DN81,7,GPCR transmembrane,85.2267,85.2043
943,P0DN82,7,GPCR transmembrane,84.549,84.6413
944,P0DN84,1,single-pass transmembrane,84.6686,85.4103
945,P0DP42,4,medium transmembrane,76.8573,76.9344
946,P0DP58,1,single-pass transmembrane,81.9087,82.4625
947,P0DP72,1,single-pass transmembrane,81.7443,82.2506
948,P0DPA2,1,single-pass transmembrane,69.5842,70.474
949,P0DPD6,1,single-pass transmembrane,86.9623,87.5784
950,P0DPD8,1,single-pass transmembrane,91.8404,92.0748
951,P0DPE3,1,single-pass transmembrane,65.2076,65.7157
952,P0DPE8,2,medium transmembrane,62.009,62.8735
953,P0DQD5,7,GPCR transmembrane,80.2029,80.3514
954,P0DSN6,7,GPCR transmembrane,85.8449,85.7364
955,P0DTE0,7,GPCR transmembrane,86.0784,86.0997
956,P0DTE4,1,single-pass transmembrane,94.4784,94.4927
957,P0DTE5,1,single-pass transmembrane,92.8366,92.7525
958,P0DTF9,1,single-pass transmembrane,62.8132,62.521
959,P0DTU3,1,single-pass transmembrane,90.972,91.2206
960,P0DTU4,1,single-pass transmembrane,89.1046,89.3245
961,P10176,2,medium transmembrane,85.3132,85.066
962,P10321,1,single-pass transmembrane,86.6395,87.8202
963,P10415,1,single-pass transmembrane,73.6015,75.5341
964,P10586,1,single-pass transmembrane,82.4559,82.8602
965,P10620,4,medium transmembrane,79.1008,79.0266
966,P10632,1,single-pass transmembrane,92.4036,92.4061
967,P10635,1,single-pass transmembrane,94.4414,94.5688
968,P10721,1,single-pass transmembrane,78.4918,78.8361
969,P10747,1,single-pass transmembrane,81.5776,81.4066
970,P10912,1,single-pass transmembrane,58.9854,59.9434
971,P10966,1,single-pass transmembrane,82.4539,82.3967
972,P11049,4,medium transmembrane,83.2257,83.4554
973,P11117,1,single-pass transmembrane,91.3653,91.8417
974,P11166,12,large transmembrane,89.5843,89.6153
975,P11168,12,large transmembrane,86.6921,86.6622
976,P11169,12,large transmembrane,90.4419,90.5116
977,P11215,1,single-pass transmembrane,86.4973,86.5625
978,P11229,7,GPCR transmembrane,74.5411,75.3787
979,P11230,4,medium transmembrane,79.1693,79.7133
980,P11279,1,single-pass transmembrane,86.3431,86.8066
981,P11362,1,single-pass transmembrane,75.5594,76.0438
982,P11511,1,single-pass transmembrane,91.3201,91.4633
983,P11686,1,single-pass transmembrane,69.6639,70.3174
984,P11717,1,single-pass transmembrane,72.8855,73.2365
985,P11836,4,medium transmembrane,70.7933,70.5959
986,P11912,1,single-pass transmembrane,77.7083,78.1785
987,P12074,1,single-pass transmembrane,82.8334,83.9465
988,P12235,6,medium transmembrane,92.3141,92.32
989,P12236,6,medium transmembrane,91.7362,91.79
990,P12314,1,single-pass transmembrane,85.0067,84.9619
991,P12318,1,single-pass transmembrane,77.6788,77.8591
992,P12319,1,single-pass transmembrane,84.969,85.2369
993,P12821,5,medium transmembrane,91.2144,91.6336
994,P12830,1,single-pass transmembrane,79.9195,79.8906
995,P13073,1,single-pass transmembrane,87.9856,88.6756
996,P13164,3,medium transmembrane,63.9476,64.0855
997,P13224,1,single-pass transmembrane,88.0215,88.4834
998,P13473,1,single-pass transmembrane,83.6308,83.9896
999,P13498,4,medium transmembrane,76.5763,77.0299
1000,P13569,12,large transmembrane,75.5392,75.8833
1001,P13584,1,single-pass transmembrane,94.038,94.308
1002,P13591,1,single-pass transmembrane,79.4715,79.8869
1003,P13598,1,single-pass transmembrane,87.0717,87.2318
1004,P13612,1,single-pass transmembrane,84.8422,84.5635
1005,P13637,10,large transmembrane,88.8714,88.9791
1006,P13688,1,single-pass transmembrane,81.5198,81.5028
1007,P13726,1,single-pass transmembrane,84.7194,85.2956
1008,P13747,1,single-pass transmembrane,87.0029,87.9045
1009,P13762,1,single-pass transmembrane,87.0333,88.0711
1010,P13765,1,single-pass transmembrane,87.2725,87.5683
1011,P13866,14,large transmembrane,83.9896,84.1098
1012,P13945,7,GPCR transmembrane,78.7206,79.215
1013,P14060,1,single-pass transmembrane,94.1561,94.0137
1014,P14151,1,single-pass transmembrane,85.8195,85.3252
1015,P14207,1,single-pass transmembrane,88.8806,89.2715
1016,P14209,1,single-pass transmembrane,60.7203,60.3554
1017,P14406,1,single-pass transmembrane,88.4605,88.0666
1018,P14410,1,single-pass transmembrane,93.8066,94.0755
1019,P14415,1,single-pass transmembrane,90.1124,90.2696
1020,P14416,7,GPCR transmembrane,72.3882,72.4142
1021,P14616,1,single-pass transmembrane,77.8899,78.4034
1022,P14672,12,large transmembrane,88.5761,88.4621
1023,P14679,1,single-pass transmembrane,90.0341,89.8891
1024,P14770,1,single-pass transmembrane,85.0462,84.7963
1025,P14778,1,single-pass transmembrane,83.8158,84.2108
1026,P14784,1,single-pass transmembrane,64.706,65.817
1027,P14867,4,medium transmembrane,82.0888,82.5694
1028,P15144,1,single-pass transmembrane,93.265,93.7513
1029,P15151,1,single-pass transmembrane,84.9187,85.1458
1030,P15260,1,single-pass transmembrane,65.9479,66.6291
1031,P15291,1,single-pass transmembrane,83.7708,85.2458
1032,P15328,1,single-pass transmembrane,90.9099,91.1137
1033,P15382,3,medium transmembrane,70.6726,71.1368
1034,P15391,1,single-pass transmembrane,62.5448,63.2816
1035,P15421,1,single-pass transmembrane,69.9078,70.8869
1036,P15509,1,single-pass transmembrane,81.9208,82.0785
1037,P15514,1,single-pass transmembrane,67.5085,67.7626
1038,P15812,1,single-pass transmembrane,80.1763,80.1762
1039,P15813,1,single-pass transmembrane,89.8641,90.1584
1040,P15941,1,single-pass transmembrane,47.2966,47.8088
1041,P15954,1,single-pass transmembrane,91.1448,91.0805
1042,P16066,1,single-pass transmembrane,84.419,84.6299
1043,P16070,1,single-pass transmembrane,53.21,53.2617
1044,P16144,1,single-pass transmembrane,69.3033,69.9773
1045,P16150,1,single-pass transmembrane,52.7255,53.319
1046,P16234,1,single-pass transmembrane,73.2532,73.4248
1047,P16284,1,single-pass transmembrane,80.4646,80.5966
1048,P16389,6,medium transmembrane,77.0573,77.7026
1049,P16410,1,single-pass transmembrane,80.393,79.9039
1050,P16422,1,single-pass transmembrane,86.9914,87.5065
1051,P16435,1,single-pass transmembrane,90.9375,91.1661
1052,P16442,1,single-pass transmembrane,88.8203,89.2821
1053,P16471,1,single-pass transmembrane,61.1022,61.7794
1054,P16473,7,GPCR transmembrane,74.1622,73.8345
1055,P16615,11,large transmembrane,85.8896,85.9092
1056,P16662,1,single-pass transmembrane,93.2783,93.3302
1057,P16671,2,medium transmembrane,93.9619,94.1378
1058,P16871,1,single-pass transmembrane,67.6025,68.6669
1059,P17181,1,single-pass transmembrane,78.1279,78.8083
1060,P17301,1,single-pass transmembrane,85.8922,86.0407
1061,P17302,5,medium transmembrane,70.0104,70.9983
1062,P17342,1,single-pass transmembrane,84.2133,85.1325
1063,P17643,1,single-pass transmembrane,91.363,91.3426
1064,P17658,6,medium transmembrane,73.6985,74.9834
1065,P17693,1,single-pass transmembrane,90.5414,90.9896
1066,P17706,1,single-pass transmembrane,85.788,86.0925
1067,P17787,4,medium transmembrane,79.9076,80.7816
1068,P17813,1,single-pass transmembrane,79.8149,80.5988
1069,P17948,1,single-pass transmembrane,72.6545,72.9258
1070,P18031,1,single-pass transmembrane,81.5625,82.0306
1071,P18084,1,single-pass transmembrane,82.4603,82.7092
1072,P18089,7,GPCR transmembrane,71.5291,72.7838
1073,P18405,7,GPCR transmembrane,91.6349,91.8702
1074,P18433,1,single-pass transmembrane,81.5763,82.5647
1075,P18505,4,medium transmembrane,77.8802,78.4214
1076,P18507,4,medium transmembrane,78.1687,78.5081
1077,P18564,1,single-pass transmembrane,83.4365,83.5191
1078,P18577,12,large transmembrane,83.7489,83.4498
1079,P18627,1,single-pass transmembrane,77.8965,78.2535
1080,P18825,8,large transmembrane,72.8016,74.6529
1081,P18827,1,single-pass transmembrane,55.771,55.993
1082,P18850,1,single-pass transmembrane,55.517,56.3833
1083,P19021,1,single-pass transmembrane,71.5212,71.4018
1084,P19022,1,single-pass transmembrane,78.9557,79.1765
1085,P19075,4,medium transmembrane,88.1183,88.3677
1086,P19224,1,single-pass transmembrane,91.8126,91.8409
1087,P19235,1,single-pass transmembrane,67.3998,68.2276
1088,P19256,1,single-pass transmembrane,83.0754,83.662
1089,P19320,1,single-pass transmembrane,84.5345,84.473
1090,P19397,4,medium transmembrane,93.3437,93.4206
1091,P19438,1,single-pass transmembrane,70.9218,71.6829
1092,P19440,1,single-pass transmembrane,94.9057,94.9407
1093,P19526,1,single-pass transmembrane,87.9977,88.46
1094,P19634,14,large transmembrane,67.1098,67.4401
1095,P20020,10,large transmembrane,74.2554,74.4322
1096,P20023,1,single-pass transmembrane,75.0285,75.2857
1097,P20036,1,single-pass transmembrane,90.3897,90.6431
1098,P20138,1,single-pass transmembrane,77.9347,78.8205
1099,P20273,1,single-pass transmembrane,79.3589,79.3165
1100,P20292,4,medium transmembrane,89.716,89.6077
1101,P20309,7,GPCR transmembrane,66.7827,67.3925
1102,P20333,1,single-pass transmembrane,67.1001,67.5287
1103,P20594,1,single-pass transmembrane,83.4973,83.9369
1104,P20645,2,medium transmembrane,85.3763,85.0849
1105,P20648,10,large transmembrane,88.5145,88.7902
1106,P20701,1,single-pass transmembrane,82.6888,82.8434
1107,P20702,1,single-pass transmembrane,88.132,88.158
1108,P20815,1,single-pass transmembrane,93.3556,93.4648
1109,P20827,1,single-pass transmembrane,78.9925,79.85
1110,P20916,1,single-pass transmembrane,81.4696,81.2444
1111,P20963,1,single-pass transmembrane,61.5716,61.38
1112,P21145,4,medium transmembrane,89.4423,90.2655
1113,P21397,1,single-pass transmembrane,96.8993,96.9742
1114,P21439,12,large transmembrane,83.3643,83.4898
1115,P21452,7,GPCR transmembrane,78.7884,79.6318
1116,P21453,7,GPCR transmembrane,81.1782,81.6678
1117,P21462,7,GPCR transmembrane,84.2286,84.5488
1118,P21554,6,medium transmembrane,71.2792,71.6598
1119,P21579,1,single-pass transmembrane,80.4577,81.1354
1120,P21583,1,single-pass transmembrane,71.8107,72.4297
1121,P21709,1,single-pass transmembrane,80.2821,80.6424
1122,P21728,7,GPCR transmembrane,71.985,72.6971
1123,P21730,7,GPCR transmembrane,85.9262,85.7677
1124,P21731,7,GPCR transmembrane,86.5499,86.3923
1125,P21754,1,single-pass transmembrane,77.5131,77.097
1126,P21757,2,medium transmembrane,71.5057,71.9868
1127,P21802,1,single-pass transmembrane,73.6529,74.058
1128,P21854,1,single-pass transmembrane,75.5423,76.2812
1129,P21860,1,single-pass transmembrane,72.3922,72.8254
1130,P21917,7,GPCR transmembrane,77.0248,77.9348
1131,P21918,7,GPCR transmembrane,68.9921,69.3471
1132,P21926,4,medium transmembrane,88.3138,88.1191
1133,P21964,1,single-pass transmembrane,93.8918,93.9936
1134,P22001,6,medium transmembrane,71.7139,73.068
1135,P22083,1,single-pass transmembrane,73.0021,74.1803
1136,P22223,1,single-pass transmembrane,76.6739,76.6222
1137,P22309,1,single-pass transmembrane,91.158,91.3476
1138,P22310,1,single-pass transmembrane,90.6793,90.659
1139,P22413,1,single-pass transmembrane,90.8368,91.5185
1140,P22455,1,single-pass transmembrane,73.9467,74.6105
1141,P22459,6,medium transmembrane,69.322,70.1943
1142,P22460,6,medium transmembrane,71.0996,72.6186
1143,P22607,1,single-pass transmembrane,74.374,75.3696
1144,P22680,1,single-pass transmembrane,94.7885,94.9948
1145,P22732,12,large transmembrane,90.4849,90.2771
1146,P22760,1,single-pass transmembrane,95.6289,95.6668
1147,P22794,1,single-pass transmembrane,56.8768,56.9894
1148,P22888,7,GPCR transmembrane,79.8243,79.6696
1149,P22897,1,single-pass transmembrane,80.8893,81.4167
1150,P23229,1,single-pass transmembrane,80.5675,80.2186
1151,P23276,1,single-pass transmembrane,87.5689,87.6464
1152,P23415,4,medium transmembrane,84.1492,84.6303
1153,P23416,4,medium transmembrane,84.1703,84.4416
1154,P23467,1,single-pass transmembrane,79.5335,79.9269
1155,P23468,1,single-pass transmembrane,83.5095,83.7732
1156,P23469,1,single-pass transmembrane,85.8557,86.4221
1157,P23470,1,single-pass transmembrane,71.8823,73.0048
1158,P23471,1,single-pass transmembrane,53.6767,54.7801
1159,P23510,1,single-pass transmembrane,84.5606,84.4243
1160,P23634,11,large transmembrane,72.933,72.9767
1161,P23763,1,single-pass transmembrane,73.5575,74.4417
1162,P23942,4,medium transmembrane,87.194,87.8481
1163,P23945,7,GPCR transmembrane,81.3652,81.4624
1164,P23975,13,large transmembrane,87.2099,87.5183
1165,P24046,4,medium transmembrane,74.2674,74.5246
1166,P24071,1,single-pass transmembrane,83.4713,83.5235
1167,P24310,1,single-pass transmembrane,88.2485,88.2973
1168,P24390,7,GPCR transmembrane,92.1763,92.3512
1169,P24394,1,single-pass transmembrane,54.0189,54.9984
1170,P24462,1,single-pass transmembrane,92.2692,92.427
1171,P24530,7,GPCR transmembrane,75.1989,75.5197
1172,P24557,1,single-pass transmembrane,91.3544,91.5264
1173,P25021,7,GPCR transmembrane,82.595,82.7269
1174,P25024,7,GPCR transmembrane,78.4745,78.4803
1175,P25025,7,GPCR transmembrane,78.5542,78.6211
1176,P25063,1,single-pass transmembrane,63.2521,63.8901
1177,P25089,7,GPCR transmembrane,83.6099,83.8509
1178,P25090,7,GPCR transmembrane,85.4577,85.5122
1179,P25092,1,single-pass transmembrane,79.6121,79.6571
1180,P25100,7,GPCR transmembrane,64.4117,65.4771
1181,P25101,8,large transmembrane,75.1135,75.1757
1182,P25103,7,GPCR transmembrane,77.591,78.2478
1183,P25105,7,GPCR transmembrane,86.3732,86.478
1184,P25106,7,GPCR transmembrane,82.415,82.3924
1185,P25116,7,GPCR transmembrane,73.8184,73.6981
1186,P25189,1,single-pass transmembrane,81.902,82.5387
1187,P25445,1,single-pass transmembrane,78.1086,78.4415
1188,P25929,7,GPCR transmembrane,79.8222,79.6758
1189,P25942,1,single-pass transmembrane,81.4144,81.3475
1190,P26006,1,single-pass transmembrane,83.9666,84.1693
1191,P26010,1,single-pass transmembrane,82.6688,82.8439
1192,P26012,1,single-pass transmembrane,76.5823,76.4671
1193,P26439,1,single-pass transmembrane,94.5923,94.4809
1194,P26572,1,single-pass transmembrane,88.5687,89.3003
1195,P26678,1,single-pass transmembrane,81.5229,81.4586
1196,P26715,1,single-pass transmembrane,77.118,76.9991
1197,P26717,1,single-pass transmembrane,74.0314,74.1052
1198,P26718,1,single-pass transmembrane,79.0332,78.2974
1199,P26842,1,single-pass transmembrane,71.6199,71.6941
1200,P26951,1,single-pass transmembrane,85.1047,85.2698
1201,P27037,1,single-pass transmembrane,83.3916,84.0609
1202,P27105,1,single-pass transmembrane,84.6786,84.7218
1203,P27338,1,single-pass transmembrane,95.6281,95.7028
1204,P27449,4,medium transmembrane,88.9127,88.545
1205,P27469,1,single-pass transmembrane,77.6648,77.3665
1206,P27487,1,single-pass transmembrane,96.2065,96.4063
1207,P27544,7,GPCR transmembrane,88.8909,89.4544
1208,P27701,4,medium transmembrane,87.1909,87.2413
1209,P27824,1,single-pass transmembrane,76.9946,77.3211
1210,P27930,1,single-pass transmembrane,83.878,84.1017
1211,P28067,1,single-pass transmembrane,88.3171,88.4926
1212,P28068,1,single-pass transmembrane,88.7242,89.046
1213,P28221,7,GPCR transmembrane,78.5953,79.0032
1214,P28222,7,GPCR transmembrane,79.2239,79.8941
1215,P28223,7,GPCR transmembrane,73.6146,73.9101
1216,P28288,7,GPCR transmembrane,83.7862,84.2616
1217,P28328,2,medium transmembrane,80.337,81.0824
1218,P28335,8,large transmembrane,73.3768,73.5313
1219,P28336,7,GPCR transmembrane,79.2698,79.8051
1220,P28472,4,medium transmembrane,79.9551,80.5361
1221,P28476,4,medium transmembrane,76.3082,76.7832
1222,P28566,7,GPCR transmembrane,78.7381,78.7344
1223,P28827,1,single-pass transmembrane,83.9264,84.3711
1224,P28845,1,single-pass transmembrane,94.589,94.2179
1225,P28906,1,single-pass transmembrane,60.4258,61.027
1226,P28907,1,single-pass transmembrane,90.8681,91.0715
1227,P28908,1,single-pass transmembrane,60.6288,61.2921
1228,P29016,1,single-pass transmembrane,90.6055,90.786
1229,P29017,1,single-pass transmembrane,88.2923,88.6591
1230,P29033,4,medium transmembrane,86.3371,86.5174
1231,P29274,7,GPCR transmembrane,80.3737,81.2877
1232,P29275,7,GPCR transmembrane,88.048,88.4967
1233,P29320,1,single-pass transmembrane,80.8432,81.2924
1234,P29322,1,single-pass transmembrane,80.0347,80.3857
1235,P29371,7,GPCR transmembrane,72.8191,74.1392
1236,P29376,2,medium transmembrane,73.7773,73.4398
1237,P29965,1,single-pass transmembrane,82.6418,82.3261
1238,P29972,6,medium transmembrane,90.8139,90.3016
1239,P29973,6,medium transmembrane,75.808,76.4432
1240,P30203,1,single-pass transmembrane,66.7613,66.6979
1241,P30273,2,medium transmembrane,72.1998,72.3377
1242,P30301,7,GPCR transmembrane,91.1603,91.2628
1243,P30408,4,medium transmembrane,81.3298,81.2796
1244,P30411,7,GPCR transmembrane,79.6468,79.8583
1245,P30511,1,single-pass transmembrane,89.7712,90.3771
1246,P30518,7,GPCR transmembrane,76.8029,77.6333
1247,P30519,2,medium transmembrane,80.1759,81.2351
1248,P30530,1,single-pass transmembrane,74.6886,75.1776
1249,P30531,12,large transmembrane,87.8765,88.4786
1250,P30532,4,medium transmembrane,81.1996,82.0442
1251,P30536,5,medium transmembrane,64.5067,64.5616
1252,P30542,7,GPCR transmembrane,92.3798,92.5218
1253,P30550,7,GPCR transmembrane,78.6545,78.9161
1254,P30556,7,GPCR transmembrane,81.7982,82.0448
1255,P30559,7,GPCR transmembrane,78.5601,79.7195
1256,P30825,13,large transmembrane,81.7691,81.6264
1257,P30872,7,GPCR transmembrane,78.2608,79.2005
1258,P30874,7,GPCR transmembrane,81.152,81.5639
1259,P30926,4,medium transmembrane,81.4261,82.1939
1260,P30939,7,GPCR transmembrane,83.0497,83.0205
1261,P30953,7,GPCR transmembrane,88.8938,89.1097
1262,P30954,7,GPCR transmembrane,85.3666,85.0907
1263,P30968,7,GPCR transmembrane,84.3334,84.7483
1264,P30988,7,GPCR transmembrane,77.4648,77.9923
1265,P30989,7,GPCR transmembrane,79.2463,79.9279
1266,P31213,7,GPCR transmembrane,92.771,92.9044
1267,P31358,1,single-pass transmembrane,67.671,68.5815
1268,P31391,7,GPCR transmembrane,77.3647,78.4429
1269,P31431,1,single-pass transmembrane,62.8977,63.1446
1270,P31512,1,single-pass transmembrane,91.019,91.0381
1271,P31513,1,single-pass transmembrane,95.5843,95.448
1272,P31639,14,large transmembrane,83.4883,84.0102
1273,P31641,12,large transmembrane,87.2715,87.4607
1274,P31644,4,medium transmembrane,81.5766,82.2698
1275,P31645,12,large transmembrane,84.7441,85.432
1276,P31785,1,single-pass transmembrane,75.5617,76.8158
1277,P31994,1,single-pass transmembrane,78.6692,79.0306
1278,P31995,1,single-pass transmembrane,77.0968,77.2912
1279,P32004,1,single-pass transmembrane,78.9395,79.3528
1280,P32189,1,single-pass transmembrane,91.1569,91.5321
1281,P32238,7,GPCR transmembrane,77.8759,78.5437
1282,P32239,7,GPCR transmembrane,75.2788,76.087
1283,P32241,7,GPCR transmembrane,76.1273,76.841
1284,P32245,7,GPCR transmembrane,79.8399,79.9297
1285,P32246,7,GPCR transmembrane,82.8249,83.1144
1286,P32247,7,GPCR transmembrane,78.5425,79.2658
1287,P32248,8,large transmembrane,78.5007,78.5917
1288,P32249,7,GPCR transmembrane,86.2909,86.5972
1289,P32297,4,medium transmembrane,81.1686,82.0133
1290,P32302,7,GPCR transmembrane,80.6388,80.3923
1291,P32418,10,large transmembrane,75.2298,75.1584
1292,P32745,7,GPCR transmembrane,73.8451,74.0634
1293,P32856,1,single-pass transmembrane,83.5901,83.9171
1294,P32926,2,medium transmembrane,66.1472,67.251
1295,P32927,1,single-pass transmembrane,64.1071,65.634
1296,P32942,1,single-pass transmembrane,87.1184,87.0729
1297,P32970,1,single-pass transmembrane,83.145,83.4257
1298,P32971,1,single-pass transmembrane,78.5108,79.776
1299,P33032,7,GPCR transmembrane,82.764,82.8171
1300,P33121,1,single-pass transmembrane,90.527,90.3698
1301,P33151,1,single-pass transmembrane,77.4786,78.0884
1302,P33527,17,large transmembrane,82.6312,83.0097
1303,P33681,1,single-pass transmembrane,86.2762,86.3008
1304,P33897,7,GPCR transmembrane,80.7619,81.734
1305,P33908,1,single-pass transmembrane,84.984,86.0132
1306,P33947,7,GPCR transmembrane,93.2992,93.4294
1307,P34741,1,single-pass transmembrane,60.9699,60.9414
1308,P34810,1,single-pass transmembrane,73.3176,74.339
1309,P34903,4,medium transmembrane,76.7016,77.5766
1310,P34910,1,single-pass transmembrane,50.9485,51.024
1311,P34925,1,single-pass transmembrane,80.5611,81.3921
1312,P34969,7,GPCR transmembrane,73.0224,73.2792
1313,P34972,7,GPCR transmembrane,84.3634,84.4753
1314,P34981,7,GPCR transmembrane,79.5426,79.6671
1315,P34982,7,GPCR transmembrane,86.056,86.1699
1316,P34995,7,GPCR transmembrane,74.682,74.9847
1317,P34998,7,GPCR transmembrane,75.0355,75.64
1318,P35070,1,single-pass transmembrane,71.8191,72.3894
1319,P35212,4,medium transmembrane,74.9515,75.4337
1320,P35346,7,GPCR transmembrane,80.6049,81.3028
1321,P35348,7,GPCR transmembrane,68.3624,68.7196
1322,P35367,7,GPCR transmembrane,70.0022,71.0316
1323,P35368,7,GPCR transmembrane,66.5285,67.3244
1324,P35372,7,GPCR transmembrane,75.5751,76.479
1325,P35408,7,GPCR transmembrane,70.4783,71.0932
1326,P35410,7,GPCR transmembrane,66.224,66.1008
1327,P35414,7,GPCR transmembrane,82.1804,82.578
1328,P35462,7,GPCR transmembrane,75.3239,75.6421
1329,P35498,24,large transmembrane,68.7636,69.2496
1330,P35499,24,large transmembrane,72.4314,73.0808
1331,P35503,1,single-pass transmembrane,91.4903,91.452
1332,P35504,1,single-pass transmembrane,91.5346,91.5969
1333,P35523,10,large transmembrane,68.5964,68.5824
1334,P35575,9,large transmembrane,92.6221,92.613
1335,P35590,1,single-pass transmembrane,81.4534,81.89
1336,P35610,10,large transmembrane,81.0598,81.6584
1337,P35613,1,single-pass transmembrane,85.8332,86.2537
1338,P35670,8,large transmembrane,71.6761,71.8327
1339,P35916,1,single-pass transmembrane,72.3439,72.7406
1340,P35968,1,single-pass transmembrane,71.6286,72.1787
1341,P36021,12,large transmembrane,80.1838,80.0514
1342,P36268,1,single-pass transmembrane,93.0764,93.1825
1343,P36269,1,single-pass transmembrane,91.6378,91.9827
1344,P36382,5,medium transmembrane,69.9748,70.5988
1345,P36383,4,medium transmembrane,68.9416,69.0194
1346,P36537,1,single-pass transmembrane,92.4437,92.3871
1347,P36544,4,medium transmembrane,78.2273,79.0605
1348,P36888,1,single-pass transmembrane,75.1875,75.5247
1349,P36894,1,single-pass transmembrane,83.0317,83.2701
1350,P36896,1,single-pass transmembrane,83.2589,83.9695
1351,P36897,1,single-pass transmembrane,84.2804,85.1233
1352,P36941,1,single-pass transmembrane,66.6063,66.9892
1353,P36956,2,medium transmembrane,64.0787,65.4714
1354,P37023,1,single-pass transmembrane,82.0487,82.8382
1355,P37059,3,medium transmembrane,87.5465,87.4447
1356,P37088,2,medium transmembrane,74.7021,75.7927
1357,P37173,1,single-pass transmembrane,81.4344,81.6713
1358,P37268,1,single-pass transmembrane,89.5768,89.5664
1359,P37288,7,GPCR transmembrane,73.8706,74.6177
1360,P38435,9,large transmembrane,85.7516,86.3522
1361,P38484,1,single-pass transmembrane,83.6408,83.9358
1362,P38567,1,single-pass transmembrane,88.4998,88.7204
1363,P38570,1,single-pass transmembrane,80.7036,80.5834
1364,P39086,3,medium transmembrane,81.2644,81.5383
1365,P39210,5,medium transmembrane,90.3468,90.1521
1366,P39656,1,single-pass transmembrane,89.3508,89.4521
1367,P40126,1,single-pass transmembrane,89.2229,89.4648
1368,P40145,12,large transmembrane,71.4485,72.0472
1369,P40189,1,single-pass transmembrane,74.5131,74.8364
1370,P40197,1,single-pass transmembrane,86.5589,87.0134
1371,P40198,2,medium transmembrane,78.2997,78.3443
1372,P40200,1,single-pass transmembrane,65.65,66.5442
1373,P40238,1,single-pass transmembrane,72.3506,73.0897
1374,P40259,1,single-pass transmembrane,75.3882,76.0059
1375,P40305,3,medium transmembrane,51.8408,52.1421
1376,P40879,12,large transmembrane,84.8295,84.7021
1377,P40967,1,single-pass transmembrane,68.2695,68.9727
1378,P41143,7,GPCR transmembrane,79.3799,80.4017
1379,P41145,7,GPCR transmembrane,79.5098,80.0735
1380,P41146,7,GPCR transmembrane,81.819,81.7296
1381,P41180,7,GPCR transmembrane,75.9151,76.2242
1382,P41181,6,medium transmembrane,91.8106,91.3024
1383,P41217,1,single-pass transmembrane,86.5569,86.3621
1384,P41231,7,GPCR transmembrane,78.9442,79.1966
1385,P41273,1,single-pass transmembrane,76.5843,77.1876
1386,P41440,12,large transmembrane,72.4834,73.6063
1387,P41586,6,medium transmembrane,75.2546,76.0945
1388,P41587,7,GPCR transmembrane,74.2581,74.5747
1389,P41594,7,GPCR transmembrane,71.1547,72.2687
1390,P41595,7,GPCR transmembrane,71.8365,71.7361
1391,P41597,7,GPCR transmembrane,77.8258,78.2825
1392,P41732,4,medium transmembrane,89.4008,89.3491
1393,P41968,7,GPCR transmembrane,83.8598,84.3148
1394,P42081,1,single-pass transmembrane,79.7637,79.8096
1395,P42261,3,medium transmembrane,80.9101,81.6818
1396,P42262,3,medium transmembrane,84.7834,85.0913
1397,P42263,3,medium transmembrane,83.4757,83.8045
1398,P42658,1,single-pass transmembrane,86.4339,87.1398
1399,P42701,1,single-pass transmembrane,76.7928,77.2555
1400,P42702,1,single-pass transmembrane,73.5772,73.9404
1401,P42857,1,single-pass transmembrane,61.2528,61.1805
1402,P42892,1,single-pass transmembrane,90.7779,91.0602
1403,P43003,10,large transmembrane,81.957,81.8501
1404,P43004,10,large transmembrane,77.8436,77.7399
1405,P43005,8,large transmembrane,80.4022,80.3345
1406,P43007,10,large transmembrane,80.6277,81.0522
1407,P43088,7,GPCR transmembrane,80.4027,80.5401
1408,P43115,7,GPCR transmembrane,75.7551,75.7395
1409,P43116,7,GPCR transmembrane,77.1958,77.7153
1410,P43119,7,GPCR transmembrane,76.4997,77.1024
1411,P43121,1,single-pass transmembrane,80.185,80.7551
1412,P43146,1,single-pass transmembrane,68.0098,68.4077
1413,P43220,7,GPCR transmembrane,81.6384,82.7745
1414,P43307,1,single-pass transmembrane,76.1614,76.239
1415,P43308,1,single-pass transmembrane,91.2684,91.1871
1416,P43489,1,single-pass transmembrane,76.8593,77.2243
1417,P43626,1,single-pass transmembrane,75.6078,75.7254
1418,P43627,1,single-pass transmembrane,74.6382,74.8385
1419,P43628,1,single-pass transmembrane,76.7126,76.6288
1420,P43629,1,single-pass transmembrane,75.4239,75.5036
1421,P43630,1,single-pass transmembrane,74.2979,74.3878
1422,P43631,1,single-pass transmembrane,80.5386,80.7696
1423,P43632,1,single-pass transmembrane,81.5594,81.7839
1424,P43657,7,GPCR transmembrane,84.1793,84.2518
1425,P43681,4,medium transmembrane,72.1584,73.6302
1426,P45844,6,medium transmembrane,81.4285,81.6896
1427,P46059,12,large transmembrane,87.3817,87.4372
1428,P46089,7,GPCR transmembrane,81.9003,82.1875
1429,P46091,7,GPCR transmembrane,84.2071,83.8707
1430,P46092,7,GPCR transmembrane,75.6704,75.4607
1431,P46093,7,GPCR transmembrane,80.9008,81.1939
1432,P46094,7,GPCR transmembrane,85.5167,85.7071
1433,P46095,7,GPCR transmembrane,77.3857,78.6438
1434,P46098,4,medium transmembrane,82.8092,83.4645
1435,P46531,1,single-pass transmembrane,57.4033,57.4983
1436,P46663,7,GPCR transmembrane,84.2855,84.4137
1437,P46721,12,large transmembrane,80.8557,80.6856
1438,P46977,13,large transmembrane,88.1895,88.2943
1439,P47211,7,GPCR transmembrane,84.0242,84.3145
1440,P47775,7,GPCR transmembrane,84.4307,84.6035
1441,P47804,7,GPCR transmembrane,89.8416,89.5886
1442,P47869,4,medium transmembrane,83.4635,83.9056
1443,P47870,4,medium transmembrane,76.3302,76.5048
1444,P47871,7,GPCR transmembrane,81.9239,82.6095
1445,P47872,7,GPCR transmembrane,76.5173,77.1479
1446,P47881,7,GPCR transmembrane,86.0525,86.2571
1447,P47883,7,GPCR transmembrane,71.8111,72.3207
1448,P47884,7,GPCR transmembrane,81.8114,81.5149
1449,P47887,7,GPCR transmembrane,85.409,85.5328
1450,P47888,7,GPCR transmembrane,86.7021,86.7443
1451,P47890,7,GPCR transmembrane,82.9296,83.0608
1452,P47893,7,GPCR transmembrane,84.6265,84.5322
1453,P47898,7,GPCR transmembrane,78.7847,78.893
1454,P47900,7,GPCR transmembrane,85.3961,86.1837
1455,P47901,7,GPCR transmembrane,74.0335,74.5409
1456,P48023,1,single-pass transmembrane,80.3629,80.6314
1457,P48029,12,large transmembrane,85.1819,86.1386
1458,P48039,7,GPCR transmembrane,85.1862,85.4898
1459,P48048,2,medium transmembrane,85.6848,85.5237
1460,P48050,2,medium transmembrane,79.0508,80.1717
1461,P48051,2,medium transmembrane,83.5632,83.7092
1462,P48058,3,medium transmembrane,82.7087,83.2821
1463,P48060,1,single-pass transmembrane,87.4724,87.0686
1464,P48065,12,large transmembrane,87.3426,87.8618
1465,P48066,12,large transmembrane,86.5409,87.2322
1466,P48067,13,large transmembrane,81.1075,81.8817
1467,P48145,7,GPCR transmembrane,84.031,84.5091
1468,P48146,7,GPCR transmembrane,82.8767,83.3115
1469,P48165,5,medium transmembrane,63.6109,64.5364
1470,P48167,4,medium transmembrane,77.754,78.5464
1471,P48169,4,medium transmembrane,72.8405,73.9881
1472,P48201,2,medium transmembrane,71.2059,70.8347
1473,P48230,4,medium transmembrane,77.4236,78.1071
1474,P48357,1,single-pass transmembrane,65.9574,66.4622
1475,P48509,4,medium transmembrane,88.2562,87.996
1476,P48544,2,medium transmembrane,81.5152,82.2205
1477,P48546,7,GPCR transmembrane,78.6538,79.4344
1478,P48547,6,medium transmembrane,78.5224,79.4631
1479,P48549,2,medium transmembrane,71.7323,72.6244
1480,P48551,1,single-pass transmembrane,64.2519,64.6701
1481,P48651,10,large transmembrane,80.0285,80.3456
1482,P48664,10,large transmembrane,80.1472,80.2727
1483,P48751,13,large transmembrane,66.8719,67.4738
1484,P48764,12,large transmembrane,66.1786,66.202
1485,P48960,7,GPCR transmembrane,78.8097,79.1207
1486,P48995,6,medium transmembrane,79.0367,79.3747
1487,P49019,7,GPCR transmembrane,79.105,79.5503
1488,P49069,3,medium transmembrane,61.3074,62.3986
1489,P49146,7,GPCR transmembrane,82.2265,82.4172
1490,P49190,7,GPCR transmembrane,71.1553,72.0484
1491,P49238,7,GPCR transmembrane,80.0746,80.2182
1492,P49257,1,single-pass transmembrane,79.3503,79.7109
1493,P49279,12,large transmembrane,82.6943,82.9214
1494,P49281,12,large transmembrane,80.8479,81.101
1495,P49286,7,GPCR transmembrane,83.6955,84.4482
1496,P49326,2,medium transmembrane,94.9694,95.026
1497,P49447,6,medium transmembrane,92.6785,93.0486
1498,P49641,2,medium transmembrane,91.0461,91.2903
1499,P49682,7,GPCR transmembrane,80.8318,80.6454
1500,P49683,7,GPCR transmembrane,80.8292,81.8738
1501,P49685,7,GPCR transmembrane,82.5347,82.3074
1502,P49755,1,single-pass transmembrane,87.4916,87.9446
1503,P49768,9,large transmembrane,72.4533,72.5865
1504,P49771,1,single-pass transmembrane,81.3363,82.0415
1505,P49810,9,large transmembrane,71.7587,71.9552
1506,P49961,2,medium transmembrane,90.7546,90.5941
1507,P50052,7,GPCR transmembrane,81.6558,81.9701
1508,P50281,1,single-pass transmembrane,80.9504,81.7676
1509,P50391,7,GPCR transmembrane,80.2029,80.3514
1510,P50402,1,single-pass transmembrane,60.4759,61.4147
1511,P50406,7,GPCR transmembrane,72.7955,73.4355
1512,P50416,2,medium transmembrane,92.268,92.3895
1513,P50443,12,large transmembrane,81.0039,81.1014
1514,P50591,1,single-pass transmembrane,81.8737,82.3967
1515,P50876,1,single-pass transmembrane,80.8699,80.9424
1516,P50895,1,single-pass transmembrane,83.8474,84.5845
1517,P50993,10,large transmembrane,88.6961,88.9258
1518,P51164,1,single-pass transmembrane,90.5464,90.653
1519,P51168,2,medium transmembrane,82.3205,82.8113
1520,P51170,3,medium transmembrane,80.0925,80.3874
1521,P51172,2,medium transmembrane,66.0653,66.8207
1522,P51511,1,single-pass transmembrane,74.9985,75.9911
1523,P51512,1,single-pass transmembrane,77.1647,77.5459
1524,P51571,1,single-pass transmembrane,88.2217,88.7353
1525,P51572,3,medium transmembrane,84.7198,85.0745
1526,P51575,2,medium transmembrane,88.1607,88.4282
1527,P51582,7,GPCR transmembrane,82.5149,83.5704
1528,P51589,1,single-pass transmembrane,93.5869,93.7891
1529,P51636,1,single-pass transmembrane,78.2985,78.176
1530,P51648,1,single-pass transmembrane,96.7052,96.5774
1531,P51654,4,medium transmembrane,75.1105,75.6637
1532,P51674,4,medium transmembrane,83.0258,83.2078
1533,P51677,7,GPCR transmembrane,83.3312,83.6132
1534,P51679,7,GPCR transmembrane,80.3781,80.5569
1535,P51681,7,GPCR transmembrane,85.2185,85.2944
1536,P51684,7,GPCR transmembrane,79.0745,79.0008
1537,P51685,7,GPCR transmembrane,81.5157,81.6105
1538,P51686,7,GPCR transmembrane,82.5264,82.8347
1539,P51689,2,medium transmembrane,92.8245,93.104
1540,P51690,2,medium transmembrane,93.1711,93.2659
1541,P51693,1,single-pass transmembrane,68.4022,69.7225
1542,P51787,6,medium transmembrane,67.7608,68.8446
1543,P51788,10,large transmembrane,72.939,73.0166
1544,P51790,14,large transmembrane,80.1106,80.0069
1545,P51793,10,large transmembrane,84.9607,84.8194
1546,P51795,15,large transmembrane,80.6312,80.4701
1547,P51797,12,large transmembrane,78.0821,77.707
1548,P51798,10,large transmembrane,80.9769,80.9691
1549,P51800,10,large transmembrane,87.3097,87.2462
1550,P51801,10,large transmembrane,87.1448,87.1014
1551,P51809,1,single-pass transmembrane,84.3682,84.7011
1552,P51810,7,GPCR transmembrane,73.4215,74.1807
1553,P51811,8,large transmembrane,81.4768,81.7337
1554,P51828,12,large transmembrane,77.1183,77.1795
1555,P51841,2,medium transmembrane,82.3985,82.5441
1556,P52429,1,single-pass transmembrane,85.6841,85.8511
1557,P52569,14,large transmembrane,81.0367,80.8565
1558,P52798,1,single-pass transmembrane,82.6881,83.8176
1559,P52799,1,single-pass transmembrane,70.8144,71.6456
1560,P52803,1,single-pass transmembrane,78.8471,79.8009
1561,P52849,1,single-pass transmembrane,90.1622,90.677
1562,P53708,1,single-pass transmembrane,85.025,85.0972
1563,P53794,14,large transmembrane,79.1369,79.1146
1564,P53801,1,single-pass transmembrane,76.871,77.169
1565,P53816,1,single-pass transmembrane,75.391,77.0264
1566,P53985,12,large transmembrane,83.0968,83.3054
1567,P54219,12,large transmembrane,76.8841,76.5668
1568,P54289,1,single-pass transmembrane,86.4937,86.8897
1569,P54707,10,large transmembrane,85.7976,85.8421
1570,P54709,1,single-pass transmembrane,89.3218,89.5214
1571,P54710,1,single-pass transmembrane,75.5736,76.0333
1572,P54753,1,single-pass transmembrane,81.196,81.7084
1573,P54760,1,single-pass transmembrane,82.8138,83.3086
1574,P54762,1,single-pass transmembrane,83.4834,83.7963
1575,P54764,1,single-pass transmembrane,83.7625,84.1944
1576,P54793,2,medium transmembrane,90.9032,90.7358
1577,P54829,2,medium transmembrane,72.0338,72.6534
1578,P54849,4,medium transmembrane,90.0127,89.9894
1579,P54851,4,medium transmembrane,94.8505,94.7046
1580,P54852,4,medium transmembrane,91.7629,91.5539
1581,P54855,1,single-pass transmembrane,93.5986,93.6438
1582,P55011,12,large transmembrane,73.6314,74.7185
1583,P55017,12,large transmembrane,81.0275,81.2709
1584,P55061,7,GPCR transmembrane,91.9718,91.6643
1585,P55064,6,medium transmembrane,94.1911,93.5051
1586,P55082,1,single-pass transmembrane,61.09,61.6432
1587,P55085,7,GPCR transmembrane,81.2393,82.0756
1588,P55087,6,medium transmembrane,80.3506,79.8642
1589,P55283,1,single-pass transmembrane,79.1509,79.4433
1590,P55285,1,single-pass transmembrane,78.8739,78.7636
1591,P55286,1,single-pass transmembrane,77.3826,77.3244
1592,P55287,1,single-pass transmembrane,77.061,76.9469
1593,P55289,1,single-pass transmembrane,77.737,77.6316
1594,P55291,1,single-pass transmembrane,77.568,77.839
1595,P55344,4,medium transmembrane,90.1048,89.8802
1596,P55808,1,single-pass transmembrane,58.6424,58.7374
1597,P55899,1,single-pass transmembrane,85.2618,85.9905
1598,P56134,2,medium transmembrane,74.1798,74.1684
1599,P56159,1,single-pass transmembrane,73.023,73.8963
1600,P56199,1,single-pass transmembrane,84.0596,84.1038
1601,P56373,2,medium transmembrane,88.4574,88.8239
1602,P56378,1,single-pass transmembrane,85.6395,85.3633
1603,P56385,1,single-pass transmembrane,91.888,91.7954
1604,P56557,4,medium transmembrane,82.6263,82.3311
1605,P56696,6,medium transmembrane,64.9681,66.0857
1606,P56746,4,medium transmembrane,81.4676,81.81
1607,P56747,4,medium transmembrane,80.564,80.7301
1608,P56748,4,medium transmembrane,80.1899,79.4196
1609,P56749,4,medium transmembrane,81.0228,80.8385
1610,P56750,4,medium transmembrane,79.2658,78.6169
1611,P56817,1,single-pass transmembrane,87.5275,87.7568
1612,P56856,4,medium transmembrane,73.5078,72.8968
1613,P56880,4,medium transmembrane,82.4286,81.8364
1614,P56962,3,medium transmembrane,69.2995,70.7701
1615,P56975,2,medium transmembrane,50.2127,50.6787
1616,P57054,2,medium transmembrane,83.5328,83.5923
1617,P57057,12,large transmembrane,79.8013,79.8842
1618,P57087,1,single-pass transmembrane,83.3357,83.2157
1619,P57088,6,medium transmembrane,89.119,89.6104
1620,P57103,10,large transmembrane,76.4034,76.5227
1621,P57105,1,single-pass transmembrane,78.8256,78.9043
1622,P57679,3,medium transmembrane,73.5779,74.475
1623,P57727,1,single-pass transmembrane,86.4464,86.9067
1624,P57738,2,medium transmembrane,65.52,65.8639
1625,P57739,4,medium transmembrane,79.0703,78.6735
1626,P57773,4,medium transmembrane,61.2974,61.9943
1627,P57789,5,medium transmembrane,68.9743,69.1491
1628,P58170,7,GPCR transmembrane,80.2923,79.9928
1629,P58173,7,GPCR transmembrane,87.6083,87.5318
1630,P58180,7,GPCR transmembrane,89.1895,89.2701
1631,P58181,7,GPCR transmembrane,89.1943,89.03
1632,P58182,7,GPCR transmembrane,86.6015,86.6594
1633,P58335,2,medium transmembrane,71.9365,71.8915
1634,P58418,4,medium transmembrane,90.151,90.1344
1635,P58511,1,single-pass transmembrane,82.5457,82.0217
1636,P58549,1,single-pass transmembrane,70.0789,71.2051
1637,P58550,1,single-pass transmembrane,71.5871,71.7716
1638,P58658,2,medium transmembrane,68.5137,68.6676
1639,P58743,13,large transmembrane,83.5134,83.6708
1640,P58872,7,GPCR transmembrane,79.9824,80.0283
1641,P59025,1,single-pass transmembrane,76.1029,76.5405
1642,P59533,7,GPCR transmembrane,81.3673,81.0032
1643,P59534,7,GPCR transmembrane,80.6969,80.901
1644,P59535,7,GPCR transmembrane,81.2417,81.3804
1645,P59536,7,GPCR transmembrane,84.3789,84.194
1646,P59537,7,GPCR transmembrane,87.1857,87.2919
1647,P59538,7,GPCR transmembrane,87.5042,87.5374
1648,P59539,7,GPCR transmembrane,86.5809,86.3848
1649,P59540,7,GPCR transmembrane,86.5151,86.4746
1650,P59541,7,GPCR transmembrane,85.3972,85.2546
1651,P59542,7,GPCR transmembrane,85.4051,85.2564
1652,P59543,7,GPCR transmembrane,87.294,87.313
1653,P59544,7,GPCR transmembrane,85.1408,85.1538
1654,P59551,7,GPCR transmembrane,78.2342,78.4265
1655,P59646,1,single-pass transmembrane,70.1229,70.1446
1656,P59773,1,single-pass transmembrane,61.1149,61.488
1657,P59901,1,single-pass transmembrane,83.3642,83.3684
1658,P59922,7,GPCR transmembrane,88.1596,88.0673
1659,P60033,4,medium transmembrane,87.383,87.2731
1660,P60059,1,single-pass transmembrane,91.6678,91.8008
1661,P60201,4,medium transmembrane,77.4598,77.8331
1662,P60468,1,single-pass transmembrane,57.5693,58.1575
1663,P60507,1,single-pass transmembrane,65.3408,66.2212
1664,P60508,1,single-pass transmembrane,49.1501,49.2335
1665,P60509,3,medium transmembrane,62.847,63.1233
1666,P60602,2,medium transmembrane,78.149,77.8845
1667,P60606,1,single-pass transmembrane,70.5618,70.7649
1668,P60852,1,single-pass transmembrane,72.3245,73.0053
1669,P60893,7,GPCR transmembrane,84.0015,84.2621
1670,P61009,1,single-pass transmembrane,91.1562,91.1001
1671,P61073,7,GPCR transmembrane,82.2245,82.8084
1672,P61165,2,medium transmembrane,86.4327,86.2512
1673,P61266,1,single-pass transmembrane,84.6362,84.669
1674,P61550,1,single-pass transmembrane,69.2587,69.478
1675,P61565,1,single-pass transmembrane,68.3242,68.8717
1676,P61619,9,large transmembrane,72.1438,72.397
1677,P61647,1,single-pass transmembrane,85.7561,86.2438
1678,P61803,3,medium transmembrane,95.3781,95.5049
1679,P62079,4,medium transmembrane,88.9729,89.2421
1680,P62952,3,medium transmembrane,61.9549,62.396
1681,P62955,4,medium transmembrane,71.7339,71.2257
1682,P63027,1,single-pass transmembrane,76.9598,77.995
1683,P63135,3,medium transmembrane,72.696,72.8946
1684,P63252,2,medium transmembrane,81.3307,81.8281
1685,P67812,2,medium transmembrane,90.8573,90.6503
1686,P69849,1,single-pass transmembrane,80.0041,80.3713
1687,P78310,1,single-pass transmembrane,79.2691,79.4856
1688,P78324,1,single-pass transmembrane,78.2747,78.6312
1689,P78325,1,single-pass transmembrane,73.6937,74.2694
1690,P78329,1,single-pass transmembrane,92.2434,92.4007
1691,P78334,4,medium transmembrane,71.9654,72.562
1692,P78348,3,medium transmembrane,83.7051,84.0594
1693,P78357,1,single-pass transmembrane,81.2585,81.6097
1694,P78363,12,large transmembrane,75.4692,75.7679
1695,P78369,4,medium transmembrane,80.1723,79.6963
1696,P78380,1,single-pass transmembrane,87.3616,87.4071
1697,P78381,10,large transmembrane,79.2538,80.2779
1698,P78382,10,large transmembrane,87.9025,88.1399
1699,P78383,10,large transmembrane,86.0351,86.2311
1700,P78410,1,single-pass transmembrane,89.9042,90.2338
1701,P78423,1,single-pass transmembrane,55.4218,56.2495
1702,P78504,1,single-pass transmembrane,73.4239,73.2918
1703,P78508,2,medium transmembrane,82.1113,82.3222
1704,P78536,2,medium transmembrane,72.548,72.5953
1705,P78552,1,single-pass transmembrane,81.7702,82.3344
1706,P78562,1,single-pass transmembrane,94.4755,94.7313
1707,P79483,1,single-pass transmembrane,88.3783,89.2051
1708,P80365,3,medium transmembrane,86.5756,86.6351
1709,P80370,1,single-pass transmembrane,75.0557,74.4747
1710,P81408,4,medium transmembrane,54.281,54.1864
1711,P82251,12,large transmembrane,86.078,85.8882
1712,P82279,1,single-pass transmembrane,74.9864,75.1061
1713,P84157,1,single-pass transmembrane,63.734,65.2642
1714,P98073,1,single-pass transmembrane,81.561,82.0952
1715,P98153,1,single-pass transmembrane,63.4216,64.0831
1716,P98155,1,single-pass transmembrane,76.3376,76.7866
1717,P98172,1,single-pass transmembrane,70.1412,71.1793
1718,P98187,1,single-pass transmembrane,91.1242,91.293
1719,P98194,10,large transmembrane,83.7845,83.7639
1720,P98196,11,large transmembrane,82.5122,83.1058
1721,P98198,11,large transmembrane,81.7391,82.0291
1722,Q00325,6,medium transmembrane,81.2831,81.6146
1723,Q00765,2,medium transmembrane,79.5768,79.5647
1724,Q00973,1,single-pass transmembrane,88.4256,88.6001
1725,Q00975,24,large transmembrane,59.6101,60.3841
1726,Q01113,2,medium transmembrane,63.0562,64.2091
1727,Q01118,24,large transmembrane,74.2422,74.6894
1728,Q01151,1,single-pass transmembrane,73.1633,73.0467
1729,Q01344,1,single-pass transmembrane,83.8715,83.9744
1730,Q01362,4,medium transmembrane,75.2536,74.8883
1731,Q01453,4,medium transmembrane,89.6423,89.5014
1732,Q01628,2,medium transmembrane,59.4829,59.7708
1733,Q01629,2,medium transmembrane,61.5564,61.7698
1734,Q01638,1,single-pass transmembrane,82.4553,82.647
1735,Q01650,12,large transmembrane,85.6933,86.24
1736,Q01668,24,large transmembrane,64.1416,64.409
1737,Q01718,7,GPCR transmembrane,84.8414,84.5541
1738,Q01726,7,GPCR transmembrane,80.1106,80.219
1739,Q01740,1,single-pass transmembrane,94.5265,94.5419
1740,Q01814,11,large transmembrane,73.5012,73.9486
1741,Q01959,12,large transmembrane,86.5546,87.1817
1742,Q01973,1,single-pass transmembrane,68.8514,69.8168
1743,Q01974,1,single-pass transmembrane,68.6227,69.3972
1744,Q02094,12,large transmembrane,95.0897,94.8663
1745,Q02161,12,large transmembrane,85.1955,85.0332
1746,Q02221,1,single-pass transmembrane,85.4412,87.0923
1747,Q02223,1,single-pass transmembrane,64.9482,65.226
1748,Q02297,1,single-pass transmembrane,57.0542,57.2554
1749,Q02413,1,single-pass transmembrane,61.5342,62.3768
1750,Q02487,1,single-pass transmembrane,76.0735,76.5628
1751,Q02643,7,GPCR transmembrane,75.8808,75.9253
1752,Q02742,1,single-pass transmembrane,93.2988,93.0873
1753,Q02763,1,single-pass transmembrane,84.1583,84.5797
1754,Q02846,2,medium transmembrane,81.8361,82.2045
1755,Q02928,1,single-pass transmembrane,91.136,91.3603
1756,Q03167,1,single-pass transmembrane,70.9491,71.536
1757,Q03395,4,medium transmembrane,86.5942,86.8854
1758,Q03431,7,GPCR transmembrane,70.9497,72.2698
1759,Q03518,10,large transmembrane,76.7037,77.3401
1760,Q03519,10,large transmembrane,82.7099,82.9954
1761,Q03721,6,medium transmembrane,67.4858,68.9282
1762,Q04609,1,single-pass transmembrane,93.9156,94.014
1763,Q04656,8,large transmembrane,73.4175,73.6076
1764,Q04671,13,large transmembrane,74.1587,74.242
1765,Q04721,1,single-pass transmembrane,59.642,59.7285
1766,Q04771,1,single-pass transmembrane,83.2037,83.7781
1767,Q04844,4,medium transmembrane,81.2176,81.7934
1768,Q04900,1,single-pass transmembrane,66.5403,67.1272
1769,Q04912,1,single-pass transmembrane,80.2162,80.278
1770,Q04941,4,medium transmembrane,77.3359,77.4147
1771,Q05586,3,medium transmembrane,82.6904,82.7957
1772,Q05901,4,medium transmembrane,83.1561,83.4593
1773,Q05940,12,large transmembrane,78.5913,78.185
1774,Q05996,1,single-pass transmembrane,71.19,72.0583
1775,Q06055,2,medium transmembrane,72.2413,71.6776
1776,Q06136,2,medium transmembrane,95.4138,95.4635
1777,Q06418,1,single-pass transmembrane,74.7318,75.2167
1778,Q06432,4,medium transmembrane,76.7628,76.092
1779,Q06481,1,single-pass transmembrane,68.3896,68.9555
1780,Q06495,10,large transmembrane,72.2978,72.5091
1781,Q06643,1,single-pass transmembrane,77.6727,78.3981
1782,Q07001,4,medium transmembrane,83.26,83.7684
1783,Q07011,1,single-pass transmembrane,81.9297,81.7623
1784,Q07065,1,single-pass transmembrane,74.1794,75.3822
1785,Q07075,1,single-pass transmembrane,93.5759,94.2538
1786,Q07108,1,single-pass transmembrane,82.2601,82.9613
1787,Q07326,6,medium transmembrane,92.8796,92.7438
1788,Q07444,1,single-pass transmembrane,68.4645,68.4763
1789,Q07699,1,single-pass transmembrane,87.2835,88.0732
1790,Q07817,1,single-pass transmembrane,72.7583,73.6361
1791,Q07820,1,single-pass transmembrane,63.5043,65.1676
1792,Q07837,1,single-pass transmembrane,87.3154,87.821
1793,Q08174,1,single-pass transmembrane,75.7694,75.822
1794,Q08334,1,single-pass transmembrane,81.9477,82.632
1795,Q08345,1,single-pass transmembrane,76.7018,77.766
1796,Q08357,12,large transmembrane,72.9195,72.9532
1797,Q08462,12,large transmembrane,79.2858,79.2051
1798,Q08477,1,single-pass transmembrane,91.6039,91.8275
1799,Q08554,1,single-pass transmembrane,75.547,76.0023
1800,Q08708,1,single-pass transmembrane,73.6721,73.787
1801,Q08722,5,medium transmembrane,86.399,86.5746
1802,Q08828,12,large transmembrane,77.5038,78.4271
1803,Q08AI6,10,large transmembrane,88.7192,88.6773
1804,Q08ET2,1,single-pass transmembrane,83.0874,83.5396
1805,Q09013,1,single-pass transmembrane,77.7266,78.9906
1806,Q09327,1,single-pass transmembrane,79.417,80.2051
1807,Q09328,1,single-pass transmembrane,83.6219,84.1456
1808,Q09428,17,large transmembrane,82.3321,82.6241
1809,Q09470,6,medium transmembrane,78.1004,78.6977
1810,Q0D2K0,9,large transmembrane,72.3906,72.639
1811,Q0GE19,10,large transmembrane,85.6518,85.6371
1812,Q0P670,2,medium transmembrane,50.8523,50.7212
1813,Q0P6D2,1,single-pass transmembrane,85.8088,86.561
1814,Q0P6H9,6,medium transmembrane,91.4895,91.721
1815,Q0VAQ4,1,single-pass transmembrane,71.2976,71.7739
1816,Q0VDE8,1,single-pass transmembrane,68.5476,68.8118
1817,Q0VDI3,6,medium transmembrane,89.6655,89.661
1818,Q10471,1,single-pass transmembrane,89.802,90.2639
1819,Q10472,1,single-pass transmembrane,91.6497,91.7276
1820,Q10589,1,single-pass transmembrane,85.5883,85.8778
1821,Q11128,1,single-pass transmembrane,87.4018,88.4127
1822,Q11130,1,single-pass transmembrane,92.4977,93.0727
1823,Q11206,1,single-pass transmembrane,89.4285,88.9631
1824,Q12767,10,large transmembrane,73.6167,73.938
1825,Q12770,8,large transmembrane,66.2175,66.7752
1826,Q12772,2,medium transmembrane,62.2607,63.153
1827,Q12791,7,GPCR transmembrane,76.0407,76.9807
1828,Q12797,1,single-pass transmembrane,71.192,71.7432
1829,Q12809,6,medium transmembrane,62.6535,63.8125
1830,Q12836,1,single-pass transmembrane,74.8762,75.1302
1831,Q12846,1,single-pass transmembrane,78.8033,79.1832
1832,Q12864,1,single-pass transmembrane,87.2045,87.4505
1833,Q12866,1,single-pass transmembrane,71.7069,72.2431
1834,Q12879,3,medium transmembrane,60.5586,60.4193
1835,Q12884,1,single-pass transmembrane,95.7857,95.8698
1836,Q12887,10,large transmembrane,76.8669,76.5291
1837,Q12893,6,medium transmembrane,78.5128,79.0323
1838,Q12907,1,single-pass transmembrane,84.203,84.5423
1839,Q12908,9,large transmembrane,84.6311,84.8076
1840,Q12912,3,medium transmembrane,58.1732,58.7189
1841,Q12913,1,single-pass transmembrane,77.7803,78.5715
1842,Q12918,1,single-pass transmembrane,81.3352,81.7469
1843,Q12981,1,single-pass transmembrane,83.1884,83.4802
1844,Q12983,2,medium transmembrane,59.7503,60.5919
1845,Q12999,4,medium transmembrane,89.4048,89.4071
1846,Q13002,3,medium transmembrane,83.1025,83.2326
1847,Q13003,3,medium transmembrane,82.1571,82.3805
1848,Q13018,1,single-pass transmembrane,78.8352,79.1745
1849,Q13021,4,medium transmembrane,89.8399,90.2189
1850,Q13061,2,medium transmembrane,47.1475,47.1847
1851,Q13113,1,single-pass transmembrane,65.0875,65.2075
1852,Q13145,1,single-pass transmembrane,64.6728,64.8538
1853,Q13183,13,large transmembrane,83.2889,83.4714
1854,Q13190,1,single-pass transmembrane,71.1117,72.0007
1855,Q13224,3,medium transmembrane,60.4531,60.4491
1856,Q13241,1,single-pass transmembrane,87.4008,87.7383
1857,Q13255,7,GPCR transmembrane,71.1796,71.6401
1858,Q13258,7,GPCR transmembrane,79.6608,79.3052
1859,Q13261,1,single-pass transmembrane,64.4248,65.3851
1860,Q13277,1,single-pass transmembrane,83.1839,83.3902
1861,Q13286,11,large transmembrane,80.8295,81.1701
1862,Q13291,1,single-pass transmembrane,73.9319,74.2422
1863,Q13304,7,GPCR transmembrane,80.9312,81.3331
1864,Q13308,1,single-pass transmembrane,82.7267,83.1847
1865,Q13323,2,medium transmembrane,62.6502,62.5429
1866,Q13324,7,GPCR transmembrane,79.1215,79.5729
1867,Q13326,1,single-pass transmembrane,80.4888,80.4338
1868,Q13332,1,single-pass transmembrane,81.7252,82.1796
1869,Q13336,11,large transmembrane,92.895,92.8711
1870,Q13349,1,single-pass transmembrane,85.2835,85.3188
1871,Q13370,6,medium transmembrane,63.0268,63.4127
1872,Q13410,1,single-pass transmembrane,84.1863,84.6259
1873,Q13423,14,large transmembrane,90.7549,90.6822
1874,Q13433,8,large transmembrane,61.3553,60.9394
1875,Q13443,1,single-pass transmembrane,76.0587,76.0672
1876,Q13444,1,single-pass transmembrane,73.564,73.7238
1877,Q13445,1,single-pass transmembrane,82.8765,83.4781
1878,Q13449,1,single-pass transmembrane,83.297,83.2733
1879,Q13454,4,medium transmembrane,84.446,84.4478
1880,Q13467,7,GPCR transmembrane,81.4891,82.5723
1881,Q13477,1,single-pass transmembrane,73.9504,74.2682
1882,Q13478,1,single-pass transmembrane,79.5907,79.9232
1883,Q13488,8,large transmembrane,83.5964,84.0684
1884,Q13491,4,medium transmembrane,82.2428,82.236
1885,Q13505,1,single-pass transmembrane,71.0505,71.8855
1886,Q13507,6,medium transmembrane,81.6072,81.6187
1887,Q13508,1,single-pass transmembrane,73.3546,73.9143
1888,Q13520,6,medium transmembrane,87.6185,88.26
1889,Q13530,10,large transmembrane,75.3017,76.5507
1890,Q13563,6,medium transmembrane,69.7713,71.0492
1891,Q13571,4,medium transmembrane,68.9222,69.275
1892,Q13585,7,GPCR transmembrane,65.4407,66.5773
1893,Q13586,1,single-pass transmembrane,67.7719,68.7966
1894,Q13591,1,single-pass transmembrane,77.9386,78.26
1895,Q13606,7,GPCR transmembrane,88.0789,88.0058
1896,Q13607,7,GPCR transmembrane,87.8073,87.753
1897,Q13621,12,large transmembrane,78.2143,78.469
1898,Q13634,1,single-pass transmembrane,77.0849,77.0309
1899,Q13635,12,large transmembrane,73.9147,74.4084
1900,Q13639,7,GPCR transmembrane,80.3611,81.0807
1901,Q13641,1,single-pass transmembrane,81.9595,82.8232
1902,Q13651,1,single-pass transmembrane,61.7642,62.8173
1903,Q13683,1,single-pass transmembrane,79.5511,79.4752
1904,Q13698,24,large transmembrane,71.5464,72.1514
1905,Q13705,1,single-pass transmembrane,82.4107,83.3076
1906,Q13724,1,single-pass transmembrane,91.7816,92.3168
1907,Q13733,10,large transmembrane,87.4817,87.5301
1908,Q13740,1,single-pass transmembrane,86.1267,86.3028
1909,Q13797,1,single-pass transmembrane,85.1353,85.0077
1910,Q13873,1,single-pass transmembrane,57.7655,58.4678
1911,Q13936,24,large transmembrane,61.5956,62.4091
1912,Q14003,6,medium transmembrane,64.3101,66.2162
1913,Q14028,6,medium transmembrane,57.7915,58.9999
1914,Q14108,2,medium transmembrane,92.6304,92.895
1915,Q14114,1,single-pass transmembrane,72.8634,73.6218
1916,Q14118,1,single-pass transmembrane,68.4585,68.7288
1917,Q14126,1,single-pass transmembrane,65.0805,65.8334
1918,Q14162,1,single-pass transmembrane,64.9247,64.8197
1919,Q14165,1,single-pass transmembrane,80.5377,81.2755
1920,Q14210,1,single-pass transmembrane,79.2325,79.7368
1921,Q14242,1,single-pass transmembrane,50.7167,51.0855
1922,Q14246,7,GPCR transmembrane,76.8117,76.8576
1923,Q14330,7,GPCR transmembrane,85.513,85.7
1924,Q14332,7,GPCR transmembrane,83.5321,84.4378
1925,Q14392,1,single-pass transmembrane,85.984,86.3974
1926,Q14409,1,single-pass transmembrane,91.9005,92.2404
1927,Q14410,1,single-pass transmembrane,91.8086,92.1515
1928,Q14416,7,GPCR transmembrane,85.8034,86.3317
1929,Q14432,6,medium transmembrane,60.6224,61.4864
1930,Q14435,1,single-pass transmembrane,89.6738,89.7237
1931,Q14439,7,GPCR transmembrane,65.7333,66.0614
1932,Q14442,2,medium transmembrane,87.0478,87.2631
1933,Q14500,2,medium transmembrane,80.8095,81.2105
1934,Q14507,1,single-pass transmembrane,91.6135,91.9845
1935,Q14524,24,large transmembrane,67.334,68.1351
1936,Q14542,11,large transmembrane,84.0931,84.3992
1937,Q14573,2,medium transmembrane,73.8905,74.5639
1938,Q14574,1,single-pass transmembrane,74.4677,74.8126
1939,Q14626,1,single-pass transmembrane,81.5718,82.0385
1940,Q14627,1,single-pass transmembrane,86.1306,86.7128
1941,Q14654,2,medium transmembrane,84.6132,84.5652
1942,Q14656,8,large transmembrane,92.0511,92.0611
1943,Q14703,1,single-pass transmembrane,80.1936,80.0586
1944,Q14714,4,medium transmembrane,74.0644,74.4343
1945,Q14721,6,medium transmembrane,62.1634,63.1433
1946,Q14728,12,large transmembrane,91.9108,92.0065
1947,Q14739,10,large transmembrane,77.1622,77.4102
1948,Q14761,2,medium transmembrane,57.8726,58.3461
1949,Q14773,1,single-pass transmembrane,83.3587,84.0022
1950,Q14802,1,single-pass transmembrane,68.4202,68.4094
1951,Q14831,7,GPCR transmembrane,84.5897,84.6772
1952,Q14832,7,GPCR transmembrane,85.3052,85.4619
1953,Q14833,7,GPCR transmembrane,83.4845,83.5405
1954,Q14849,4,medium transmembrane,81.4929,82.1906
1955,Q14916,12,large transmembrane,87.3381,87.1185
1956,Q14940,13,large transmembrane,62.9267,63.0812
1957,Q14943,1,single-pass transmembrane,81.1539,81.3507
1958,Q14952,1,single-pass transmembrane,80.4377,80.5897
1959,Q14953,1,single-pass transmembrane,79.5384,79.8285
1960,Q14954,1,single-pass transmembrane,80.7203,80.9982
1961,Q14956,1,single-pass transmembrane,77.3468,77.6924
1962,Q14957,4,medium transmembrane,67.38,67.9724
1963,Q14973,9,large transmembrane,83.5663,83.7835
1964,Q14BN4,1,single-pass transmembrane,76.9037,77.4441
1965,Q14C87,1,single-pass transmembrane,70.2334,70.3287
1966,Q14CN2,1,single-pass transmembrane,89.3927,89.5618
1967,Q14CX5,12,large transmembrane,81.9209,82.7323
1968,Q14CZ8,1,single-pass transmembrane,72.6165,72.6463
1969,Q14D33,1,single-pass transmembrane,48.9176,50.041
1970,Q14DG7,1,single-pass transmembrane,69.9328,69.8011
1971,Q15005,2,medium transmembrane,64.3837,65.5843
1972,Q15012,4,medium transmembrane,73.0709,73.0923
1973,Q15035,8,large transmembrane,85.5108,85.7066
1974,Q15041,4,medium transmembrane,84.833,84.853
1975,Q15043,8,large transmembrane,72.7732,72.8001
1976,Q15049,8,large transmembrane,70.9616,70.5213
1977,Q15053,2,medium transmembrane,68.8809,68.4458
1978,Q15070,5,medium transmembrane,71.8353,72.819
1979,Q15077,7,GPCR transmembrane,86.0664,85.8977
1980,Q15109,1,single-pass transmembrane,82.587,83.5047
1981,Q15116,1,single-pass transmembrane,73.7892,74.1842
1982,Q15125,5,medium transmembrane,95.6582,95.9067
1983,Q15155,1,single-pass transmembrane,80.1199,80.5179
1984,Q15166,1,single-pass transmembrane,96.2362,96.264
1985,Q15223,1,single-pass transmembrane,75.7552,75.943
1986,Q15256,1,single-pass transmembrane,72.6035,72.9594
1987,Q15262,1,single-pass transmembrane,83.0144,83.4065
1988,Q15303,1,single-pass transmembrane,73.0383,73.0916
1989,Q15363,1,single-pass transmembrane,86.8499,86.9829
1990,Q15375,1,single-pass transmembrane,82.8259,82.9931
1991,Q15388,1,single-pass transmembrane,75.6106,75.6916
1992,Q15391,7,GPCR transmembrane,86.9572,87.2853
1993,Q15392,2,medium transmembrane,92.2903,92.2382
1994,Q15399,1,single-pass transmembrane,87.2842,87.0996
1995,Q15526,2,medium transmembrane,81.1441,82.2834
1996,Q15546,7,GPCR transmembrane,92.04,91.7403
1997,Q15612,7,GPCR transmembrane,88.4258,88.1314
1998,Q15615,7,GPCR transmembrane,89.0733,89.0153
1999,Q15617,7,GPCR transmembrane,90.8448,90.9387
2000,Q15619,7,GPCR transmembrane,87.4715,87.408
2001,Q15620,7,GPCR transmembrane,89.6972,89.8449
2002,Q15622,7,GPCR transmembrane,85.2458,85.3783
2003,Q15629,9,large transmembrane,83.5871,84.3789
2004,Q15722,7,GPCR transmembrane,82.0168,82.5312
2005,Q15738,1,single-pass transmembrane,89.0032,89.0669
2006,Q15743,7,GPCR transmembrane,80.1095,80.8753
2007,Q15758,9,large transmembrane,79.0228,79.5914
2008,Q15760,7,GPCR transmembrane,74.7348,74.7701
2009,Q15761,7,GPCR transmembrane,75.557,75.581
2010,Q15762,1,single-pass transmembrane,82.3249,82.3096
2011,Q15768,1,single-pass transmembrane,68.2989,69.7434
2012,Q15800,5,medium transmembrane,93.6603,93.9862
2013,Q15822,4,medium transmembrane,77.1274,77.9526
2014,Q15825,4,medium transmembrane,79.4599,80.0306
2015,Q15836,1,single-pass transmembrane,91.3872,92.1759
2016,Q15842,2,medium transmembrane,83.6566,83.5685
2017,Q15849,20,large transmembrane,82.3552,81.9448
2018,Q15858,24,large transmembrane,68.7856,69.2428
2019,Q15878,24,large transmembrane,59.6033,60.2259
2020,Q15884,1,single-pass transmembrane,60.3592,60.2893
2021,Q15904,1,single-pass transmembrane,78.8187,79.6063
2022,Q16099,3,medium transmembrane,78.6218,78.7805
2023,Q16280,6,medium transmembrane,77.4862,78.1641
2024,Q16281,6,medium transmembrane,74.4454,75.295
2025,Q16288,1,single-pass transmembrane,76.5306,77.0683
2026,Q16322,6,medium transmembrane,76.455,77.1607
2027,Q16348,12,large transmembrane,83.5068,83.5614
2028,Q16394,1,single-pass transmembrane,85.083,84.9787
2029,Q16445,4,medium transmembrane,82.2815,82.922
2030,Q16478,3,medium transmembrane,77.8129,78.4257
2031,Q16517,2,medium transmembrane,67.1304,67.486
2032,Q16538,7,GPCR transmembrane,63.6077,64.1357
2033,Q16553,1,single-pass transmembrane,77.2221,77.6314
2034,Q16558,2,medium transmembrane,81.9538,81.902
2035,Q16563,4,medium transmembrane,82.8436,83.1512
2036,Q16570,7,GPCR transmembrane,77.8135,77.7007
2037,Q16572,12,large transmembrane,76.5797,76.2259
2038,Q16581,7,GPCR transmembrane,68.8234,68.6654
2039,Q16585,1,single-pass transmembrane,77.4747,77.7139
2040,Q16586,1,single-pass transmembrane,80.15,80.3078
2041,Q16602,7,GPCR transmembrane,78.4867,78.9362
2042,Q16611,1,single-pass transmembrane,81.0573,81.544
2043,Q16617,4,medium transmembrane,86.5128,86.5026
2044,Q16620,1,single-pass transmembrane,77.3109,77.869
2045,Q16623,1,single-pass transmembrane,84.7676,85.0
2046,Q16625,4,medium transmembrane,65.2517,65.4762
2047,Q16647,1,single-pass transmembrane,94.4395,94.5614
2048,Q16653,2,medium transmembrane,84.9268,84.8097
2049,Q16655,1,single-pass transmembrane,63.902,63.3682
2050,Q16671,1,single-pass transmembrane,77.7947,78.5143
2051,Q16678,1,single-pass transmembrane,92.1765,92.2863
2052,Q16706,2,medium transmembrane,90.1358,90.4982
2053,Q16720,11,large transmembrane,74.4644,74.7007
2054,Q16739,3,medium transmembrane,93.1827,93.2958
2055,Q16790,1,single-pass transmembrane,76.4245,76.9838
2056,Q16799,4,medium transmembrane,48.2041,48.9703
2057,Q16819,1,single-pass transmembrane,84.3566,84.6865
2058,Q16820,1,single-pass transmembrane,89.6288,89.8414
2059,Q16821,2,medium transmembrane,44.7657,45.3235
2060,Q16827,1,single-pass transmembrane,77.0645,77.2521
2061,Q16832,1,single-pass transmembrane,76.3711,77.1312
2062,Q16842,1,single-pass transmembrane,85.8901,86.1903
2063,Q16849,1,single-pass transmembrane,65.9276,67.0435
2064,Q16850,1,single-pass transmembrane,90.9201,91.4688
2065,Q16853,1,single-pass transmembrane,94.8559,95.1778
2066,Q16873,4,medium transmembrane,97.1558,97.0533
2067,Q16880,1,single-pass transmembrane,90.4264,90.2993
2068,Q17R55,1,single-pass transmembrane,86.1866,86.5345
2069,Q17RQ9,2,medium transmembrane,70.5609,71.4773
2070,Q17RY6,1,single-pass transmembrane,73.1092,73.2758
2071,Q19T08,1,single-pass transmembrane,56.5424,57.1234
2072,Q1EHB4,13,large transmembrane,84.8106,84.7738
2073,Q1HG43,5,medium transmembrane,82.5213,82.5942
2074,Q1HG44,5,medium transmembrane,83.2113,83.4443
2075,Q24JP5,1,single-pass transmembrane,72.9306,73.6433
2076,Q24JQ0,10,large transmembrane,94.3102,94.3108
2077,Q2HXU8,1,single-pass transmembrane,86.8734,87.2042
2078,Q2I0M4,1,single-pass transmembrane,82.2447,82.4466
2079,Q2KHT4,4,medium transmembrane,70.5725,70.7129
2080,Q2M2E3,4,medium transmembrane,54.9384,55.2987
2081,Q2M2H8,1,single-pass transmembrane,74.6452,76.4763
2082,Q2M385,1,single-pass transmembrane,82.853,83.3372
2083,Q2M3C6,4,medium transmembrane,53.8923,54.6213
2084,Q2M3G0,12,large transmembrane,84.6775,84.7383
2085,Q2M3M2,14,large transmembrane,82.5136,83.1617
2086,Q2M3R5,10,large transmembrane,80.0524,80.6865
2087,Q2M3T9,2,medium transmembrane,90.5681,91.037
2088,Q2PZI1,13,large transmembrane,88.4283,88.4742
2089,Q2QL34,5,medium transmembrane,84.7576,85.0751
2090,Q2T9K0,7,GPCR transmembrane,58.8757,58.9309
2091,Q2TAA5,1,single-pass transmembrane,91.097,91.2164
2092,Q2TBF2,1,single-pass transmembrane,78.4654,78.9199
2093,Q2VWP7,1,single-pass transmembrane,73.9606,74.3432
2094,Q2VYF4,2,medium transmembrane,61.727,62.404
2095,Q2WGJ8,2,medium transmembrane,79.1955,80.2303
2096,Q2WGJ9,2,medium transmembrane,76.3409,76.9974
2097,Q2Y0W8,12,large transmembrane,72.6153,72.9216
2098,Q30154,1,single-pass transmembrane,87.3809,88.2778
2099,Q30201,1,single-pass transmembrane,88.1174,88.6447
2100,Q32M45,10,large transmembrane,79.1756,79.5632
2101,Q32ZL2,6,medium transmembrane,81.8812,81.7416
2102,Q3B7S5,1,single-pass transmembrane,68.9275,69.7665
2103,Q3B7T3,1,single-pass transmembrane,58.4295,58.179
2104,Q3C1V0,4,medium transmembrane,53.4544,54.2102
2105,Q3KNS1,7,GPCR transmembrane,78.6576,78.9643
2106,Q3KNT9,1,single-pass transmembrane,81.4823,81.8427
2107,Q3KNW5,9,large transmembrane,79.6568,80.3127
2108,Q3KPI0,1,single-pass transmembrane,84.9768,85.2864
2109,Q3KQZ1,6,medium transmembrane,89.2546,89.275
2110,Q3KR37,2,medium transmembrane,68.193,69.4351
2111,Q3MIP1,2,medium transmembrane,78.9465,79.557
2112,Q3MIR4,2,medium transmembrane,92.2085,92.3545
2113,Q3MIW9,1,single-pass transmembrane,46.6264,46.7982
2114,Q3MUY2,2,medium transmembrane,88.6311,88.1768
2115,Q3SXP7,1,single-pass transmembrane,67.7597,68.5196
2116,Q3SXY7,1,single-pass transmembrane,68.8517,69.2675
2117,Q3SY17,6,medium transmembrane,81.5522,81.9454
2118,Q3SY77,1,single-pass transmembrane,90.294,90.4162
2119,Q3T906,2,medium transmembrane,72.5561,73.125
2120,Q3V5L5,3,medium transmembrane,81.8969,82.4818
2121,Q3YBM2,4,medium transmembrane,69.8214,69.1968
2122,Q3ZAQ7,2,medium transmembrane,70.0722,69.8059
2123,Q3ZCQ3,1,single-pass transmembrane,63.755,64.0973
2124,Q3ZCQ8,1,single-pass transmembrane,79.7116,80.559
2125,Q401N2,4,medium transmembrane,77.4165,77.9317
2126,Q494W8,4,medium transmembrane,68.3812,68.6901
2127,Q495A1,1,single-pass transmembrane,74.7834,74.8875
2128,Q495M3,11,large transmembrane,84.0521,84.3271
2129,Q495N2,11,large transmembrane,84.7026,85.1175
2130,Q495T6,1,single-pass transmembrane,90.5447,90.8931
2131,Q496F6,1,single-pass transmembrane,78.239,78.4324
2132,Q496J9,13,large transmembrane,78.4458,78.4111
2133,Q49A17,1,single-pass transmembrane,90.703,90.8022
2134,Q49SQ1,7,GPCR transmembrane,87.702,87.726
2135,Q4G0I0,1,single-pass transmembrane,63.5908,64.0341
2136,Q4G0T1,1,single-pass transmembrane,70.801,70.9528
2137,Q4G148,1,single-pass transmembrane,83.5802,84.8694
2138,Q4G1C9,2,medium transmembrane,85.2451,85.3361
2139,Q4KMG0,1,single-pass transmembrane,62.3064,62.9063
2140,Q4KMG9,1,single-pass transmembrane,59.4718,59.7317
2141,Q4KMQ2,10,large transmembrane,81.6265,81.9888
2142,Q4KMZ8,4,medium transmembrane,76.2964,76.5358
2143,Q4LDR2,1,single-pass transmembrane,70.4249,71.2759
2144,Q4U2R8,12,large transmembrane,82.4932,82.5012
2145,Q4V9L6,1,single-pass transmembrane,58.4064,59.1202
2146,Q4VC39,2,medium transmembrane,61.274,60.8167
2147,Q4VNC0,12,large transmembrane,78.5045,78.6476
2148,Q4VNC1,10,large transmembrane,80.2073,80.4181
2149,Q4VXA5,2,medium transmembrane,68.4335,69.2875
2150,Q4VXF1,1,single-pass transmembrane,56.537,56.9824
2151,Q4W5P6,1,single-pass transmembrane,76.5978,77.6571
2152,Q4ZIN3,7,GPCR transmembrane,63.4337,65.4905
2153,Q4ZJI4,14,large transmembrane,79.1171,78.7145
2154,Q504Y0,8,large transmembrane,69.5469,69.627
2155,Q50LG9,1,single-pass transmembrane,77.0623,77.6767
2156,Q52LC2,1,single-pass transmembrane,74.0832,74.1772
2157,Q53EL9,1,single-pass transmembrane,69.8655,70.4912
2158,Q53EP0,1,single-pass transmembrane,75.8828,76.2535
2159,Q53EU6,1,single-pass transmembrane,85.0262,85.2595
2160,Q53F39,2,medium transmembrane,89.6286,90.0152
2161,Q53FP2,4,medium transmembrane,81.3702,81.3909
2162,Q53FV1,4,medium transmembrane,93.8312,94.0316
2163,Q53GD3,10,large transmembrane,83.4472,83.7655
2164,Q53GQ0,1,single-pass transmembrane,95.2416,95.3509
2165,Q53HI1,5,medium transmembrane,88.1983,88.6781
2166,Q53R12,4,medium transmembrane,73.8808,73.6072
2167,Q53RY4,4,medium transmembrane,77.238,76.9494
2168,Q53S58,3,medium transmembrane,90.4674,90.3586
2169,Q53TN4,6,medium transmembrane,86.7562,87.2867
2170,Q567V2,5,medium transmembrane,88.0729,88.5066
2171,Q587I9,4,medium transmembrane,57.0508,57.2984
2172,Q58DX5,1,single-pass transmembrane,78.4195,78.4633
2173,Q58EX2,1,single-pass transmembrane,73.0258,73.409
2174,Q58HT5,2,medium transmembrane,93.1185,93.1888
2175,Q5BJD5,6,medium transmembrane,83.1545,83.7335
2176,Q5BJF2,4,medium transmembrane,90.6747,90.8199
2177,Q5BJH2,4,medium transmembrane,69.0948,69.3358
2178,Q5BJH7,5,medium transmembrane,73.336,73.7607
2179,Q5BKT4,13,large transmembrane,93.1418,93.2619
2180,Q5BKX6,12,large transmembrane,65.5494,65.4426
2181,Q5BVD1,1,single-pass transmembrane,75.7924,76.0181
2182,Q5DID0,1,single-pass transmembrane,69.1873,69.8573
2183,Q5DX21,1,single-pass transmembrane,73.6877,73.4006
2184,Q5EB52,1,single-pass transmembrane,91.7633,91.8439
2185,Q5FWE3,7,GPCR transmembrane,51.1958,51.163
2186,Q5FYA8,2,medium transmembrane,94.1661,94.284
2187,Q5FYB0,1,single-pass transmembrane,87.3309,88.0301
2188,Q5GAN6,1,single-pass transmembrane,65.2925,65.6631
2189,Q5GH70,8,large transmembrane,84.8607,84.9432
2190,Q5GH72,8,large transmembrane,66.2587,68.5584
2191,Q5GH73,8,large transmembrane,62.8266,64.88
2192,Q5GH76,8,large transmembrane,63.3804,66.0994
2193,Q5GH77,8,large transmembrane,76.2462,76.5313
2194,Q5H8A4,16,large transmembrane,83.1472,83.4825
2195,Q5H943,2,medium transmembrane,70.5272,71.2985
2196,Q5H9E4,6,medium transmembrane,85.8532,85.7455
2197,Q5H9R4,1,single-pass transmembrane,39.5401,40.0841
2198,Q5HYA8,7,GPCR transmembrane,84.2542,84.7716
2199,Q5HYJ1,7,GPCR transmembrane,82.7798,82.8516
2200,Q5HYL7,4,medium transmembrane,78.1443,77.5065
2201,Q5I7T1,13,large transmembrane,92.7235,92.8519
2202,Q5IJ48,1,single-pass transmembrane,77.0895,77.5833
2203,Q5J8M3,3,medium transmembrane,65.4764,66.1923
2204,Q5J8X5,4,medium transmembrane,85.8163,85.948
2205,Q5JPE7,1,single-pass transmembrane,78.6328,78.8758
2206,Q5JQS5,7,GPCR transmembrane,89.1548,89.1302
2207,Q5JRA6,3,medium transmembrane,51.6229,52.4758
2208,Q5JRM2,2,medium transmembrane,53.8693,54.1723
2209,Q5JRS4,6,medium transmembrane,75.1999,75.2387
2210,Q5JRV8,4,medium transmembrane,65.7136,65.3285
2211,Q5JTH9,6,medium transmembrane,78.129,78.0976
2212,Q5JTV8,1,single-pass transmembrane,61.6836,61.6158
2213,Q5JUK3,6,medium transmembrane,74.1325,75.1979
2214,Q5JW98,4,medium transmembrane,74.7835,74.8867
2215,Q5JX69,2,medium transmembrane,58.0167,58.112
2216,Q5JX71,2,medium transmembrane,58.64,58.9457
2217,Q5JXA9,1,single-pass transmembrane,76.2711,77.0492
2218,Q5JXX7,1,single-pass transmembrane,67.1527,67.5853
2219,Q5JZY3,1,single-pass transmembrane,79.1446,79.5508
2220,Q5K4L6,1,single-pass transmembrane,85.7753,86.867
2221,Q5KU26,3,medium transmembrane,71.8575,72.8183
2222,Q5M7Z0,5,medium transmembrane,71.6645,72.7558
2223,Q5M8T2,10,large transmembrane,76.2466,76.0173
2224,Q5MY95,2,medium transmembrane,94.1715,94.2168
2225,Q5NUL3,7,GPCR transmembrane,79.5705,79.4405
2226,Q5PT55,9,large transmembrane,80.6015,80.2944
2227,Q5QGT7,1,single-pass transmembrane,80.9176,81.369
2228,Q5QGZ9,1,single-pass transmembrane,83.9657,84.1745
2229,Q5QJU3,7,GPCR transmembrane,92.8988,92.9749
2230,Q5R3F8,1,single-pass transmembrane,60.927,61.7582
2231,Q5R3K3,4,medium transmembrane,84.1804,84.4343
2232,Q5RGS3,1,single-pass transmembrane,64.0538,64.7619
2233,Q5RI15,2,medium transmembrane,67.1548,67.5726
2234,Q5SGD2,1,single-pass transmembrane,89.8765,89.9394
2235,Q5SNT2,5,medium transmembrane,58.8075,59.9769
2236,Q5SQ64,1,single-pass transmembrane,76.0933,76.4396
2237,Q5SR56,12,large transmembrane,77.0508,77.27
2238,Q5SRD1,3,medium transmembrane,54.7244,55.0611
2239,Q5SRI9,1,single-pass transmembrane,86.3524,86.7433
2240,Q5SRN2,2,medium transmembrane,45.7745,45.8071
2241,Q5SSG8,1,single-pass transmembrane,75.517,74.2653
2242,Q5STR5,1,single-pass transmembrane,77.0271,77.5991
2243,Q5SV17,2,medium transmembrane,59.0171,58.7491
2244,Q5SWH9,5,medium transmembrane,74.5646,74.223
2245,Q5SWX8,1,single-pass transmembrane,80.954,81.28
2246,Q5SY80,1,single-pass transmembrane,89.0953,89.1491
2247,Q5T0T0,2,medium transmembrane,70.7862,71.9151
2248,Q5T197,6,medium transmembrane,79.1679,79.3301
2249,Q5T1A1,6,medium transmembrane,72.6381,73.1301
2250,Q5T1Q4,10,large transmembrane,78.0822,78.5828
2251,Q5T1S8,1,single-pass transmembrane,65.3512,65.4847
2252,Q5T292,2,medium transmembrane,62.0261,62.1135
2253,Q5T2D2,1,single-pass transmembrane,62.8,63.6504
2254,Q5T3F8,11,large transmembrane,72.1483,72.7913
2255,Q5T3U5,17,large transmembrane,81.3101,81.6657
2256,Q5T442,4,medium transmembrane,67.1871,68.6715
2257,Q5T4D3,11,large transmembrane,92.4333,92.5597
2258,Q5T4F4,5,medium transmembrane,70.2097,70.2991
2259,Q5T4T1,3,medium transmembrane,88.92,88.912
2260,Q5T601,7,GPCR transmembrane,76.7732,76.7776
2261,Q5T6L9,7,GPCR transmembrane,90.7397,90.7259
2262,Q5T6X4,1,single-pass transmembrane,61.9077,61.6671
2263,Q5T6X5,7,GPCR transmembrane,84.2081,84.4647
2264,Q5T700,1,single-pass transmembrane,83.5351,84.2933
2265,Q5T7M9,1,single-pass transmembrane,83.5806,83.284
2266,Q5T7P6,1,single-pass transmembrane,66.752,66.5455
2267,Q5T7P8,1,single-pass transmembrane,73.3294,74.0292
2268,Q5T7R7,1,single-pass transmembrane,62.5065,62.7273
2269,Q5T848,7,GPCR transmembrane,58.373,59.0184
2270,Q5T8D3,2,medium transmembrane,57.0068,57.8184
2271,Q5T9L3,8,large transmembrane,82.8009,83.057
2272,Q5T9Z0,6,medium transmembrane,81.6015,81.8381
2273,Q5TAH2,16,large transmembrane,77.5679,77.4825
2274,Q5TAT6,1,single-pass transmembrane,57.9652,57.9746
2275,Q5TCH4,1,single-pass transmembrane,89.9391,90.1824
2276,Q5TEA6,1,single-pass transmembrane,85.1717,84.8086
2277,Q5TF21,5,medium transmembrane,64.2772,66.5799
2278,Q5TF39,12,large transmembrane,78.0309,77.6598
2279,Q5TGI0,1,single-pass transmembrane,74.5767,74.8822
2280,Q5TGU0,5,medium transmembrane,66.8929,66.8427
2281,Q5TGY1,1,single-pass transmembrane,71.323,72.762
2282,Q5TGZ0,2,medium transmembrane,74.5347,73.4806
2283,Q5TZ20,7,GPCR transmembrane,87.5698,87.5747
2284,Q5TZJ5,1,single-pass transmembrane,38.7558,38.9652
2285,Q5U3C3,7,GPCR transmembrane,90.0196,90.2159
2286,Q5U4P2,1,single-pass transmembrane,74.6469,76.3624
2287,Q5UAW9,7,GPCR transmembrane,81.46,81.8992
2288,Q5UCC4,1,single-pass transmembrane,78.0976,80.1155
2289,Q5VSG8,1,single-pass transmembrane,86.4262,87.6783
2290,Q5VT66,1,single-pass transmembrane,91.1674,91.5528
2291,Q5VT99,1,single-pass transmembrane,86.5034,86.9526
2292,Q5VTJ3,1,single-pass transmembrane,61.5171,62.5784
2293,Q5VTY9,12,large transmembrane,93.1508,93.2799
2294,Q5VU36,5,medium transmembrane,38.5434,38.7386
2295,Q5VU65,1,single-pass transmembrane,79.2999,79.3433
2296,Q5VU97,1,single-pass transmembrane,77.5097,77.6358
2297,Q5VUB5,1,single-pass transmembrane,56.7974,56.814
2298,Q5VUD6,1,single-pass transmembrane,82.2994,82.3963
2299,Q5VUY0,1,single-pass transmembrane,94.8181,94.8227
2300,Q5VUY2,1,single-pass transmembrane,95.9356,95.9851
2301,Q5VV42,1,single-pass transmembrane,83.2721,83.608
2302,Q5VV43,1,single-pass transmembrane,70.1266,70.2357
2303,Q5VV63,1,single-pass transmembrane,80.542,80.9386
2304,Q5VVB8,3,medium transmembrane,84.8203,84.9761
2305,Q5VVP1,4,medium transmembrane,38.6379,38.917
2306,Q5VW38,7,GPCR transmembrane,69.7093,70.7498
2307,Q5VWC8,6,medium transmembrane,86.6092,86.8064
2308,Q5VWK5,1,single-pass transmembrane,68.3517,68.9344
2309,Q5VX71,1,single-pass transmembrane,70.9696,71.8565
2310,Q5VXT5,4,medium transmembrane,79.3189,79.7599
2311,Q5VXU1,4,medium transmembrane,76.2858,76.418
2312,Q5VY43,1,single-pass transmembrane,68.4824,67.727
2313,Q5VY80,1,single-pass transmembrane,82.244,83.2263
2314,Q5VYP0,4,medium transmembrane,38.4018,38.604
2315,Q5VYY1,2,medium transmembrane,94.4577,94.4776
2316,Q5VZ72,1,single-pass transmembrane,85.587,85.6213
2317,Q5VZI3,2,medium transmembrane,69.3816,70.2196
2318,Q5VZR4,3,medium transmembrane,57.002,57.3952
2319,Q5VZY2,6,medium transmembrane,91.6306,92.0034
2320,Q5W0B7,8,large transmembrane,72.1191,72.6863
2321,Q5W0N0,1,single-pass transmembrane,69.8593,69.4498
2322,Q5W0Z9,4,medium transmembrane,85.1771,85.9061
2323,Q5XG99,1,single-pass transmembrane,62.861,63.657
2324,Q5XXA6,10,large transmembrane,76.5214,77.133
2325,Q5ZPR3,1,single-pass transmembrane,84.2401,84.5588
2326,Q629K1,1,single-pass transmembrane,74.0543,74.4182
2327,Q63HM2,14,large transmembrane,78.3891,78.645
2328,Q63ZE4,12,large transmembrane,87.1271,87.3302
2329,Q643R3,2,medium transmembrane,83.208,84.0584
2330,Q658N2,1,single-pass transmembrane,77.927,78.3682
2331,Q658P3,6,medium transmembrane,88.8836,88.9331
2332,Q66K66,7,GPCR transmembrane,75.3229,75.2649
2333,Q674R7,4,medium transmembrane,68.1244,69.4014
2334,Q687X5,6,medium transmembrane,91.2756,91.3893
2335,Q68CJ9,1,single-pass transmembrane,58.4193,59.7928
2336,Q68CP4,12,large transmembrane,79.6027,80.4008
2337,Q68CQ7,1,single-pass transmembrane,84.8014,85.3814
2338,Q68CR1,1,single-pass transmembrane,81.9697,82.6346
2339,Q68CR7,1,single-pass transmembrane,46.8044,47.3077
2340,Q68D42,2,medium transmembrane,53.4419,53.5456
2341,Q68D85,1,single-pass transmembrane,77.7899,78.1906
2342,Q68DH5,9,large transmembrane,77.0711,77.2655
2343,Q68DV7,1,single-pass transmembrane,54.2591,54.6022
2344,Q68G75,1,single-pass transmembrane,64.5345,64.4269
2345,Q695T7,12,large transmembrane,89.8376,90.0492
2346,Q69YG0,4,medium transmembrane,72.2792,72.0685
2347,Q69YW2,3,medium transmembrane,58.5599,59.0487
2348,Q69YZ2,2,medium transmembrane,53.339,53.3033
2349,Q6AI14,12,large transmembrane,66.6512,66.6581
2350,Q6AZY7,3,medium transmembrane,69.4965,71.0654
2351,Q6DD88,2,medium transmembrane,86.1655,86.6616
2352,Q6DKI7,2,medium transmembrane,61.2205,61.919
2353,Q6DN12,3,medium transmembrane,68.0953,68.5959
2354,Q6DN14,1,single-pass transmembrane,64.4151,65.5369
2355,Q6DN72,1,single-pass transmembrane,75.8796,75.994
2356,Q6DWJ6,7,GPCR transmembrane,77.0317,77.1126
2357,Q6E213,2,medium transmembrane,94.1698,94.1867
2358,Q6EIG7,1,single-pass transmembrane,90.9864,90.9292
2359,Q6EMK4,1,single-pass transmembrane,75.4178,76.3535
2360,Q6GMR7,2,medium transmembrane,94.0714,94.1824
2361,Q6GPH6,2,medium transmembrane,78.4892,78.9639
2362,Q6GTX8,1,single-pass transmembrane,71.1194,71.9048
2363,Q6GV28,4,medium transmembrane,76.1551,76.489
2364,Q6H3X3,1,single-pass transmembrane,69.6534,70.4998
2365,Q6IAN0,1,single-pass transmembrane,92.8186,92.8522
2366,Q6IC98,3,medium transmembrane,66.6854,67.2407
2367,Q6ICH7,1,single-pass transmembrane,80.6543,80.9103
2368,Q6ICL7,10,large transmembrane,81.1552,81.2581
2369,Q6IEE7,1,single-pass transmembrane,70.7889,71.6617
2370,Q6IEE8,1,single-pass transmembrane,82.428,82.5272
2371,Q6IEU7,7,GPCR transmembrane,88.3295,88.3919
2372,Q6IEV9,7,GPCR transmembrane,89.4349,89.4917
2373,Q6IEY1,7,GPCR transmembrane,89.8666,89.9421
2374,Q6IEZ7,7,GPCR transmembrane,89.294,89.2446
2375,Q6IF00,7,GPCR transmembrane,88.0426,88.2972
2376,Q6IF36,7,GPCR transmembrane,89.8924,90.1029
2377,Q6IF42,7,GPCR transmembrane,86.2852,86.2311
2378,Q6IF63,7,GPCR transmembrane,87.0683,86.795
2379,Q6IF82,7,GPCR transmembrane,91.3745,91.4296
2380,Q6IF99,7,GPCR transmembrane,87.0394,86.8451
2381,Q6IFG1,7,GPCR transmembrane,86.9548,86.8936
2382,Q6IFH4,7,GPCR transmembrane,84.7039,84.968
2383,Q6IFN5,7,GPCR transmembrane,84.8212,84.4413
2384,Q6IWH7,10,large transmembrane,77.9942,78.8016
2385,Q6J4K2,12,large transmembrane,80.3573,80.5593
2386,Q6J9G0,1,single-pass transmembrane,83.7459,84.2663
2387,Q6L9W6,1,single-pass transmembrane,71.1384,71.4542
2388,Q6MZM0,1,single-pass transmembrane,89.5291,89.8256
2389,Q6N075,13,large transmembrane,88.2599,88.1504
2390,Q6NSJ0,1,single-pass transmembrane,90.2226,90.4624
2391,Q6NSJ5,5,medium transmembrane,84.1095,84.7636
2392,Q6NT16,12,large transmembrane,84.5149,84.809
2393,Q6NT55,1,single-pass transmembrane,93.246,93.3333
2394,Q6NUJ2,1,single-pass transmembrane,57.8065,58.5572
2395,Q6NUK4,2,medium transmembrane,64.2347,64.4305
2396,Q6NUM6,1,single-pass transmembrane,75.6489,75.7994
2397,Q6NUM9,1,single-pass transmembrane,95.1931,95.2172
2398,Q6NUQ4,2,medium transmembrane,78.7179,79.0143
2399,Q6NUS6,1,single-pass transmembrane,70.9698,71.3668
2400,Q6NUS8,1,single-pass transmembrane,91.3033,91.3655
2401,Q6NUT2,14,large transmembrane,81.4628,81.6917
2402,Q6NUT3,12,large transmembrane,84.6759,84.71
2403,Q6NV75,7,GPCR transmembrane,64.2416,64.6611
2404,Q6NVV3,9,large transmembrane,80.5599,80.4683
2405,Q6NXN4,2,medium transmembrane,67.3013,68.0595
2406,Q6NXT4,6,medium transmembrane,71.555,71.9574
2407,Q6NXT6,8,large transmembrane,71.0231,72.0728
2408,Q6NZ63,4,medium transmembrane,84.2194,83.9904
2409,Q6P1A2,11,large transmembrane,92.071,92.5555
2410,Q6P1J6,2,medium transmembrane,81.8582,82.0348
2411,Q6P1K1,4,medium transmembrane,87.6295,87.2321
2412,Q6P1M0,2,medium transmembrane,90.6294,90.8162
2413,Q6P1S2,1,single-pass transmembrane,68.3827,68.1863
2414,Q6P2H8,1,single-pass transmembrane,89.5586,90.1016
2415,Q6P499,9,large transmembrane,75.1281,74.9431
2416,Q6P4A7,6,medium transmembrane,85.4276,85.3744
2417,Q6P4D5,3,medium transmembrane,62.1765,62.6712
2418,Q6P4E1,1,single-pass transmembrane,65.8411,66.7847
2419,Q6P4F1,1,single-pass transmembrane,87.6458,87.7387
2420,Q6P4H8,1,single-pass transmembrane,80.9754,81.2573
2421,Q6P4Q7,3,medium transmembrane,76.2906,76.9559
2422,Q6P531,1,single-pass transmembrane,72.9024,72.0678
2423,Q6P5S7,2,medium transmembrane,66.6045,66.2996
2424,Q6P5W5,8,large transmembrane,74.7331,74.8717
2425,Q6P5X7,2,medium transmembrane,55.7316,56.0583
2426,Q6P7N7,1,single-pass transmembrane,83.6302,83.8051
2427,Q6P995,1,single-pass transmembrane,57.9317,58.0325
2428,Q6P9A2,1,single-pass transmembrane,88.2571,88.5244
2429,Q6P9F7,4,medium transmembrane,80.3024,81.0621
2430,Q6P9G4,1,single-pass transmembrane,63.0024,63.5733
2431,Q6PCB7,2,medium transmembrane,90.7999,91.0917
2432,Q6PCB8,1,single-pass transmembrane,77.9217,78.4756
2433,Q6PEX7,1,single-pass transmembrane,60.7244,61.1663
2434,Q6PEY0,4,medium transmembrane,83.4491,83.5594
2435,Q6PEY1,2,medium transmembrane,68.9807,68.9618
2436,Q6PHW0,1,single-pass transmembrane,87.6456,87.4992
2437,Q6PI25,4,medium transmembrane,86.7803,87.2539
2438,Q6PI73,1,single-pass transmembrane,85.6133,86.2223
2439,Q6PI78,3,medium transmembrane,72.134,72.6165
2440,Q6PIS1,13,large transmembrane,76.2024,76.0913
2441,Q6PIU1,6,medium transmembrane,78.1943,78.674
2442,Q6PIU2,1,single-pass transmembrane,95.958,95.9962
2443,Q6PIV7,6,medium transmembrane,84.0675,84.1535
2444,Q6PIZ9,1,single-pass transmembrane,64.1237,64.5426
2445,Q6PJF5,8,large transmembrane,67.7127,67.9255
2446,Q6PJG9,1,single-pass transmembrane,77.1215,78.0872
2447,Q6PJW8,2,medium transmembrane,52.2498,52.9664
2448,Q6PK18,1,single-pass transmembrane,85.7824,86.035
2449,Q6PKC3,2,medium transmembrane,70.188,71.4791
2450,Q6PL45,1,single-pass transmembrane,71.1213,71.9105
2451,Q6PML9,6,medium transmembrane,74.9834,75.009
2452,Q6PP77,8,large transmembrane,80.6034,80.6241
2453,Q6PRD1,8,large transmembrane,42.6532,43.0846
2454,Q6PXP3,12,large transmembrane,87.6498,87.7216
2455,Q6Q4G3,1,single-pass transmembrane,88.011,88.4313
2456,Q6Q8B3,1,single-pass transmembrane,83.0924,83.4682
2457,Q6QAJ8,5,medium transmembrane,91.98,92.0405
2458,Q6QHC5,4,medium transmembrane,96.4293,96.6202
2459,Q6QNK2,7,GPCR transmembrane,72.6365,72.8637
2460,Q6RW13,4,medium transmembrane,80.4245,80.809
2461,Q6T423,12,large transmembrane,86.9079,87.0299
2462,Q6T4P5,6,medium transmembrane,58.8702,59.4868
2463,Q6TCH4,8,large transmembrane,91.102,91.523
2464,Q6TCH7,7,GPCR transmembrane,89.6773,89.5246
2465,Q6U736,7,GPCR transmembrane,83.6125,83.4799
2466,Q6U841,12,large transmembrane,71.323,71.5375
2467,Q6UE05,4,medium transmembrane,66.0665,66.877
2468,Q6UVK1,1,single-pass transmembrane,75.4495,76.0164
2469,Q6UVM3,6,medium transmembrane,75.8966,76.1792
2470,Q6UVW9,1,single-pass transmembrane,88.8295,88.8314
2471,Q6UVY6,1,single-pass transmembrane,89.18,89.6554
2472,Q6UW02,1,single-pass transmembrane,89.1458,89.4477
2473,Q6UW56,1,single-pass transmembrane,87.0504,87.3387
2474,Q6UW68,4,medium transmembrane,92.9129,92.9735
2475,Q6UW78,1,single-pass transmembrane,74.0403,74.2706
2476,Q6UW88,1,single-pass transmembrane,66.8016,67.0734
2477,Q6UWB1,1,single-pass transmembrane,78.989,79.0211
2478,Q6UWD8,1,single-pass transmembrane,58.9359,59.2031
2479,Q6UWF3,1,single-pass transmembrane,66.5834,66.6453
2480,Q6UWF5,2,medium transmembrane,43.0117,42.9908
2481,Q6UWF7,1,single-pass transmembrane,90.598,90.5827
2482,Q6UWH4,1,single-pass transmembrane,71.6522,72.5794
2483,Q6UWH6,5,medium transmembrane,82.325,82.5082
2484,Q6UWI2,1,single-pass transmembrane,52.1661,52.4548
2485,Q6UWI4,1,single-pass transmembrane,63.3704,63.259
2486,Q6UWJ1,13,large transmembrane,77.1841,76.9048
2487,Q6UWJ8,1,single-pass transmembrane,65.5925,65.6211
2488,Q6UWL6,1,single-pass transmembrane,74.7199,74.5608
2489,Q6UWM7,1,single-pass transmembrane,92.02,92.1968
2490,Q6UWM9,1,single-pass transmembrane,92.0492,91.926
2491,Q6UWN5,1,single-pass transmembrane,83.1982,83.9274
2492,Q6UWP7,2,medium transmembrane,89.365,89.5857
2493,Q6UWT2,1,single-pass transmembrane,74.8855,75.1078
2494,Q6UWU4,1,single-pass transmembrane,72.0078,71.7879
2495,Q6UWV2,1,single-pass transmembrane,80.7036,80.7712
2496,Q6UWV7,1,single-pass transmembrane,65.5189,65.5305
2497,Q6UWW9,1,single-pass transmembrane,63.7638,63.7248
2498,Q6UX01,9,large transmembrane,80.6247,80.472
2499,Q6UX15,1,single-pass transmembrane,69.0922,69.8585
2500,Q6UX27,1,single-pass transmembrane,76.3881,77.0795
2501,Q6UX34,1,single-pass transmembrane,65.6975,65.4911
2502,Q6UX40,4,medium transmembrane,94.3199,94.2968
2503,Q6UX41,1,single-pass transmembrane,86.3303,86.5942
2504,Q6UX65,6,medium transmembrane,91.5109,91.2347
2505,Q6UX68,8,large transmembrane,60.7895,61.9688
2506,Q6UX71,1,single-pass transmembrane,69.1875,69.415
2507,Q6UX98,4,medium transmembrane,89.7903,90.4275
2508,Q6UXB4,1,single-pass transmembrane,89.3807,89.0784
2509,Q6UXC1,1,single-pass transmembrane,78.8071,79.6355
2510,Q6UXD1,1,single-pass transmembrane,63.8242,62.7139
2511,Q6UXD5,1,single-pass transmembrane,72.0253,72.8397
2512,Q6UXD7,12,large transmembrane,74.3599,74.889
2513,Q6UXE8,1,single-pass transmembrane,88.7828,88.8444
2514,Q6UXF1,1,single-pass transmembrane,45.6838,46.1583
2515,Q6UXG2,1,single-pass transmembrane,76.7872,76.9399
2516,Q6UXG3,1,single-pass transmembrane,69.121,70.19
2517,Q6UXG8,1,single-pass transmembrane,84.0867,84.6344
2518,Q6UXK2,1,single-pass transmembrane,65.1778,65.7227
2519,Q6UXK5,1,single-pass transmembrane,82.7656,82.779
2520,Q6UXL0,1,single-pass transmembrane,83.9714,84.1608
2521,Q6UXM1,1,single-pass transmembrane,72.7433,73.1633
2522,Q6UXN7,1,single-pass transmembrane,80.5734,80.5129
2523,Q6UXN8,1,single-pass transmembrane,84.3913,84.6159
2524,Q6UXP3,2,medium transmembrane,56.3918,56.3821
2525,Q6UXU4,4,medium transmembrane,71.39,71.9884
2526,Q6UXU6,1,single-pass transmembrane,67.8524,67.7963
2527,Q6UXV0,1,single-pass transmembrane,76.9498,76.8403
2528,Q6UXV1,1,single-pass transmembrane,87.0245,87.2507
2529,Q6UXY8,10,large transmembrane,63.0851,63.8574
2530,Q6UXZ0,1,single-pass transmembrane,87.5884,87.4131
2531,Q6UXZ3,1,single-pass transmembrane,80.2353,80.6601
2532,Q6UXZ4,1,single-pass transmembrane,74.5848,74.9411
2533,Q6UY09,1,single-pass transmembrane,73.99,73.8911
2534,Q6UY11,1,single-pass transmembrane,73.9032,74.4971
2535,Q6UY18,1,single-pass transmembrane,85.5032,85.7409
2536,Q6V0L0,1,single-pass transmembrane,88.45,89.182
2537,Q6VVX0,1,single-pass transmembrane,96.1917,96.2173
2538,Q6W3E5,5,medium transmembrane,79.7465,80.2159
2539,Q6W5P4,7,GPCR transmembrane,81.2058,81.5604
2540,Q6XR72,6,medium transmembrane,67.7357,67.8877
2541,Q6XYQ8,1,single-pass transmembrane,73.0474,73.6602
2542,Q6Y1H2,6,medium transmembrane,77.2197,78.7546
2543,Q6Y2X3,2,medium transmembrane,60.1509,60.8327
2544,Q6YBV0,11,large transmembrane,81.6493,81.8159
2545,Q6YI46,7,GPCR transmembrane,66.2297,67.4776
2546,Q6ZMB0,1,single-pass transmembrane,86.4525,86.7252
2547,Q6ZMB5,7,GPCR transmembrane,71.4628,72.526
2548,Q6ZMC9,1,single-pass transmembrane,78.6002,78.5643
2549,Q6ZMD2,12,large transmembrane,84.4098,85.1658
2550,Q6ZMG9,7,GPCR transmembrane,86.7435,87.9754
2551,Q6ZMH5,8,large transmembrane,67.0049,66.9365
2552,Q6ZMI3,1,single-pass transmembrane,73.2544,74.8661
2553,Q6ZMJ2,1,single-pass transmembrane,74.3136,75.2365
2554,Q6ZMQ8,1,single-pass transmembrane,47.8935,49.1196
2555,Q6ZMR5,1,single-pass transmembrane,85.3795,85.3484
2556,Q6ZMZ0,2,medium transmembrane,57.7105,58.8092
2557,Q6ZMZ3,3,medium transmembrane,81.1244,81.346
2558,Q6ZN44,1,single-pass transmembrane,77.4884,78.2556
2559,Q6ZN68,9,large transmembrane,80.5757,80.7091
2560,Q6ZNA5,6,medium transmembrane,88.5803,88.7531
2561,Q6ZNB6,1,single-pass transmembrane,73.6647,74.2526
2562,Q6ZNB7,10,large transmembrane,94.1303,94.1639
2563,Q6ZNC8,11,large transmembrane,89.8472,89.7916
2564,Q6ZNR0,2,medium transmembrane,58.9783,58.7564
2565,Q6ZP29,7,GPCR transmembrane,81.2781,81.704
2566,Q6ZP80,4,medium transmembrane,87.8556,87.66
2567,Q6ZPD9,13,large transmembrane,88.6815,88.8301
2568,Q6ZQN7,12,large transmembrane,78.3534,78.4454
2569,Q6ZQQ2,1,single-pass transmembrane,39.2677,39.7112
2570,Q6ZRI8,1,single-pass transmembrane,68.5136,68.8872
2571,Q6ZRP7,1,single-pass transmembrane,79.1412,80.3568
2572,Q6ZRR5,7,GPCR transmembrane,95.0785,94.8907
2573,Q6ZS10,1,single-pass transmembrane,70.919,71.8064
2574,Q6ZS82,1,single-pass transmembrane,81.7635,82.6438
2575,Q6ZSA7,1,single-pass transmembrane,86.5627,86.8643
2576,Q6ZSJ9,1,single-pass transmembrane,56.0222,56.6333
2577,Q6ZSM3,12,large transmembrane,79.5748,79.3314
2578,Q6ZSS7,12,large transmembrane,65.8721,66.277
2579,Q6ZSY5,2,medium transmembrane,49.349,50.2599
2580,Q6ZT21,5,medium transmembrane,91.5819,91.7674
2581,Q6ZT89,6,medium transmembrane,74.9009,74.9663
2582,Q6ZTQ4,1,single-pass transmembrane,77.7267,78.1693
2583,Q6ZU69,1,single-pass transmembrane,41.4661,42.0785
2584,Q6ZUB0,4,medium transmembrane,45.4306,46.0862
2585,Q6ZUB1,3,medium transmembrane,38.4944,38.8511
2586,Q6ZUK4,8,large transmembrane,77.7095,78.2554
2587,Q6ZUX7,4,medium transmembrane,82.2251,82.4091
2588,Q6ZV29,1,single-pass transmembrane,71.421,71.639
2589,Q6ZVE7,4,medium transmembrane,76.1362,75.7489
2590,Q6ZVK1,4,medium transmembrane,88.9053,88.8905
2591,Q6ZVL6,1,single-pass transmembrane,44.2985,44.7473
2592,Q6ZVX9,8,large transmembrane,85.6615,86.6402
2593,Q6ZW05,12,large transmembrane,82.6398,82.5488
2594,Q6ZWK4,1,single-pass transmembrane,65.7491,65.9622
2595,Q6ZWK6,1,single-pass transmembrane,86.7334,86.614
2596,Q6ZWL3,1,single-pass transmembrane,91.0609,91.2869
2597,Q6ZWT7,11,large transmembrane,86.2109,86.3771
2598,Q6ZXV5,11,large transmembrane,88.2958,88.49
2599,Q70CQ3,2,medium transmembrane,76.5998,77.1002
2600,Q70HW3,6,medium transmembrane,86.4128,86.6265
2601,Q70SY1,2,medium transmembrane,55.0688,55.4996
2602,Q70UQ0,1,single-pass transmembrane,82.2944,83.0894
2603,Q70Z44,4,medium transmembrane,63.251,63.895
2604,Q71H61,1,single-pass transmembrane,56.1473,56.5369
2605,Q71RC9,2,medium transmembrane,77.3622,77.1337
2606,Q71RG4,3,medium transmembrane,62.1022,63.4066
2607,Q71RH2,7,GPCR transmembrane,89.2962,89.5828
2608,Q75T13,10,large transmembrane,88.6819,88.6986
2609,Q75V66,10,large transmembrane,82.191,82.4102
2610,Q76EJ3,10,large transmembrane,85.3709,86.1024
2611,Q76KP1,1,single-pass transmembrane,70.2007,71.2522
2612,Q76MJ5,1,single-pass transmembrane,71.3971,71.9283
2613,Q7KYR7,1,single-pass transmembrane,84.2292,84.7555
2614,Q7KZN9,8,large transmembrane,85.2394,85.108
2615,Q7L0J3,13,large transmembrane,77.216,77.5637
2616,Q7L0L9,2,medium transmembrane,51.0247,51.6317
2617,Q7L0X0,1,single-pass transmembrane,71.5599,72.3501
2618,Q7L1I2,12,large transmembrane,82.5687,82.4095
2619,Q7L1S5,1,single-pass transmembrane,77.4544,78.0769
2620,Q7L1W4,4,medium transmembrane,80.8769,81.602
2621,Q7L211,1,single-pass transmembrane,91.8646,91.915
2622,Q7L311,1,single-pass transmembrane,62.1307,64.3168
2623,Q7L4E1,4,medium transmembrane,67.8869,68.9629
2624,Q7L4S7,4,medium transmembrane,43.6131,43.4845
2625,Q7L5A8,4,medium transmembrane,85.9537,86.4334
2626,Q7L5L3,1,single-pass transmembrane,92.975,93.1324
2627,Q7L985,1,single-pass transmembrane,85.0345,85.2572
2628,Q7LBE3,14,large transmembrane,79.3322,79.3026
2629,Q7LFX5,1,single-pass transmembrane,79.7141,80.3531
2630,Q7LGC8,1,single-pass transmembrane,79.8432,80.5692
2631,Q7RTM1,12,large transmembrane,75.7806,76.6449
2632,Q7RTP0,10,large transmembrane,84.5152,85.0457
2633,Q7RTR8,7,GPCR transmembrane,81.6141,81.8096
2634,Q7RTS5,12,large transmembrane,76.3021,76.7132
2635,Q7RTS6,12,large transmembrane,78.3123,78.894
2636,Q7RTT9,11,large transmembrane,74.8393,75.2273
2637,Q7RTX0,7,GPCR transmembrane,87.1011,87.4286
2638,Q7RTX1,7,GPCR transmembrane,88.2418,88.1433
2639,Q7RTX9,12,large transmembrane,80.2961,80.3901
2640,Q7RTY0,12,large transmembrane,88.0775,88.0576
2641,Q7RTY1,12,large transmembrane,77.2358,76.5541
2642,Q7RTY8,1,single-pass transmembrane,81.1594,81.5172
2643,Q7Z2D5,6,medium transmembrane,55.9308,56.148
2644,Q7Z2H8,11,large transmembrane,84.7487,84.8084
2645,Q7Z2K6,9,large transmembrane,88.9113,89.4545
2646,Q7Z2Q7,1,single-pass transmembrane,73.7188,74.0543
2647,Q7Z2W7,6,medium transmembrane,80.0849,80.2424
2648,Q7Z388,13,large transmembrane,85.6836,85.8097
2649,Q7Z3B0,1,single-pass transmembrane,94.4226,94.1967
2650,Q7Z3C6,4,medium transmembrane,74.5823,75.6962
2651,Q7Z3D4,1,single-pass transmembrane,63.0398,63.0479
2652,Q7Z3F1,17,large transmembrane,73.1063,73.3568
2653,Q7Z3Q1,12,large transmembrane,86.827,86.772
2654,Q7Z3T1,7,GPCR transmembrane,77.4646,77.5045
2655,Q7Z402,10,large transmembrane,77.5309,77.7656
2656,Q7Z403,10,large transmembrane,72.2702,72.5529
2657,Q7Z404,10,large transmembrane,78.4404,78.7506
2658,Q7Z418,4,medium transmembrane,70.8772,71.1922
2659,Q7Z419,1,single-pass transmembrane,82.0394,82.3824
2660,Q7Z429,7,GPCR transmembrane,71.652,71.6119
2661,Q7Z434,1,single-pass transmembrane,55.2123,56.6306
2662,Q7Z442,11,large transmembrane,70.352,70.8239
2663,Q7Z443,11,large transmembrane,64.942,65.263
2664,Q7Z449,1,single-pass transmembrane,88.1882,88.5018
2665,Q7Z465,2,medium transmembrane,67.4549,68.6518
2666,Q7Z4F1,1,single-pass transmembrane,66.9984,67.7581
2667,Q7Z4L0,1,single-pass transmembrane,78.8947,78.5724
2668,Q7Z4N2,6,medium transmembrane,66.3767,66.8383
2669,Q7Z4T8,1,single-pass transmembrane,85.3444,85.4891
2670,Q7Z5B4,2,medium transmembrane,58.0056,58.6553
2671,Q7Z5H4,8,large transmembrane,63.8643,63.8364
2672,Q7Z5H5,7,GPCR transmembrane,78.5305,78.0849
2673,Q7Z5M5,10,large transmembrane,59.7269,59.7741
2674,Q7Z5N4,1,single-pass transmembrane,72.2483,72.872
2675,Q7Z5S9,10,large transmembrane,88.2154,88.3291
2676,Q7Z601,7,GPCR transmembrane,62.7165,62.7458
2677,Q7Z602,7,GPCR transmembrane,81.2731,81.3008
2678,Q7Z692,1,single-pass transmembrane,69.8798,70.5187
2679,Q7Z695,3,medium transmembrane,71.8795,72.9261
2680,Q7Z6A9,1,single-pass transmembrane,68.3367,68.6422
2681,Q7Z6J6,1,single-pass transmembrane,74.9815,75.9605
2682,Q7Z6L0,2,medium transmembrane,52.0191,52.1867
2683,Q7Z6M3,1,single-pass transmembrane,74.5263,74.572
2684,Q7Z6W1,2,medium transmembrane,60.6605,61.3227
2685,Q7Z769,10,large transmembrane,90.1625,90.0749
2686,Q7Z7B1,13,large transmembrane,87.1875,86.8717
2687,Q7Z7H5,1,single-pass transmembrane,84.9308,85.7537
2688,Q7Z7J7,4,medium transmembrane,82.7485,83.1763
2689,Q7Z7M1,7,GPCR transmembrane,72.1786,72.2677
2690,Q7Z7M9,1,single-pass transmembrane,68.4683,69.1838
2691,Q7Z7N9,3,medium transmembrane,86.1092,85.7231
2692,Q86SF2,1,single-pass transmembrane,87.6473,88.0069
2693,Q86SJ2,1,single-pass transmembrane,74.4723,75.298
2694,Q86SJ6,1,single-pass transmembrane,64.8626,65.48
2695,Q86SK9,4,medium transmembrane,89.14,90.2771
2696,Q86SM5,7,GPCR transmembrane,86.8399,87.1314
2697,Q86SM8,7,GPCR transmembrane,84.9442,84.963
2698,Q86SP6,7,GPCR transmembrane,53.544,53.6118
2699,Q86SQ3,7,GPCR transmembrane,74.9685,75.2807
2700,Q86SQ4,7,GPCR transmembrane,73.2726,73.496
2701,Q86SQ6,7,GPCR transmembrane,63.9796,64.7121
2702,Q86SR1,1,single-pass transmembrane,90.9048,91.4935
2703,Q86SS6,1,single-pass transmembrane,75.607,75.7537
2704,Q86SU0,1,single-pass transmembrane,59.0756,58.9639
2705,Q86T03,2,medium transmembrane,69.4035,70.5419
2706,Q86T13,1,single-pass transmembrane,68.7095,69.2071
2707,Q86T20,1,single-pass transmembrane,71.5763,71.2029
2708,Q86T26,1,single-pass transmembrane,91.346,91.5404
2709,Q86T96,1,single-pass transmembrane,57.0107,57.4588
2710,Q86TG1,5,medium transmembrane,89.9709,90.4618
2711,Q86TL2,5,medium transmembrane,68.7825,69.4554
2712,Q86TM6,7,GPCR transmembrane,71.8336,73.6553
2713,Q86TY3,1,single-pass transmembrane,44.1501,44.3863
2714,Q86U02,2,medium transmembrane,63.4581,63.5575
2715,Q86UB9,10,large transmembrane,86.8732,86.7202
2716,Q86UD3,2,medium transmembrane,70.8162,71.8502
2717,Q86UD5,14,large transmembrane,78.9265,78.5272
2718,Q86UE4,1,single-pass transmembrane,51.606,51.9566
2719,Q86UE6,1,single-pass transmembrane,78.7129,79.5612
2720,Q86UF1,4,medium transmembrane,89.4456,89.6665
2721,Q86UF2,2,medium transmembrane,68.7142,69.7084
2722,Q86UG4,12,large transmembrane,76.8253,76.7108
2723,Q86UK0,13,large transmembrane,67.9175,68.1765
2724,Q86UK5,7,GPCR transmembrane,72.8661,73.5194
2725,Q86UL3,1,single-pass transmembrane,85.8348,85.7584
2726,Q86UP0,1,single-pass transmembrane,75.8983,76.2493
2727,Q86UP2,2,medium transmembrane,71.1853,71.6345
2728,Q86UP6,1,single-pass transmembrane,79.2181,79.4466
2729,Q86UP9,4,medium transmembrane,88.149,88.3937
2730,Q86UQ5,1,single-pass transmembrane,55.2394,55.7204
2731,Q86UW1,7,GPCR transmembrane,82.8638,82.9458
2732,Q86UW2,1,single-pass transmembrane,67.2216,67.317
2733,Q86V24,7,GPCR transmembrane,82.3311,82.5373
2734,Q86V35,1,single-pass transmembrane,58.9514,59.0888
2735,Q86V85,7,GPCR transmembrane,81.32,81.2671
2736,Q86VB7,1,single-pass transmembrane,78.9749,79.0967
2737,Q86VD7,6,medium transmembrane,90.5259,90.74
2738,Q86VD9,11,large transmembrane,87.1302,87.6567
2739,Q86VE9,9,large transmembrane,77.3165,77.7203
2740,Q86VF5,2,medium transmembrane,92.5135,92.9276
2741,Q86VH4,1,single-pass transmembrane,73.6215,73.9865
2742,Q86VH5,1,single-pass transmembrane,74.028,74.5895
2743,Q86VI4,4,medium transmembrane,60.9727,61.6772
2744,Q86VL8,13,large transmembrane,81.9735,81.9647
2745,Q86VR2,5,medium transmembrane,60.9213,61.6021
2746,Q86VR7,1,single-pass transmembrane,69.8286,69.986
2747,Q86VR8,1,single-pass transmembrane,79.0839,79.8344
2748,Q86VW1,12,large transmembrane,84.8793,85.1252
2749,Q86VY9,2,medium transmembrane,52.5322,52.8169
2750,Q86VZ1,7,GPCR transmembrane,83.9213,84.0613
2751,Q86VZ4,1,single-pass transmembrane,67.8883,68.2951
2752,Q86VZ5,6,medium transmembrane,78.8595,79.359
2753,Q86W10,1,single-pass transmembrane,91.799,91.7935
2754,Q86W33,7,GPCR transmembrane,73.2232,74.1706
2755,Q86W47,2,medium transmembrane,87.7849,87.6737
2756,Q86W74,1,single-pass transmembrane,76.6978,76.5877
2757,Q86WA9,12,large transmembrane,87.1187,87.357
2758,Q86WB7,12,large transmembrane,85.3423,85.2954
2759,Q86WC4,1,single-pass transmembrane,73.6506,74.3758
2760,Q86WI0,3,medium transmembrane,89.5429,89.3263
2761,Q86WK6,1,single-pass transmembrane,78.4924,79.293
2762,Q86WK7,1,single-pass transmembrane,74.2538,74.6461
2763,Q86WK9,8,large transmembrane,89.6196,89.8047
2764,Q86WS5,1,single-pass transmembrane,81.6922,82.1592
2765,Q86WV6,4,medium transmembrane,83.5494,83.9525
2766,Q86X19,4,medium transmembrane,85.5777,86.0312
2767,Q86X29,1,single-pass transmembrane,57.2199,57.328
2768,Q86XE3,1,single-pass transmembrane,70.9141,72.0011
2769,Q86XJ0,4,medium transmembrane,79.0896,79.7606
2770,Q86XK7,1,single-pass transmembrane,76.4663,76.2511
2771,Q86XL3,1,single-pass transmembrane,64.3345,65.3876
2772,Q86XR5,1,single-pass transmembrane,63.5807,63.7229
2773,Q86XS8,2,medium transmembrane,74.9028,75.4717
2774,Q86XT9,2,medium transmembrane,67.6099,67.2247
2775,Q86Y07,1,single-pass transmembrane,77.5247,77.5621
2776,Q86Y22,1,single-pass transmembrane,60.1538,60.2852
2777,Q86Y34,7,GPCR transmembrane,79.6585,80.0391
2778,Q86Y38,1,single-pass transmembrane,81.7172,82.7625
2779,Q86Y39,4,medium transmembrane,90.0333,89.715
2780,Q86Y82,1,single-pass transmembrane,80.334,80.3915
2781,Q86YC3,1,single-pass transmembrane,83.4801,83.6002
2782,Q86YD3,1,single-pass transmembrane,63.2219,62.8877
2783,Q86YD5,1,single-pass transmembrane,60.9463,61.1747
2784,Q86YJ5,3,medium transmembrane,64.1227,65.3091
2785,Q86YL7,1,single-pass transmembrane,57.9486,58.1605
2786,Q86YN1,5,medium transmembrane,89.6259,90.1534
2787,Q86YT5,13,large transmembrane,85.644,85.5482
2788,Q86YT9,1,single-pass transmembrane,73.3706,73.477
2789,Q86YW5,1,single-pass transmembrane,69.545,70.2631
2790,Q86Z14,1,single-pass transmembrane,89.0578,89.3912
2791,Q8IU57,1,single-pass transmembrane,63.9919,64.4703
2792,Q8IU68,10,large transmembrane,75.8653,76.6899
2793,Q8IU80,1,single-pass transmembrane,85.2769,85.5412
2794,Q8IU89,7,GPCR transmembrane,87.5158,87.738
2795,Q8IU99,4,medium transmembrane,76.1807,76.5584
2796,Q8IUA7,12,large transmembrane,77.0705,77.0903
2797,Q8IUC8,1,single-pass transmembrane,91.9467,91.9794
2798,Q8IUH4,6,medium transmembrane,87.1652,87.3887
2799,Q8IUH5,6,medium transmembrane,87.4665,87.6073
2800,Q8IUH8,8,large transmembrane,66.9937,67.4446
2801,Q8IUK5,1,single-pass transmembrane,72.7751,73.4138
2802,Q8IUN9,1,single-pass transmembrane,79.8975,80.2095
2803,Q8IUR5,10,large transmembrane,87.524,88.0149
2804,Q8IUS5,2,medium transmembrane,93.1515,93.0942
2805,Q8IUW5,1,single-pass transmembrane,60.598,61.2097
2806,Q8IUX1,4,medium transmembrane,80.9309,81.5778
2807,Q8IUY3,1,single-pass transmembrane,63.0629,63.5925
2808,Q8IV01,1,single-pass transmembrane,73.5124,73.7397
2809,Q8IV08,1,single-pass transmembrane,91.0174,90.9731
2810,Q8IV31,2,medium transmembrane,64.5909,64.9052
2811,Q8IV45,1,single-pass transmembrane,79.7606,80.102
2812,Q8IV77,6,medium transmembrane,83.569,84.0842
2813,Q8IVB4,12,large transmembrane,73.3613,73.29
2814,Q8IVJ1,11,large transmembrane,77.8155,78.3533
2815,Q8IVJ8,1,single-pass transmembrane,39.6123,39.8709
2816,Q8IVM8,12,large transmembrane,85.5813,85.4765
2817,Q8IVQ6,4,medium transmembrane,88.6389,88.5599
2818,Q8IVU1,1,single-pass transmembrane,74.2911,74.883
2819,Q8IVV8,4,medium transmembrane,69.3198,69.9634
2820,Q8IVW8,12,large transmembrane,81.8554,83.2198
2821,Q8IVY1,1,single-pass transmembrane,65.0852,64.8522
2822,Q8IW00,1,single-pass transmembrane,74.3642,74.6849
2823,Q8IW52,1,single-pass transmembrane,68.169,68.6239
2824,Q8IW70,2,medium transmembrane,64.1151,66.1675
2825,Q8IW92,1,single-pass transmembrane,94.3293,94.2767
2826,Q8IWA5,10,large transmembrane,84.4704,84.6349
2827,Q8IWB1,1,single-pass transmembrane,78.496,79.3173
2828,Q8IWB4,5,medium transmembrane,38.2364,38.4373
2829,Q8IWB9,2,medium transmembrane,55.3413,56.4263
2830,Q8IWD5,12,large transmembrane,74.0339,74.173
2831,Q8IWK6,7,GPCR transmembrane,69.8259,70.4438
2832,Q8IWR1,2,medium transmembrane,84.9833,84.7441
2833,Q8IWT1,1,single-pass transmembrane,83.1003,84.0251
2834,Q8IWT6,5,medium transmembrane,85.0051,85.5267
2835,Q8IWU2,2,medium transmembrane,47.8373,48.482
2836,Q8IWU4,6,medium transmembrane,81.554,81.2001
2837,Q8IWV1,1,single-pass transmembrane,47.4694,47.7369
2838,Q8IWX5,9,large transmembrane,83.6031,84.2118
2839,Q8IX05,1,single-pass transmembrane,79.8143,80.3537
2840,Q8IX19,1,single-pass transmembrane,75.1611,75.6484
2841,Q8IX94,2,medium transmembrane,68.6214,69.5063
2842,Q8IXA5,1,single-pass transmembrane,81.0605,82.4117
2843,Q8IXB1,1,single-pass transmembrane,89.9044,89.9563
2844,Q8IXB3,1,single-pass transmembrane,54.7095,54.8872
2845,Q8IXE1,7,GPCR transmembrane,87.0956,87.0948
2846,Q8IXF9,7,GPCR transmembrane,80.531,80.6839
2847,Q8IXH8,1,single-pass transmembrane,72.8944,73.3689
2848,Q8IXI1,1,single-pass transmembrane,88.7211,89.082
2849,Q8IXI2,1,single-pass transmembrane,92.4708,92.4832
2850,Q8IXK2,1,single-pass transmembrane,93.311,93.6737
2851,Q8IXM6,6,medium transmembrane,89.2213,89.7266
2852,Q8IXU6,10,large transmembrane,82.171,82.7324
2853,Q8IY17,1,single-pass transmembrane,69.0111,69.7542
2854,Q8IY26,5,medium transmembrane,73.1018,74.0556
2855,Q8IY34,12,large transmembrane,82.2249,82.392
2856,Q8IY49,7,GPCR transmembrane,86.1973,86.4841
2857,Q8IY50,10,large transmembrane,74.9934,75.3504
2858,Q8IY95,4,medium transmembrane,77.2854,77.8204
2859,Q8IYJ0,1,single-pass transmembrane,54.2229,54.8979
2860,Q8IYL9,7,GPCR transmembrane,84.7279,84.6796
2861,Q8IYP9,5,medium transmembrane,78.7307,79.3481
2862,Q8IYR6,1,single-pass transmembrane,69.4172,69.7218
2863,Q8IYS0,2,medium transmembrane,67.7318,68.7324
2864,Q8IYS2,1,single-pass transmembrane,84.7191,85.5998
2865,Q8IYV9,1,single-pass transmembrane,81.1296,81.8919
2866,Q8IZ08,8,large transmembrane,66.3699,67.4652
2867,Q8IZ57,2,medium transmembrane,69.4028,69.0789
2868,Q8IZ96,4,medium transmembrane,67.0534,67.0174
2869,Q8IZA0,1,single-pass transmembrane,71.8067,71.9406
2870,Q8IZD6,12,large transmembrane,82.7705,82.7534
2871,Q8IZF0,24,large transmembrane,76.8997,77.2687
2872,Q8IZF2,7,GPCR transmembrane,74.2219,74.4462
2873,Q8IZF3,7,GPCR transmembrane,77.6447,77.8228
2874,Q8IZF4,7,GPCR transmembrane,82.2018,82.332
2875,Q8IZF5,7,GPCR transmembrane,73.4744,73.8364
2876,Q8IZF7,7,GPCR transmembrane,72.7391,72.7156
2877,Q8IZJ1,1,single-pass transmembrane,77.0215,77.9815
2878,Q8IZK6,6,medium transmembrane,82.1056,82.0795
2879,Q8IZM9,11,large transmembrane,84.4852,84.1745
2880,Q8IZN3,4,medium transmembrane,72.4439,73.5974
2881,Q8IZP7,1,single-pass transmembrane,80.7059,81.5451
2882,Q8IZP9,7,GPCR transmembrane,62.8462,63.5918
2883,Q8IZR5,4,medium transmembrane,73.2043,73.1499
2884,Q8IZS8,1,single-pass transmembrane,83.3152,83.663
2885,Q8IZT8,1,single-pass transmembrane,85.8403,86.3008
2886,Q8IZU8,2,medium transmembrane,85.7632,85.6431
2887,Q8IZU9,1,single-pass transmembrane,72.5408,72.3926
2888,Q8IZV2,4,medium transmembrane,77.4525,77.1425
2889,Q8IZV5,1,single-pass transmembrane,91.5424,91.5987
2890,Q8IZY2,14,large transmembrane,75.4009,75.8151
2891,Q8MH63,3,medium transmembrane,80.8881,81.5314
2892,Q8N0U2,2,medium transmembrane,59.5071,59.687
2893,Q8N0U8,4,medium transmembrane,91.0026,91.1335
2894,Q8N0V5,1,single-pass transmembrane,91.9704,91.8585
2895,Q8N0W4,1,single-pass transmembrane,79.0407,78.9548
2896,Q8N0W7,2,medium transmembrane,63.4434,63.7018
2897,Q8N0Y3,7,GPCR transmembrane,85.8378,85.8284
2898,Q8N0Y5,7,GPCR transmembrane,89.4529,89.5399
2899,Q8N0Z9,1,single-pass transmembrane,77.0923,77.2796
2900,Q8N109,1,single-pass transmembrane,72.1881,72.2467
2901,Q8N111,1,single-pass transmembrane,60.0544,60.1078
2902,Q8N112,1,single-pass transmembrane,66.5189,66.8752
2903,Q8N114,1,single-pass transmembrane,58.761,58.7582
2904,Q8N118,1,single-pass transmembrane,89.8663,89.8382
2905,Q8N126,1,single-pass transmembrane,84.038,84.6101
2906,Q8N127,7,GPCR transmembrane,87.6388,87.4169
2907,Q8N130,10,large transmembrane,75.512,75.5782
2908,Q8N131,1,single-pass transmembrane,59.5922,59.9944
2909,Q8N138,4,medium transmembrane,94.4568,94.6851
2910,Q8N139,12,large transmembrane,77.0981,77.0917
2911,Q8N144,4,medium transmembrane,76.3254,77.3166
2912,Q8N146,7,GPCR transmembrane,87.4768,87.323
2913,Q8N148,7,GPCR transmembrane,86.1984,86.4383
2914,Q8N149,1,single-pass transmembrane,85.5403,85.9277
2915,Q8N162,7,GPCR transmembrane,88.233,88.1231
2916,Q8N1C3,4,medium transmembrane,78.4806,79.0043
2917,Q8N1L4,1,single-pass transmembrane,90.1343,90.1357
2918,Q8N1M1,4,medium transmembrane,66.4053,67.5877
2919,Q8N1N0,2,medium transmembrane,73.8357,74.0463
2920,Q8N1N2,1,single-pass transmembrane,58.9936,59.267
2921,Q8N1S5,8,large transmembrane,76.1936,76.3513
2922,Q8N1Y9,2,medium transmembrane,31.9444,31.8924
2923,Q8N205,4,medium transmembrane,57.1097,57.7825
2924,Q8N271,5,medium transmembrane,85.593,85.796
2925,Q8N292,1,single-pass transmembrane,63.9294,63.6887
2926,Q8N2A8,1,single-pass transmembrane,83.4894,84.1799
2927,Q8N2H4,4,medium transmembrane,91.8596,91.9341
2928,Q8N2K0,1,single-pass transmembrane,84.6184,85.3772
2929,Q8N2K1,1,single-pass transmembrane,83.6027,84.6644
2930,Q8N2M4,8,large transmembrane,90.0782,89.8975
2931,Q8N2Q7,1,single-pass transmembrane,77.1719,77.2463
2932,Q8N2U0,4,medium transmembrane,96.0542,96.2011
2933,Q8N2U9,7,GPCR transmembrane,85.5627,85.7568
2934,Q8N323,1,single-pass transmembrane,91.2803,91.3036
2935,Q8N349,7,GPCR transmembrane,90.2107,89.8202
2936,Q8N350,1,single-pass transmembrane,51.534,52.4498
2937,Q8N357,10,large transmembrane,84.3715,84.283
2938,Q8N370,12,large transmembrane,78.4187,78.5132
2939,Q8N386,1,single-pass transmembrane,70.0015,70.2572
2940,Q8N387,1,single-pass transmembrane,53.0822,53.0325
2941,Q8N394,10,large transmembrane,90.298,90.4998
2942,Q8N3F9,7,GPCR transmembrane,66.537,67.5739
2943,Q8N3G9,1,single-pass transmembrane,78.9161,79.1168
2944,Q8N3J6,1,single-pass transmembrane,81.4986,81.9704
2945,Q8N3S3,6,medium transmembrane,59.7817,60.2004
2946,Q8N3T1,1,single-pass transmembrane,78.0707,77.8931
2947,Q8N3T6,1,single-pass transmembrane,69.7368,70.081
2948,Q8N3Y3,1,single-pass transmembrane,87.0271,87.8606
2949,Q8N3Y7,1,single-pass transmembrane,94.6953,94.6536
2950,Q8N413,6,medium transmembrane,79.0401,79.0722
2951,Q8N423,1,single-pass transmembrane,76.0759,76.5122
2952,Q8N428,1,single-pass transmembrane,89.1267,89.467
2953,Q8N434,12,large transmembrane,83.5885,84.0538
2954,Q8N441,1,single-pass transmembrane,70.0004,70.6999
2955,Q8N468,12,large transmembrane,76.9942,76.8852
2956,Q8N4A0,1,single-pass transmembrane,91.8201,92.1052
2957,Q8N4C9,2,medium transmembrane,45.5935,45.8308
2958,Q8N4F4,12,large transmembrane,87.6402,87.5454
2959,Q8N4F7,6,medium transmembrane,82.7015,83.0958
2960,Q8N4H5,1,single-pass transmembrane,88.542,88.7743
2961,Q8N4K4,1,single-pass transmembrane,58.0165,58.5255
2962,Q8N4L1,2,medium transmembrane,71.3577,72.9743
2963,Q8N4L2,2,medium transmembrane,72.0713,72.4896
2964,Q8N4L4,1,single-pass transmembrane,54.4792,54.6948
2965,Q8N4M1,8,large transmembrane,80.2923,80.2403
2966,Q8N4S7,7,GPCR transmembrane,95.0885,95.0997
2967,Q8N4S9,4,medium transmembrane,66.8258,67.2056
2968,Q8N4V1,2,medium transmembrane,78.5356,78.3068
2969,Q8N4V2,12,large transmembrane,78.2328,78.6267
2970,Q8N4W6,7,GPCR transmembrane,78.6297,78.3089
2971,Q8N511,2,medium transmembrane,80.9821,81.4535
2972,Q8N539,2,medium transmembrane,79.6892,80.2398
2973,Q8N5B7,7,GPCR transmembrane,84.8141,85.9583
2974,Q8N5C1,4,medium transmembrane,90.3176,90.4906
2975,Q8N5D6,1,single-pass transmembrane,86.5372,86.2639
2976,Q8N5G0,1,single-pass transmembrane,89.7376,89.4027
2977,Q8N5G2,6,medium transmembrane,67.2381,67.8719
2978,Q8N5K1,1,single-pass transmembrane,90.67,90.4464
2979,Q8N5M9,4,medium transmembrane,91.5614,91.7172
2980,Q8N5T2,1,single-pass transmembrane,91.7367,91.9074
2981,Q8N5U1,4,medium transmembrane,69.7991,69.9969
2982,Q8N5W8,1,single-pass transmembrane,63.942,63.6035
2983,Q8N5Y8,1,single-pass transmembrane,88.09,88.0285
2984,Q8N608,1,single-pass transmembrane,90.5758,90.7911
2985,Q8N609,8,large transmembrane,80.2441,80.762
2986,Q8N614,2,medium transmembrane,40.6884,40.9098
2987,Q8N628,7,GPCR transmembrane,85.904,86.0193
2988,Q8N661,8,large transmembrane,89.5732,89.7277
2989,Q8N682,6,medium transmembrane,95.0633,94.9339
2990,Q8N695,14,large transmembrane,85.3274,85.2218
2991,Q8N697,12,large transmembrane,84.1042,84.6035
2992,Q8N699,2,medium transmembrane,59.5569,59.9284
2993,Q8N6C5,2,medium transmembrane,73.5293,73.9584
2994,Q8N6D2,2,medium transmembrane,70.7531,71.1409
2995,Q8N6F1,4,medium transmembrane,80.9374,81.1353
2996,Q8N6G5,1,single-pass transmembrane,86.4522,86.9811
2997,Q8N6I4,3,medium transmembrane,62.9122,63.0243
2998,Q8N6K0,1,single-pass transmembrane,60.2148,61.1373
2999,Q8N6L0,1,single-pass transmembrane,68.4285,68.61
3000,Q8N6L1,4,medium transmembrane,82.3154,82.4347
3001,Q8N6L7,2,medium transmembrane,73.1942,73.2527
3002,Q8N6M3,6,medium transmembrane,87.2158,87.0881
3003,Q8N6P7,1,single-pass transmembrane,61.7012,62.6606
3004,Q8N6Q1,4,medium transmembrane,84.7601,85.3019
3005,Q8N6R1,1,single-pass transmembrane,80.02,79.8278
3006,Q8N6S5,2,medium transmembrane,57.4666,57.4723
3007,Q8N6U8,7,GPCR transmembrane,68.3697,69.0162
3008,Q8N6Y1,1,single-pass transmembrane,78.4632,78.4566
3009,Q8N743,1,single-pass transmembrane,80.3463,80.2434
3010,Q8N755,7,GPCR transmembrane,91.5592,91.7335
3011,Q8N766,1,single-pass transmembrane,87.9698,88.1737
3012,Q8N7C0,1,single-pass transmembrane,86.625,86.8935
3013,Q8N7C4,4,medium transmembrane,71.3005,71.8557
3014,Q8N7C7,1,single-pass transmembrane,86.2582,86.1452
3015,Q8N7P1,1,single-pass transmembrane,82.9254,83.0868
3016,Q8N7P3,4,medium transmembrane,86.7497,86.6163
3017,Q8N7S2,1,single-pass transmembrane,69.3231,69.5701
3018,Q8N7S6,2,medium transmembrane,51.5363,51.8851
3019,Q8N7X8,1,single-pass transmembrane,83.2629,83.0143
3020,Q8N808,10,large transmembrane,85.7269,85.1676
3021,Q8N814,1,single-pass transmembrane,39.1236,40.1296
3022,Q8N816,4,medium transmembrane,46.7276,47.4079
3023,Q8N8D7,5,medium transmembrane,76.5331,76.8919
3024,Q8N8F6,5,medium transmembrane,66.1683,65.5025
3025,Q8N8F7,1,single-pass transmembrane,68.067,68.8812
3026,Q8N8J7,1,single-pass transmembrane,58.5825,59.0395
3027,Q8N8L6,1,single-pass transmembrane,77.9856,77.8834
3028,Q8N8N0,1,single-pass transmembrane,66.4488,66.8369
3029,Q8N8P6,1,single-pass transmembrane,48.9626,49.2967
3030,Q8N8Q1,6,medium transmembrane,88.0796,87.7848
3031,Q8N8Q8,5,medium transmembrane,83.6565,83.9021
3032,Q8N8Q9,9,large transmembrane,83.3494,83.1024
3033,Q8N8V8,1,single-pass transmembrane,54.6659,55.4858
3034,Q8N8Z6,1,single-pass transmembrane,67.8071,68.2313
3035,Q8N912,2,medium transmembrane,64.6341,64.8995
3036,Q8N966,4,medium transmembrane,88.1683,88.4223
3037,Q8N967,1,single-pass transmembrane,80.1274,80.6144
3038,Q8N9A8,2,medium transmembrane,89.9705,89.8103
3039,Q8N9F0,2,medium transmembrane,78.3651,80.5755
3040,Q8N9F7,1,single-pass transmembrane,96.1392,96.2077
3041,Q8N9I0,1,single-pass transmembrane,80.7228,81.4206
3042,Q8N9I5,4,medium transmembrane,91.0223,91.2518
3043,Q8N9R8,1,single-pass transmembrane,85.7083,86.0871
3044,Q8N9W7,1,single-pass transmembrane,42.2986,42.5896
3045,Q8N9X5,3,medium transmembrane,37.3136,37.1643
3046,Q8NA29,12,large transmembrane,80.4836,80.9014
3047,Q8NA58,1,single-pass transmembrane,89.8113,89.9776
3048,Q8NAC3,1,single-pass transmembrane,73.4406,74.0666
3049,Q8NAN2,6,medium transmembrane,64.4346,65.7949
3050,Q8NAU1,1,single-pass transmembrane,77.1817,77.3681
3051,Q8NB49,10,large transmembrane,82.841,83.233
3052,Q8NB59,1,single-pass transmembrane,65.7408,66.1804
3053,Q8NBD8,4,medium transmembrane,90.4428,91.3627
3054,Q8NBI2,6,medium transmembrane,92.6895,92.6413
3055,Q8NBI5,12,large transmembrane,81.9575,82.4974
3056,Q8NBI6,1,single-pass transmembrane,83.784,85.3412
3057,Q8NBJ4,1,single-pass transmembrane,64.2938,65.1272
3058,Q8NBJ9,11,large transmembrane,80.0816,80.4826
3059,Q8NBL3,4,medium transmembrane,71.982,71.7559
3060,Q8NBM4,7,GPCR transmembrane,72.2372,72.3869
3061,Q8NBN3,7,GPCR transmembrane,71.9797,72.7597
3062,Q8NBP5,12,large transmembrane,82.3686,82.18
3063,Q8NBQ7,7,GPCR transmembrane,93.0261,92.8427
3064,Q8NBR0,1,single-pass transmembrane,60.6288,61.8415
3065,Q8NBS3,13,large transmembrane,72.7363,73.2609
3066,Q8NBT3,7,GPCR transmembrane,78.249,78.9081
3067,Q8NBU5,1,single-pass transmembrane,84.7762,84.6721
3068,Q8NBV4,5,medium transmembrane,79.8852,79.9698
3069,Q8NBV8,1,single-pass transmembrane,78.3828,79.0545
3070,Q8NBW4,11,large transmembrane,77.0945,77.4659
3071,Q8NBZ7,1,single-pass transmembrane,90.0288,89.9354
3072,Q8NC01,1,single-pass transmembrane,84.1706,84.5312
3073,Q8NC24,1,single-pass transmembrane,59.6383,60.5703
3074,Q8NC42,1,single-pass transmembrane,74.2788,75.0483
3075,Q8NC44,5,medium transmembrane,58.0525,59.1333
3076,Q8NC54,2,medium transmembrane,57.6335,58.1519
3077,Q8NC56,3,medium transmembrane,70.5236,71.6708
3078,Q8NC67,1,single-pass transmembrane,72.3232,72.4228
3079,Q8NCC5,12,large transmembrane,84.482,84.2257
3080,Q8NCG5,1,single-pass transmembrane,90.5739,90.7723
3081,Q8NCG7,4,medium transmembrane,72.9328,73.6642
3082,Q8NCH0,1,single-pass transmembrane,82.9536,84.2164
3083,Q8NCK7,12,large transmembrane,84.3143,84.3856
3084,Q8NCL4,1,single-pass transmembrane,88.6991,88.5696
3085,Q8NCL8,4,medium transmembrane,73.5493,73.9261
3086,Q8NCM2,7,GPCR transmembrane,71.9987,72.5379
3087,Q8NCQ3,2,medium transmembrane,75.7012,75.5131
3088,Q8NCR9,4,medium transmembrane,87.0054,87.1041
3089,Q8NCS4,4,medium transmembrane,79.1671,78.5309
3090,Q8NCS7,10,large transmembrane,82.4717,82.7679
3091,Q8NCU8,1,single-pass transmembrane,89.0362,89.3489
3092,Q8NCW0,1,single-pass transmembrane,75.8933,76.8279
3093,Q8NCW6,1,single-pass transmembrane,85.0167,85.2774
3094,Q8ND94,1,single-pass transmembrane,81.248,81.342
3095,Q8NDV1,1,single-pass transmembrane,89.2072,89.2472
3096,Q8NDV2,7,GPCR transmembrane,91.0079,90.9472
3097,Q8NDX2,12,large transmembrane,78.1013,78.0466
3098,Q8NDY8,1,single-pass transmembrane,59.0795,59.2779
3099,Q8NDZ6,9,large transmembrane,82.2358,82.703
3100,Q8NE00,10,large transmembrane,80.5783,80.8504
3101,Q8NE01,3,medium transmembrane,67.2401,68.1878
3102,Q8NE79,3,medium transmembrane,74.9864,75.738
3103,Q8NE86,2,medium transmembrane,78.399,79.5424
3104,Q8NEA5,1,single-pass transmembrane,61.2879,61.7086
3105,Q8NEB5,6,medium transmembrane,92.2447,92.3305
3106,Q8NEN9,1,single-pass transmembrane,61.1558,62.1135
3107,Q8NEQ5,1,single-pass transmembrane,64.7934,65.0876
3108,Q8NER1,6,medium transmembrane,71.8502,72.4278
3109,Q8NER5,1,single-pass transmembrane,84.7076,85.2401
3110,Q8NES3,1,single-pass transmembrane,82.1793,83.6832
3111,Q8NET5,1,single-pass transmembrane,72.0174,71.8994
3112,Q8NET8,6,medium transmembrane,76.6262,76.9253
3113,Q8NEW0,6,medium transmembrane,75.9804,76.4314
3114,Q8NEW7,2,medium transmembrane,63.1833,63.8024
3115,Q8NF37,3,medium transmembrane,82.6749,83.2446
3116,Q8NFB2,8,large transmembrane,78.1115,78.1097
3117,Q8NFF2,11,large transmembrane,70.5333,70.5477
3118,Q8NFJ5,7,GPCR transmembrane,77.7549,77.4594
3119,Q8NFJ6,7,GPCR transmembrane,77.7589,77.9347
3120,Q8NFK1,4,medium transmembrane,75.4004,75.3008
3121,Q8NFL0,1,single-pass transmembrane,86.9975,87.374
3122,Q8NFM4,12,large transmembrane,79.1384,79.1683
3123,Q8NFM7,1,single-pass transmembrane,68.1009,69.4554
3124,Q8NFN8,7,GPCR transmembrane,55.3365,55.6466
3125,Q8NFQ8,1,single-pass transmembrane,69.3923,70.081
3126,Q8NFR3,3,medium transmembrane,86.3826,86.7944
3127,Q8NFR9,1,single-pass transmembrane,68.7893,68.9518
3128,Q8NFT2,6,medium transmembrane,88.6551,89.0937
3129,Q8NFT8,1,single-pass transmembrane,70.3072,70.2783
3130,Q8NFU0,4,medium transmembrane,82.4503,83.5738
3131,Q8NFU1,4,medium transmembrane,80.389,82.0967
3132,Q8NFY4,1,single-pass transmembrane,66.8192,67.3148
3133,Q8NFZ3,1,single-pass transmembrane,79.2179,79.0625
3134,Q8NFZ4,1,single-pass transmembrane,77.7815,78.7399
3135,Q8NFZ6,8,large transmembrane,67.4834,67.4672
3136,Q8NFZ8,1,single-pass transmembrane,85.2988,85.3458
3137,Q8NG04,11,large transmembrane,76.9269,76.8527
3138,Q8NG11,4,medium transmembrane,88.2699,87.9901
3139,Q8NG75,7,GPCR transmembrane,86.8487,86.6685
3140,Q8NG76,7,GPCR transmembrane,88.4014,88.1365
3141,Q8NG77,7,GPCR transmembrane,88.4479,88.1789
3142,Q8NG78,7,GPCR transmembrane,82.2078,81.8421
3143,Q8NG80,7,GPCR transmembrane,90.7562,90.6213
3144,Q8NG81,7,GPCR transmembrane,85.4499,85.4582
3145,Q8NG83,7,GPCR transmembrane,85.2351,85.1614
3146,Q8NG84,7,GPCR transmembrane,86.39,86.1557
3147,Q8NG85,7,GPCR transmembrane,91.5574,91.4221
3148,Q8NG92,7,GPCR transmembrane,85.3008,85.1926
3149,Q8NG94,7,GPCR transmembrane,78.3983,78.9378
3150,Q8NG95,7,GPCR transmembrane,87.9243,88.0703
3151,Q8NG97,7,GPCR transmembrane,85.3187,85.4936
3152,Q8NG98,7,GPCR transmembrane,86.7499,87.0736
3153,Q8NG99,7,GPCR transmembrane,85.5673,85.3538
3154,Q8NGA0,7,GPCR transmembrane,88.8685,88.962
3155,Q8NGA1,7,GPCR transmembrane,89.7685,89.966
3156,Q8NGA2,7,GPCR transmembrane,84.6722,84.7267
3157,Q8NGA4,5,medium transmembrane,78.8803,79.0824
3158,Q8NGA5,7,GPCR transmembrane,86.9516,87.0151
3159,Q8NGA6,7,GPCR transmembrane,86.7403,86.7356
3160,Q8NGA8,7,GPCR transmembrane,90.3757,90.1827
3161,Q8NGB2,7,GPCR transmembrane,86.1363,85.988
3162,Q8NGB4,7,GPCR transmembrane,88.6189,88.6164
3163,Q8NGB6,7,GPCR transmembrane,84.5627,84.5911
3164,Q8NGB8,7,GPCR transmembrane,87.3128,87.303
3165,Q8NGB9,7,GPCR transmembrane,87.728,87.6345
3166,Q8NGC0,7,GPCR transmembrane,78.6943,78.3032
3167,Q8NGC1,7,GPCR transmembrane,82.0896,82.0738
3168,Q8NGC2,7,GPCR transmembrane,89.8289,89.7529
3169,Q8NGC3,7,GPCR transmembrane,86.5082,86.7488
3170,Q8NGC4,7,GPCR transmembrane,87.8522,87.8103
3171,Q8NGC5,7,GPCR transmembrane,86.0057,86.111
3172,Q8NGC6,7,GPCR transmembrane,85.4443,85.273
3173,Q8NGC7,7,GPCR transmembrane,86.5583,86.6937
3174,Q8NGC8,7,GPCR transmembrane,90.0101,90.1361
3175,Q8NGC9,7,GPCR transmembrane,86.7816,86.7681
3176,Q8NGD0,7,GPCR transmembrane,89.535,89.5502
3177,Q8NGD1,7,GPCR transmembrane,86.2721,86.3051
3178,Q8NGD2,7,GPCR transmembrane,84.825,84.9655
3179,Q8NGD3,7,GPCR transmembrane,85.9175,85.792
3180,Q8NGD4,7,GPCR transmembrane,84.6408,84.5724
3181,Q8NGD5,7,GPCR transmembrane,84.0654,83.9662
3182,Q8NGE0,7,GPCR transmembrane,78.164,78.2027
3183,Q8NGE1,7,GPCR transmembrane,89.6048,89.7027
3184,Q8NGE2,7,GPCR transmembrane,89.6785,89.7089
3185,Q8NGE3,7,GPCR transmembrane,88.2289,88.2868
3186,Q8NGE5,7,GPCR transmembrane,89.9146,89.931
3187,Q8NGE7,7,GPCR transmembrane,87.0079,87.1672
3188,Q8NGE8,7,GPCR transmembrane,87.8802,87.7607
3189,Q8NGE9,7,GPCR transmembrane,84.4532,84.4362
3190,Q8NGF0,7,GPCR transmembrane,86.8536,87.0369
3191,Q8NGF1,7,GPCR transmembrane,83.7801,83.9877
3192,Q8NGF3,7,GPCR transmembrane,84.2111,84.4948
3193,Q8NGF4,7,GPCR transmembrane,87.1938,86.8822
3194,Q8NGF6,7,GPCR transmembrane,85.1279,85.0246
3195,Q8NGF7,7,GPCR transmembrane,84.4753,84.3222
3196,Q8NGF8,7,GPCR transmembrane,87.3141,87.3961
3197,Q8NGF9,7,GPCR transmembrane,84.4603,84.6283
3198,Q8NGG0,7,GPCR transmembrane,89.4593,89.3571
3199,Q8NGG1,7,GPCR transmembrane,89.1138,89.0735
3200,Q8NGG2,7,GPCR transmembrane,81.5709,81.4065
3201,Q8NGG3,7,GPCR transmembrane,83.6801,83.5471
3202,Q8NGG4,7,GPCR transmembrane,88.6885,88.5226
3203,Q8NGG5,7,GPCR transmembrane,88.8105,88.8215
3204,Q8NGG6,7,GPCR transmembrane,88.7829,88.9576
3205,Q8NGG7,7,GPCR transmembrane,86.9902,87.0167
3206,Q8NGG8,7,GPCR transmembrane,90.6356,90.5925
3207,Q8NGH3,7,GPCR transmembrane,87.4434,87.5376
3208,Q8NGH5,7,GPCR transmembrane,84.3809,84.7823
3209,Q8NGH6,8,large transmembrane,85.9308,85.4457
3210,Q8NGH7,7,GPCR transmembrane,85.4291,84.9735
3211,Q8NGH8,7,GPCR transmembrane,87.2829,87.5894
3212,Q8NGH9,7,GPCR transmembrane,87.7662,87.5989
3213,Q8NGI0,7,GPCR transmembrane,89.277,89.2605
3214,Q8NGI1,7,GPCR transmembrane,85.0018,85.0057
3215,Q8NGI2,7,GPCR transmembrane,89.8394,89.7661
3216,Q8NGI3,7,GPCR transmembrane,83.4063,83.4642
3217,Q8NGI4,7,GPCR transmembrane,84.1556,84.2171
3218,Q8NGI6,7,GPCR transmembrane,89.5716,89.5514
3219,Q8NGI7,7,GPCR transmembrane,88.2744,88.198
3220,Q8NGI8,7,GPCR transmembrane,88.8618,89.2366
3221,Q8NGI9,7,GPCR transmembrane,86.7122,86.8609
3222,Q8NGJ0,7,GPCR transmembrane,87.6374,87.4549
3223,Q8NGJ1,7,GPCR transmembrane,87.6539,87.6053
3224,Q8NGJ2,7,GPCR transmembrane,86.7148,86.8731
3225,Q8NGJ3,7,GPCR transmembrane,86.2261,86.048
3226,Q8NGJ4,7,GPCR transmembrane,85.9977,85.6148
3227,Q8NGJ5,7,GPCR transmembrane,89.4074,89.064
3228,Q8NGJ6,7,GPCR transmembrane,88.2395,88.1164
3229,Q8NGJ7,7,GPCR transmembrane,86.7125,86.6706
3230,Q8NGJ8,7,GPCR transmembrane,84.5797,84.7185
3231,Q8NGJ9,7,GPCR transmembrane,84.7134,84.5877
3232,Q8NGK0,7,GPCR transmembrane,87.4273,87.7401
3233,Q8NGK1,7,GPCR transmembrane,87.3359,86.9981
3234,Q8NGK2,7,GPCR transmembrane,86.5253,86.571
3235,Q8NGK3,7,GPCR transmembrane,87.1562,87.1583
3236,Q8NGK4,7,GPCR transmembrane,87.9923,87.9993
3237,Q8NGK5,7,GPCR transmembrane,87.2753,86.9372
3238,Q8NGK6,7,GPCR transmembrane,85.9242,85.7027
3239,Q8NGK9,7,GPCR transmembrane,84.8962,84.1929
3240,Q8NGL0,7,GPCR transmembrane,89.4807,89.662
3241,Q8NGL1,7,GPCR transmembrane,88.9769,88.9013
3242,Q8NGL2,7,GPCR transmembrane,87.8616,88.0923
3243,Q8NGL3,7,GPCR transmembrane,89.2739,89.2048
3244,Q8NGL4,7,GPCR transmembrane,88.7062,88.5755
3245,Q8NGL6,7,GPCR transmembrane,84.9772,84.666
3246,Q8NGL7,7,GPCR transmembrane,91.5922,91.514
3247,Q8NGL9,7,GPCR transmembrane,86.0687,85.9523
3248,Q8NGM1,7,GPCR transmembrane,90.3447,90.2142
3249,Q8NGM8,7,GPCR transmembrane,90.6966,90.7013
3250,Q8NGM9,7,GPCR transmembrane,89.5934,89.7451
3251,Q8NGN0,7,GPCR transmembrane,86.7114,86.6909
3252,Q8NGN1,7,GPCR transmembrane,74.9523,74.8797
3253,Q8NGN2,7,GPCR transmembrane,83.8631,84.0645
3254,Q8NGN3,7,GPCR transmembrane,86.8362,86.9037
3255,Q8NGN4,7,GPCR transmembrane,86.8584,86.9267
3256,Q8NGN5,7,GPCR transmembrane,87.9361,88.0428
3257,Q8NGN6,7,GPCR transmembrane,87.2359,87.4216
3258,Q8NGN7,7,GPCR transmembrane,90.7573,90.6629
3259,Q8NGN8,7,GPCR transmembrane,90.2376,90.2957
3260,Q8NGP0,7,GPCR transmembrane,88.0628,88.1507
3261,Q8NGP2,7,GPCR transmembrane,89.394,89.2268
3262,Q8NGP3,7,GPCR transmembrane,88.8723,88.6764
3263,Q8NGP4,7,GPCR transmembrane,90.2203,90.1897
3264,Q8NGP6,7,GPCR transmembrane,90.7684,90.6351
3265,Q8NGP8,7,GPCR transmembrane,89.4554,89.3914
3266,Q8NGP9,7,GPCR transmembrane,90.2411,90.1809
3267,Q8NGQ1,7,GPCR transmembrane,85.9054,85.8561
3268,Q8NGQ2,7,GPCR transmembrane,85.8638,85.7139
3269,Q8NGQ3,7,GPCR transmembrane,87.1951,87.0948
3270,Q8NGQ4,7,GPCR transmembrane,86.0137,86.0396
3271,Q8NGQ5,7,GPCR transmembrane,82.8534,82.9199
3272,Q8NGQ6,7,GPCR transmembrane,87.8727,87.8375
3273,Q8NGR1,7,GPCR transmembrane,84.5405,84.2267
3274,Q8NGR2,7,GPCR transmembrane,84.5508,84.3977
3275,Q8NGR3,7,GPCR transmembrane,84.6855,84.6422
3276,Q8NGR4,7,GPCR transmembrane,86.0603,86.0156
3277,Q8NGR5,7,GPCR transmembrane,89.0784,89.1592
3278,Q8NGR6,7,GPCR transmembrane,86.7989,86.7621
3279,Q8NGR8,7,GPCR transmembrane,84.7445,84.7406
3280,Q8NGR9,7,GPCR transmembrane,86.1138,85.9323
3281,Q8NGS0,7,GPCR transmembrane,88.9034,89.1412
3282,Q8NGS1,7,GPCR transmembrane,87.0963,87.1762
3283,Q8NGS2,7,GPCR transmembrane,88.5363,88.5771
3284,Q8NGS3,7,GPCR transmembrane,87.5513,87.8799
3285,Q8NGS4,7,GPCR transmembrane,86.8334,86.6174
3286,Q8NGS5,7,GPCR transmembrane,83.5987,83.5042
3287,Q8NGS6,7,GPCR transmembrane,77.6973,77.5038
3288,Q8NGS7,7,GPCR transmembrane,82.2582,82.1805
3289,Q8NGS8,7,GPCR transmembrane,76.546,76.2201
3290,Q8NGS9,7,GPCR transmembrane,82.734,82.2484
3291,Q8NGT0,7,GPCR transmembrane,81.8439,81.2578
3292,Q8NGT1,7,GPCR transmembrane,87.9526,87.7575
3293,Q8NGT2,7,GPCR transmembrane,81.2812,80.985
3294,Q8NGT5,7,GPCR transmembrane,84.7343,84.6802
3295,Q8NGT7,7,GPCR transmembrane,84.3543,84.1937
3296,Q8NGT9,7,GPCR transmembrane,86.2384,86.0514
3297,Q8NGU1,6,medium transmembrane,89.863,89.9594
3298,Q8NGU2,7,GPCR transmembrane,84.5852,84.6963
3299,Q8NGU4,7,GPCR transmembrane,88.9339,89.0705
3300,Q8NGU9,7,GPCR transmembrane,70.6395,70.8935
3301,Q8NGV0,7,GPCR transmembrane,88.3793,88.401
3302,Q8NGV5,7,GPCR transmembrane,79.8184,79.408
3303,Q8NGV6,7,GPCR transmembrane,85.0326,84.769
3304,Q8NGV7,7,GPCR transmembrane,87.5802,87.6031
3305,Q8NGW1,7,GPCR transmembrane,82.4822,82.7186
3306,Q8NGW6,7,GPCR transmembrane,83.7831,83.6794
3307,Q8NGX0,7,GPCR transmembrane,87.6135,87.4566
3308,Q8NGX1,7,GPCR transmembrane,87.3211,87.4286
3309,Q8NGX2,7,GPCR transmembrane,88.0364,88.2985
3310,Q8NGX3,7,GPCR transmembrane,83.5809,83.6685
3311,Q8NGX5,7,GPCR transmembrane,86.9549,86.7408
3312,Q8NGX6,7,GPCR transmembrane,82.43,82.0553
3313,Q8NGX8,7,GPCR transmembrane,85.5835,85.9315
3314,Q8NGX9,7,GPCR transmembrane,85.2064,84.9257
3315,Q8NGY0,7,GPCR transmembrane,86.7852,86.6739
3316,Q8NGY1,7,GPCR transmembrane,84.6771,84.7465
3317,Q8NGY2,7,GPCR transmembrane,85.9089,85.9098
3318,Q8NGY3,7,GPCR transmembrane,86.9608,87.2888
3319,Q8NGY5,7,GPCR transmembrane,89.1502,89.0371
3320,Q8NGY6,7,GPCR transmembrane,89.1228,89.1232
3321,Q8NGY7,6,medium transmembrane,84.5249,84.2113
3322,Q8NGY9,7,GPCR transmembrane,90.1935,90.006
3323,Q8NGZ0,7,GPCR transmembrane,86.0474,85.7283
3324,Q8NGZ2,7,GPCR transmembrane,83.4089,83.2067
3325,Q8NGZ3,7,GPCR transmembrane,85.829,85.6174
3326,Q8NGZ4,7,GPCR transmembrane,88.9415,89.1094
3327,Q8NGZ5,7,GPCR transmembrane,82.7558,82.7219
3328,Q8NGZ6,7,GPCR transmembrane,87.2457,87.1951
3329,Q8NGZ9,7,GPCR transmembrane,88.6327,88.5296
3330,Q8NH00,7,GPCR transmembrane,84.3931,84.1419
3331,Q8NH01,7,GPCR transmembrane,88.3745,88.4865
3332,Q8NH02,7,GPCR transmembrane,89.4169,89.3572
3333,Q8NH03,7,GPCR transmembrane,87.5972,87.7588
3334,Q8NH04,7,GPCR transmembrane,88.2971,88.3487
3335,Q8NH05,7,GPCR transmembrane,87.8192,87.9348
3336,Q8NH06,7,GPCR transmembrane,81.4839,81.7907
3337,Q8NH07,7,GPCR transmembrane,84.982,85.4585
3338,Q8NH08,7,GPCR transmembrane,82.6961,82.6185
3339,Q8NH09,7,GPCR transmembrane,75.3975,75.6012
3340,Q8NH10,7,GPCR transmembrane,89.5432,89.604
3341,Q8NH16,7,GPCR transmembrane,89.6017,89.4277
3342,Q8NH18,7,GPCR transmembrane,82.2716,82.0712
3343,Q8NH19,7,GPCR transmembrane,91.3724,91.3351
3344,Q8NH21,7,GPCR transmembrane,89.6336,89.4399
3345,Q8NH37,7,GPCR transmembrane,89.3195,89.1345
3346,Q8NH40,7,GPCR transmembrane,85.2537,85.3772
3347,Q8NH41,8,large transmembrane,78.6469,78.671
3348,Q8NH42,7,GPCR transmembrane,84.3723,84.1163
3349,Q8NH43,7,GPCR transmembrane,85.7256,85.8269
3350,Q8NH48,7,GPCR transmembrane,86.1381,86.0706
3351,Q8NH49,7,GPCR transmembrane,88.0618,88.2136
3352,Q8NH50,7,GPCR transmembrane,89.6407,89.56
3353,Q8NH51,7,GPCR transmembrane,89.2386,89.183
3354,Q8NH53,7,GPCR transmembrane,89.3156,89.2645
3355,Q8NH54,7,GPCR transmembrane,83.7411,83.9453
3356,Q8NH55,7,GPCR transmembrane,82.4388,81.9818
3357,Q8NH56,7,GPCR transmembrane,85.3041,85.2127
3358,Q8NH57,7,GPCR transmembrane,86.9406,86.8284
3359,Q8NH59,7,GPCR transmembrane,85.9887,85.8562
3360,Q8NH60,7,GPCR transmembrane,87.4761,87.0722
3361,Q8NH61,7,GPCR transmembrane,86.277,86.3493
3362,Q8NH63,8,large transmembrane,84.861,84.7425
3363,Q8NH64,7,GPCR transmembrane,88.9831,88.9195
3364,Q8NH67,8,large transmembrane,83.3975,83.1239
3365,Q8NH69,7,GPCR transmembrane,90.6814,90.5171
3366,Q8NH70,7,GPCR transmembrane,85.5638,85.4954
3367,Q8NH72,7,GPCR transmembrane,90.0537,89.994
3368,Q8NH73,7,GPCR transmembrane,88.6544,88.6564
3369,Q8NH74,7,GPCR transmembrane,86.4971,86.3787
3370,Q8NH76,7,GPCR transmembrane,82.1652,82.3123
3371,Q8NH79,7,GPCR transmembrane,85.7445,85.9823
3372,Q8NH80,7,GPCR transmembrane,89.5706,89.6341
3373,Q8NH81,7,GPCR transmembrane,84.0312,84.0664
3374,Q8NH83,7,GPCR transmembrane,87.6959,87.7596
3375,Q8NH85,7,GPCR transmembrane,88.1101,88.0399
3376,Q8NH87,7,GPCR transmembrane,86.6971,86.4221
3377,Q8NH89,7,GPCR transmembrane,87.6649,87.6985
3378,Q8NH90,7,GPCR transmembrane,81.568,81.4834
3379,Q8NH92,7,GPCR transmembrane,86.5558,86.4305
3380,Q8NH93,7,GPCR transmembrane,88.2011,88.3471
3381,Q8NH94,8,large transmembrane,81.537,81.4451
3382,Q8NH95,3,medium transmembrane,76.2195,76.3007
3383,Q8NHA4,7,GPCR transmembrane,86.1586,85.7541
3384,Q8NHA6,7,GPCR transmembrane,87.1419,87.1302
3385,Q8NHA8,7,GPCR transmembrane,81.8964,82.0982
3386,Q8NHB1,7,GPCR transmembrane,85.4728,85.046
3387,Q8NHB7,7,GPCR transmembrane,89.552,89.3737
3388,Q8NHB8,7,GPCR transmembrane,88.2978,88.2642
3389,Q8NHC4,7,GPCR transmembrane,85.858,85.6849
3390,Q8NHC5,7,GPCR transmembrane,89.1273,89.1933
3391,Q8NHC6,7,GPCR transmembrane,85.3319,85.5228
3392,Q8NHC7,7,GPCR transmembrane,87.0187,87.0171
3393,Q8NHC8,7,GPCR transmembrane,88.3097,88.2167
3394,Q8NHE4,2,medium transmembrane,94.3604,94.3748
3395,Q8NHH9,2,medium transmembrane,83.7339,83.9934
3396,Q8NHJ6,1,single-pass transmembrane,66.1389,66.7008
3397,Q8NHK3,1,single-pass transmembrane,72.2427,72.332
3398,Q8NHL6,1,single-pass transmembrane,72.629,73.0394
3399,Q8NHP6,1,single-pass transmembrane,80.8823,81.7076
3400,Q8NHS1,4,medium transmembrane,88.3623,88.2865
3401,Q8NHS3,12,large transmembrane,83.5036,83.3577
3402,Q8NHU3,6,medium transmembrane,76.2822,77.0559
3403,Q8NHV5,3,medium transmembrane,88.8037,89.0552
3404,Q8NHX9,12,large transmembrane,79.6566,80.2214
3405,Q8NHY0,1,single-pass transmembrane,83.8786,84.6776
3406,Q8NI17,1,single-pass transmembrane,74.5429,74.8285
3407,Q8NI28,2,medium transmembrane,37.3963,37.5555
3408,Q8NI32,1,single-pass transmembrane,80.1672,80.0313
3409,Q8TAA9,4,medium transmembrane,75.4346,75.8569
3410,Q8TAB3,1,single-pass transmembrane,68.8197,68.7477
3411,Q8TAC9,4,medium transmembrane,85.615,85.736
3412,Q8TAD4,17,large transmembrane,77.5464,78.2583
3413,Q8TAE7,6,medium transmembrane,79.813,80.1374
3414,Q8TAF8,4,medium transmembrane,89.3128,89.248
3415,Q8TAQ9,2,medium transmembrane,76.639,76.6654
3416,Q8TAZ6,4,medium transmembrane,66.5479,66.9839
3417,Q8TB61,11,large transmembrane,80.1767,80.5554
3418,Q8TB68,1,single-pass transmembrane,57.1286,57.6427
3419,Q8TB96,1,single-pass transmembrane,89.4672,89.8454
3420,Q8TBA6,3,medium transmembrane,72.18,73.1469
3421,Q8TBB6,14,large transmembrane,73.1173,73.1282
3422,Q8TBE3,1,single-pass transmembrane,67.4038,67.9025
3423,Q8TBE7,10,large transmembrane,77.3573,76.9223
3424,Q8TBF5,1,single-pass transmembrane,84.0012,85.0239
3425,Q8TBG9,3,medium transmembrane,76.4346,76.3915
3426,Q8TBJ4,6,medium transmembrane,79.1523,79.298
3427,Q8TBM7,2,medium transmembrane,90.3185,90.9306
3428,Q8TBM8,1,single-pass transmembrane,75.4196,76.3761
3429,Q8TBP5,1,single-pass transmembrane,59.4547,60.1099
3430,Q8TBP6,6,medium transmembrane,77.3484,77.1823
3431,Q8TBQ9,2,medium transmembrane,66.4528,66.5813
3432,Q8TBR7,7,GPCR transmembrane,93.2055,93.2266
3433,Q8TC26,6,medium transmembrane,76.2145,76.3879
3434,Q8TC27,1,single-pass transmembrane,76.698,76.8615
3435,Q8TC36,2,medium transmembrane,75.6661,75.5412
3436,Q8TC41,1,single-pass transmembrane,60.918,62.1911
3437,Q8TCB6,7,GPCR transmembrane,88.4024,88.3923
3438,Q8TCC7,12,large transmembrane,85.5576,85.6172
3439,Q8TCG5,2,medium transmembrane,88.5578,88.8019
3440,Q8TCJ2,13,large transmembrane,79.8824,80.5184
3441,Q8TCP9,1,single-pass transmembrane,82.7188,82.9513
3442,Q8TCQ1,2,medium transmembrane,68.5872,70.2626
3443,Q8TCT6,10,large transmembrane,77.9777,78.5109
3444,Q8TCT7,8,large transmembrane,75.8573,76.4171
3445,Q8TCT8,8,large transmembrane,79.5074,79.3919
3446,Q8TCT9,7,GPCR transmembrane,81.9465,82.5329
3447,Q8TCU3,12,large transmembrane,88.2281,88.069
3448,Q8TCU5,3,medium transmembrane,72.8557,73.0389
3449,Q8TCW7,1,single-pass transmembrane,77.0651,77.2749
3450,Q8TCW9,7,GPCR transmembrane,78.1181,78.5208
3451,Q8TCY5,1,single-pass transmembrane,58.3017,58.7248
3452,Q8TCZ2,1,single-pass transmembrane,55.9796,55.6355
3453,Q8TD07,1,single-pass transmembrane,81.6859,81.9749
3454,Q8TD20,12,large transmembrane,74.8976,74.5971
3455,Q8TD22,6,medium transmembrane,87.7718,88.3751
3456,Q8TD43,6,medium transmembrane,77.4527,78.5031
3457,Q8TD46,1,single-pass transmembrane,76.6059,76.6515
3458,Q8TDB4,1,single-pass transmembrane,55.0266,55.2103
3459,Q8TDB8,12,large transmembrane,87.1728,87.2937
3460,Q8TDD5,6,medium transmembrane,84.17,84.4512
3461,Q8TDF5,1,single-pass transmembrane,71.2682,71.4352
3462,Q8TDI7,10,large transmembrane,67.4323,68.1981
3463,Q8TDI8,10,large transmembrane,78.3884,78.3939
3464,Q8TDN1,6,medium transmembrane,77.6217,77.8091
3465,Q8TDN2,6,medium transmembrane,75.2635,75.4051
3466,Q8TDN7,7,GPCR transmembrane,93.4909,93.6866
3467,Q8TDQ0,1,single-pass transmembrane,71.6102,71.8576
3468,Q8TDQ1,1,single-pass transmembrane,72.7353,73.3163
3469,Q8TDS4,7,GPCR transmembrane,83.2685,83.6252
3470,Q8TDS5,7,GPCR transmembrane,76.9045,77.3129
3471,Q8TDS7,7,GPCR transmembrane,85.5987,85.4828
3472,Q8TDT2,7,GPCR transmembrane,71.5533,72.4877
3473,Q8TDU5,5,medium transmembrane,83.1102,83.0829
3474,Q8TDU6,7,GPCR transmembrane,78.0788,78.2778
3475,Q8TDU9,7,GPCR transmembrane,81.1928,81.5631
3476,Q8TDV0,7,GPCR transmembrane,77.8289,78.677
3477,Q8TDV2,7,GPCR transmembrane,73.4416,73.954
3478,Q8TDV5,7,GPCR transmembrane,87.1099,87.1145
3479,Q8TDW0,4,medium transmembrane,83.5074,84.0356
3480,Q8TDW4,3,medium transmembrane,79.9454,80.9046
3481,Q8TDY8,1,single-pass transmembrane,70.4437,71.1402
3482,Q8TE23,7,GPCR transmembrane,85.8056,85.8492
3483,Q8TE54,12,large transmembrane,80.3113,80.199
3484,Q8TE99,1,single-pass transmembrane,89.2262,89.5672
3485,Q8TEB7,1,single-pass transmembrane,75.4844,76.0685
3486,Q8TEB9,8,large transmembrane,78.9178,78.5679
3487,Q8TED1,1,single-pass transmembrane,92.98,93.2065
3488,Q8TED4,12,large transmembrane,84.3245,84.437
3489,Q8TEF2,1,single-pass transmembrane,64.3729,64.4719
3490,Q8TEM1,1,single-pass transmembrane,79.2514,79.5541
3491,Q8TEQ8,16,large transmembrane,82.2995,82.3253
3492,Q8TEY5,1,single-pass transmembrane,60.8941,61.7268
3493,Q8TEZ7,8,large transmembrane,93.1627,93.3303
3494,Q8TF62,10,large transmembrane,81.6216,81.7368
3495,Q8TF66,1,single-pass transmembrane,83.747,84.2171
3496,Q8TF71,12,large transmembrane,81.875,82.5664
3497,Q8WTR4,6,medium transmembrane,86.6957,86.8401
3498,Q8WTT0,1,single-pass transmembrane,91.8346,91.6932
3499,Q8WTV0,2,medium transmembrane,83.4958,84.3474
3500,Q8WTX9,4,medium transmembrane,67.2905,67.2408
3501,Q8WU17,14,large transmembrane,79.6816,79.976
3502,Q8WU67,1,single-pass transmembrane,93.5893,93.6236
3503,Q8WUD6,10,large transmembrane,90.9099,91.3231
3504,Q8WUG5,11,large transmembrane,72.9945,73.1782
3505,Q8WUM9,9,large transmembrane,70.2343,70.0155
3506,Q8WUS8,1,single-pass transmembrane,89.0942,89.0036
3507,Q8WUT4,1,single-pass transmembrane,69.9309,70.1761
3508,Q8WUT9,6,medium transmembrane,88.0745,87.9391
3509,Q8WUU8,2,medium transmembrane,58.1513,58.2594
3510,Q8WUX1,11,large transmembrane,79.9617,80.0721
3511,Q8WUY8,2,medium transmembrane,83.3177,83.6049
3512,Q8WV15,4,medium transmembrane,69.1287,69.5177
3513,Q8WV19,4,medium transmembrane,72.5665,72.6408
3514,Q8WV48,2,medium transmembrane,60.7837,61.1629
3515,Q8WV83,10,large transmembrane,73.2205,73.3745
3516,Q8WVC6,1,single-pass transmembrane,94.4886,94.5052
3517,Q8WVE6,4,medium transmembrane,55.2742,55.3723
3518,Q8WVE7,2,medium transmembrane,78.2525,78.6434
3519,Q8WVI0,1,single-pass transmembrane,68.6251,68.3116
3520,Q8WVN6,1,single-pass transmembrane,75.1682,75.4175
3521,Q8WVP7,9,large transmembrane,79.4213,79.5539
3522,Q8WVQ1,1,single-pass transmembrane,89.7314,89.7866
3523,Q8WVV5,1,single-pass transmembrane,85.8198,86.2847
3524,Q8WVX3,1,single-pass transmembrane,67.1277,68.8081
3525,Q8WVX9,2,medium transmembrane,94.2702,94.1435
3526,Q8WVZ1,4,medium transmembrane,78.1266,78.4445
3527,Q8WVZ7,2,medium transmembrane,77.1223,77.2398
3528,Q8WW34,1,single-pass transmembrane,71.3979,72.0349
3529,Q8WW43,7,GPCR transmembrane,90.9195,90.6815
3530,Q8WW52,1,single-pass transmembrane,91.8736,92.0033
3531,Q8WW62,1,single-pass transmembrane,81.1845,81.8809
3532,Q8WWA1,3,medium transmembrane,51.143,51.4982
3533,Q8WWB7,1,single-pass transmembrane,86.3243,86.3268
3534,Q8WWF3,2,medium transmembrane,58.4422,58.9914
3535,Q8WWF5,2,medium transmembrane,67.1265,67.2921
3536,Q8WWG1,1,single-pass transmembrane,78.6575,78.4885
3537,Q8WWG9,1,single-pass transmembrane,56.8938,57.819
3538,Q8WWI5,2,medium transmembrane,83.0474,83.4264
3539,Q8WWP7,1,single-pass transmembrane,87.1663,87.035
3540,Q8WWQ8,1,single-pass transmembrane,70.0932,70.4041
3541,Q8WWT9,13,large transmembrane,81.9197,81.8224
3542,Q8WWU5,4,medium transmembrane,78.1648,78.9895
3543,Q8WWV6,1,single-pass transmembrane,55.2142,56.0245
3544,Q8WWX8,14,large transmembrane,81.895,82.286
3545,Q8WWZ4,12,large transmembrane,75.7946,75.708
3546,Q8WWZ7,14,large transmembrane,77.6286,77.617
3547,Q8WXA8,4,medium transmembrane,80.8259,81.798
3548,Q8WXD0,8,large transmembrane,81.3046,81.5229
3549,Q8WXE9,1,single-pass transmembrane,61.7802,62.9152
3550,Q8WXF7,2,medium transmembrane,86.1764,86.0778
3551,Q8WXH2,1,single-pass transmembrane,61.0042,61.0906
3552,Q8WXI8,1,single-pass transmembrane,86.2446,86.9038
3553,Q8WXS4,4,medium transmembrane,87.3175,86.91
3554,Q8WXS5,4,medium transmembrane,58.7262,60.0741
3555,Q8WY07,14,large transmembrane,84.1114,83.944
3556,Q8WY21,1,single-pass transmembrane,76.9408,78.0426
3557,Q8WY22,4,medium transmembrane,63.3508,64.3864
3558,Q8WY98,3,medium transmembrane,84.4808,84.5044
3559,Q8WYK1,1,single-pass transmembrane,83.5743,83.6745
3560,Q8WZ04,1,single-pass transmembrane,90.6467,91.0247
3561,Q8WZ55,2,medium transmembrane,53.9827,54.0954
3562,Q8WZ59,1,single-pass transmembrane,64.975,66.5467
3563,Q8WZ71,1,single-pass transmembrane,56.3935,57.8688
3564,Q8WZ75,1,single-pass transmembrane,57.5859,58.0043
3565,Q8WZ84,7,GPCR transmembrane,90.8525,90.8821
3566,Q8WZ92,7,GPCR transmembrane,78.242,77.9916
3567,Q8WZ94,7,GPCR transmembrane,87.154,87.007
3568,Q8WZA1,1,single-pass transmembrane,89.7657,89.6548
3569,Q8WZA6,8,large transmembrane,75.9959,76.0452
3570,Q8WZA8,1,single-pass transmembrane,81.5634,82.4941
3571,Q902F9,4,medium transmembrane,68.0477,68.684
3572,Q92185,1,single-pass transmembrane,88.3808,88.5693
3573,Q92186,1,single-pass transmembrane,84.5663,85.4777
3574,Q92478,1,single-pass transmembrane,92.2211,92.2473
3575,Q92482,7,GPCR transmembrane,93.4654,93.137
3576,Q92504,8,large transmembrane,66.4823,66.2056
3577,Q92508,39,large transmembrane,73.4361,74.1269
3578,Q92521,11,large transmembrane,87.7161,88.1214
3579,Q92523,2,medium transmembrane,92.2623,92.3835
3580,Q92535,8,large transmembrane,88.8852,88.8169
3581,Q92536,12,large transmembrane,82.8894,82.6964
3582,Q92537,1,single-pass transmembrane,63.4923,63.8948
3583,Q92542,1,single-pass transmembrane,89.1906,89.5539
3584,Q92543,1,single-pass transmembrane,60.4494,61.5747
3585,Q92544,9,large transmembrane,85.8934,86.0192
3586,Q92545,2,medium transmembrane,59.1714,60.0177
3587,Q92581,13,large transmembrane,70.3365,70.4017
3588,Q92604,1,single-pass transmembrane,92.6186,93.1435
3589,Q92611,1,single-pass transmembrane,83.6399,84.4973
3590,Q92617,2,medium transmembrane,44.0155,44.6983
3591,Q92629,1,single-pass transmembrane,81.9329,81.9661
3592,Q92633,7,GPCR transmembrane,84.0184,84.502
3593,Q92637,1,single-pass transmembrane,82.2155,82.4178
3594,Q92643,1,single-pass transmembrane,85.4388,85.4971
3595,Q92667,1,single-pass transmembrane,55.9939,56.9467
3596,Q92673,1,single-pass transmembrane,73.1676,73.7243
3597,Q92685,12,large transmembrane,89.0912,89.19
3598,Q92692,1,single-pass transmembrane,75.4236,75.4454
3599,Q92729,1,single-pass transmembrane,81.8221,82.1842
3600,Q92806,2,medium transmembrane,85.3409,85.836
3601,Q92819,6,medium transmembrane,90.6672,90.7074
3602,Q92823,1,single-pass transmembrane,78.5544,78.9563
3603,Q92824,1,single-pass transmembrane,77.2353,77.0217
3604,Q92838,1,single-pass transmembrane,70.7849,71.6458
3605,Q92839,6,medium transmembrane,88.0859,88.4422
3606,Q92847,7,GPCR transmembrane,81.2225,81.3626
3607,Q92854,1,single-pass transmembrane,80.8843,81.4672
3608,Q92859,1,single-pass transmembrane,67.146,67.6877
3609,Q92887,17,large transmembrane,81.2056,81.4368
3610,Q92896,1,single-pass transmembrane,77.1302,77.6527
3611,Q92903,9,large transmembrane,80.7253,81.2453
3612,Q92911,13,large transmembrane,81.3214,81.5801
3613,Q92935,1,single-pass transmembrane,79.7766,80.3224
3614,Q92952,6,medium transmembrane,77.5796,78.3245
3615,Q92953,6,medium transmembrane,60.0905,60.793
3616,Q92956,1,single-pass transmembrane,79.9424,79.5515
3617,Q92959,12,large transmembrane,81.6496,82.0247
3618,Q92968,2,medium transmembrane,65.0448,65.7104
3619,Q92982,3,medium transmembrane,64.7574,64.6069
3620,Q93033,1,single-pass transmembrane,81.4687,81.7595
3621,Q93038,1,single-pass transmembrane,71.7312,72.4593
3622,Q93050,8,large transmembrane,83.8617,84.2061
3623,Q93063,1,single-pass transmembrane,87.4575,87.5966
3624,Q93084,10,large transmembrane,86.6514,86.6816
3625,Q93086,1,single-pass transmembrane,79.5103,80.1463
3626,Q95460,1,single-pass transmembrane,88.0236,88.456
3627,Q969E2,5,medium transmembrane,86.5176,86.5463
3628,Q969F0,1,single-pass transmembrane,64.4128,65.0758
3629,Q969F8,7,GPCR transmembrane,75.477,76.4497
3630,Q969I6,11,large transmembrane,75.1201,75.2917
3631,Q969K7,4,medium transmembrane,77.1543,76.6172
3632,Q969L2,4,medium transmembrane,83.6654,84.1502
3633,Q969M2,4,medium transmembrane,58.083,58.6948
3634,Q969M3,5,medium transmembrane,67.2541,66.1514
3635,Q969N2,1,single-pass transmembrane,87.6911,88.1255
3636,Q969N4,7,GPCR transmembrane,90.9216,90.92
3637,Q969P0,1,single-pass transmembrane,88.1993,88.386
3638,Q969S0,10,large transmembrane,86.4993,86.6145
3639,Q969S6,4,medium transmembrane,84.4544,84.1968
3640,Q969V1,7,GPCR transmembrane,88.3969,88.1894
3641,Q969V3,1,single-pass transmembrane,85.2532,85.7348
3642,Q969V5,2,medium transmembrane,89.7361,89.8871
3643,Q969W0,1,single-pass transmembrane,93.8041,93.8179
3644,Q969W1,4,medium transmembrane,87.7922,88.1179
3645,Q969W9,1,single-pass transmembrane,56.898,57.3292
3646,Q969X1,7,GPCR transmembrane,76.3484,76.8711
3647,Q969X2,1,single-pass transmembrane,85.0513,85.3595
3648,Q969X5,2,medium transmembrane,89.4017,89.3131
3649,Q969Y0,1,single-pass transmembrane,89.5275,89.8339
3650,Q969Z3,1,single-pass transmembrane,91.0783,91.3877
3651,Q969Z4,2,medium transmembrane,63.5219,64.0257
3652,Q96A11,1,single-pass transmembrane,86.8791,87.2699
3653,Q96A25,1,single-pass transmembrane,75.4151,76.0746
3654,Q96A26,2,medium transmembrane,64.2086,64.0482
3655,Q96A28,1,single-pass transmembrane,81.3992,81.3597
3656,Q96A29,10,large transmembrane,81.7883,82.102
3657,Q96A33,2,medium transmembrane,77.0218,77.2479
3658,Q96A54,7,GPCR transmembrane,82.8305,83.5299
3659,Q96A57,2,medium transmembrane,80.2852,80.4771
3660,Q96A59,4,medium transmembrane,65.9964,65.3216
3661,Q96AA3,14,large transmembrane,90.2696,90.3599
3662,Q96AG3,6,medium transmembrane,73.9093,74.5758
3663,Q96AG4,2,medium transmembrane,87.85,88.1409
3664,Q96AJ9,1,single-pass transmembrane,85.6054,85.7855
3665,Q96AM1,7,GPCR transmembrane,80.2152,80.7909
3666,Q96AN5,2,medium transmembrane,81.5923,81.8989
3667,Q96AP7,1,single-pass transmembrane,77.5465,78.1149
3668,Q96AQ2,4,medium transmembrane,66.5412,65.8054
3669,Q96AQ8,1,single-pass transmembrane,69.7102,70.8384
3670,Q96AW1,1,single-pass transmembrane,65.0455,66.0384
3671,Q96B21,7,GPCR transmembrane,90.4304,90.5541
3672,Q96B33,4,medium transmembrane,77.3968,77.0755
3673,Q96B42,3,medium transmembrane,89.7712,90.0227
3674,Q96B77,2,medium transmembrane,61.7599,61.4961
3675,Q96B96,1,single-pass transmembrane,80.3852,79.6591
3676,Q96BA8,2,medium transmembrane,54.922,55.4392
3677,Q96BD0,12,large transmembrane,77.8478,78.0999
3678,Q96BF3,1,single-pass transmembrane,68.5522,68.6727
3679,Q96BI1,12,large transmembrane,86.522,86.541
3680,Q96BI3,7,GPCR transmembrane,91.0291,90.9377
3681,Q96BM0,2,medium transmembrane,60.5106,60.4531
3682,Q96BQ5,1,single-pass transmembrane,87.0753,87.3829
3683,Q96BY9,1,single-pass transmembrane,68.0763,68.4679
3684,Q96BZ4,1,single-pass transmembrane,86.5978,86.5521
3685,Q96BZ9,3,medium transmembrane,81.0992,81.6513
3686,Q96C03,2,medium transmembrane,76.273,76.9668
3687,Q96CC6,7,GPCR transmembrane,68.1146,68.3565
3688,Q96CE8,4,medium transmembrane,79.9343,79.9002
3689,Q96CH1,7,GPCR transmembrane,78.4581,78.357
3690,Q96CP6,1,single-pass transmembrane,66.6274,68.0589
3691,Q96CP7,7,GPCR transmembrane,89.9425,89.6534
3692,Q96CQ1,6,medium transmembrane,86.8467,87.0969
3693,Q96D05,2,medium transmembrane,65.5242,65.9784
3694,Q96D31,4,medium transmembrane,71.3084,71.8641
3695,Q96D42,1,single-pass transmembrane,66.3029,66.4846
3696,Q96D59,1,single-pass transmembrane,68.6716,68.9406
3697,Q96D96,4,medium transmembrane,69.7374,70.2725
3698,Q96DA6,1,single-pass transmembrane,87.584,87.543
3699,Q96DB9,1,single-pass transmembrane,57.9385,58.2432
3700,Q96DC7,9,large transmembrane,87.9899,87.9442
3701,Q96DD7,1,single-pass transmembrane,70.1734,70.7161
3702,Q96DL1,1,single-pass transmembrane,89.929,89.9311
3703,Q96DS6,2,medium transmembrane,64.9271,64.4389
3704,Q96DU3,1,single-pass transmembrane,76.4956,76.4973
3705,Q96DX8,1,single-pass transmembrane,79.2506,80.5043
3706,Q96DZ7,4,medium transmembrane,81.0466,80.6884
3707,Q96DZ9,5,medium transmembrane,59.2108,59.4066
3708,Q96E16,1,single-pass transmembrane,67.0643,67.5422
3709,Q96E52,4,medium transmembrane,71.4455,71.5794
3710,Q96E93,1,single-pass transmembrane,81.3763,81.9541
3711,Q96EC8,5,medium transmembrane,74.1431,74.6466
3712,Q96EP9,9,large transmembrane,71.535,71.8143
3713,Q96ER9,4,medium transmembrane,69.389,70.4367
3714,Q96ES6,12,large transmembrane,90.0175,90.0559
3715,Q96ET8,3,medium transmembrane,58.7484,59.4347
3716,Q96EU7,1,single-pass transmembrane,86.9067,86.9676
3717,Q96EX1,1,single-pass transmembrane,77.6004,77.6541
3718,Q96EX2,6,medium transmembrane,70.3168,71.0407
3719,Q96EZ4,1,single-pass transmembrane,30.9935,31.2698
3720,Q96F05,1,single-pass transmembrane,51.6323,52.341
3721,Q96F15,1,single-pass transmembrane,89.3823,89.8244
3722,Q96F25,1,single-pass transmembrane,89.818,89.9095
3723,Q96F46,1,single-pass transmembrane,68.6123,70.0323
3724,Q96F81,12,large transmembrane,64.8959,65.2292
3725,Q96FB5,3,medium transmembrane,91.1665,91.2835
3726,Q96FE5,1,single-pass transmembrane,86.5259,86.9702
3727,Q96FE7,1,single-pass transmembrane,67.7832,68.6316
3728,Q96FL8,13,large transmembrane,86.1943,86.2689
3729,Q96FL9,1,single-pass transmembrane,88.7894,88.9229
3730,Q96FM1,7,GPCR transmembrane,92.4012,92.9778
3731,Q96FT7,2,medium transmembrane,71.2366,72.5963
3732,Q96FV3,4,medium transmembrane,88.2395,88.4101
3733,Q96FX8,4,medium transmembrane,82.1524,82.3516
3734,Q96FZ5,4,medium transmembrane,70.5131,71.2966
3735,Q96G23,7,GPCR transmembrane,86.8501,87.5863
3736,Q96G27,1,single-pass transmembrane,59.0331,60.0713
3737,Q96G30,1,single-pass transmembrane,57.8874,58.3898
3738,Q96G79,10,large transmembrane,85.2385,85.9018
3739,Q96G91,7,GPCR transmembrane,81.8574,82.1955
3740,Q96G97,2,medium transmembrane,73.887,74.987
3741,Q96GC9,6,medium transmembrane,78.4903,78.7256
3742,Q96GE9,2,medium transmembrane,60.6797,61.1396
3743,Q96GF1,1,single-pass transmembrane,68.6996,70.1649
3744,Q96GL9,1,single-pass transmembrane,58.401,58.317
3745,Q96GM1,6,medium transmembrane,78.8959,78.9616
3746,Q96GP6,1,single-pass transmembrane,64.4752,64.5572
3747,Q96GQ5,6,medium transmembrane,85.6368,85.7972
3748,Q96GR4,4,medium transmembrane,88.616,88.9441
3749,Q96GX1,1,single-pass transmembrane,73.4444,73.7271
3750,Q96GZ6,12,large transmembrane,79.5527,79.6661
3751,Q96H15,1,single-pass transmembrane,63.8811,64.5771
3752,Q96H72,8,large transmembrane,75.3148,76.2986
3753,Q96H78,6,medium transmembrane,81.4092,81.0899
3754,Q96H96,9,large transmembrane,85.9507,86.3179
3755,Q96HA1,2,medium transmembrane,41.8709,42.2417
3756,Q96HA4,1,single-pass transmembrane,48.0827,47.8771
3757,Q96HA9,6,medium transmembrane,92.0352,92.3617
3758,Q96HD1,2,medium transmembrane,81.8757,81.5905
3759,Q96HE8,4,medium transmembrane,64.9119,65.5949
3760,Q96HG1,2,medium transmembrane,66.2339,66.5452
3761,Q96HH4,4,medium transmembrane,55.7717,56.0677
3762,Q96HH6,9,large transmembrane,90.8448,90.6178
3763,Q96HH9,2,medium transmembrane,63.9008,64.6944
3764,Q96HJ5,4,medium transmembrane,77.9285,77.7056
3765,Q96HP8,4,medium transmembrane,74.421,74.181
3766,Q96HR9,4,medium transmembrane,72.315,72.3752
3767,Q96HV5,6,medium transmembrane,84.6128,84.7033
3768,Q96HY6,1,single-pass transmembrane,74.7303,75.7107
3769,Q96I36,1,single-pass transmembrane,85.42,85.7422
3770,Q96I45,2,medium transmembrane,64.0054,63.6022
3771,Q96IK0,8,large transmembrane,88.7272,88.6329
3772,Q96IQ7,1,single-pass transmembrane,80.0277,80.204
3773,Q96IV6,5,medium transmembrane,92.9969,93.0692
3774,Q96IW7,4,medium transmembrane,82.062,82.8216
3775,Q96IX5,1,single-pass transmembrane,74.4497,74.7467
3776,Q96IZ2,6,medium transmembrane,90.7265,90.7993
3777,Q96J65,12,large transmembrane,77.5871,77.8901
3778,Q96J66,12,large transmembrane,78.5782,78.9857
3779,Q96J84,1,single-pass transmembrane,75.8523,75.5875
3780,Q96J86,1,single-pass transmembrane,60.5219,59.739
3781,Q96JA1,1,single-pass transmembrane,74.6737,75.2231
3782,Q96JA4,5,medium transmembrane,48.2501,48.5355
3783,Q96JF0,1,single-pass transmembrane,75.2607,75.7721
3784,Q96JJ6,2,medium transmembrane,63.4553,64.6177
3785,Q96JJ7,1,single-pass transmembrane,85.7936,86.1128
3786,Q96JP9,1,single-pass transmembrane,79.7791,79.8285
3787,Q96JQ2,3,medium transmembrane,52.3913,53.0424
3788,Q96JQ5,4,medium transmembrane,74.1796,73.6779
3789,Q96JT2,12,large transmembrane,76.8257,77.6024
3790,Q96JW4,12,large transmembrane,73.2909,73.1612
3791,Q96K12,2,medium transmembrane,93.97,93.9781
3792,Q96K19,3,medium transmembrane,76.7407,76.7156
3793,Q96K37,10,large transmembrane,74.1923,74.1529
3794,Q96K49,7,GPCR transmembrane,73.879,74.3841
3795,Q96K78,8,large transmembrane,79.3073,79.345
3796,Q96KA5,8,large transmembrane,78.4777,78.5635
3797,Q96KC8,1,single-pass transmembrane,70.5956,71.269
3798,Q96KF7,1,single-pass transmembrane,67.759,67.3856
3799,Q96KG7,1,single-pass transmembrane,71.028,70.9522
3800,Q96KJ9,1,single-pass transmembrane,80.1361,81.4845
3801,Q96KK3,6,medium transmembrane,78.3346,78.5712
3802,Q96KK4,7,GPCR transmembrane,86.3594,86.4312
3803,Q96KN9,4,medium transmembrane,67.6701,68.6031
3804,Q96KR6,2,medium transmembrane,68.6618,69.2301
3805,Q96KT7,10,large transmembrane,84.2737,83.7062
3806,Q96KV6,1,single-pass transmembrane,72.4022,72.8761
3807,Q96L08,1,single-pass transmembrane,68.5994,69.0228
3808,Q96L42,6,medium transmembrane,63.8606,64.4492
3809,Q96LA5,1,single-pass transmembrane,79.8435,79.6382
3810,Q96LA6,1,single-pass transmembrane,75.3927,75.3251
3811,Q96LA9,7,GPCR transmembrane,81.2226,81.2084
3812,Q96LB0,7,GPCR transmembrane,82.3168,82.3261
3813,Q96LB1,7,GPCR transmembrane,82.3732,82.481
3814,Q96LB2,7,GPCR transmembrane,82.738,82.7904
3815,Q96LC7,1,single-pass transmembrane,73.5373,73.7643
3816,Q96LD1,1,single-pass transmembrane,80.8165,80.7651
3817,Q96LL3,2,medium transmembrane,64.4808,65.5498
3818,Q96LL9,1,single-pass transmembrane,70.6442,71.1486
3819,Q96LR9,4,medium transmembrane,60.005,61.0054
3820,Q96LT4,6,medium transmembrane,78.8403,79.5338
3821,Q96LU7,1,single-pass transmembrane,67.61,68.524
3822,Q96M19,3,medium transmembrane,49.3188,49.4784
3823,Q96MC6,12,large transmembrane,78.8686,78.6332
3824,Q96MH6,1,single-pass transmembrane,87.0994,87.1021
3825,Q96MK3,1,single-pass transmembrane,85.6248,86.4961
3826,Q96MM7,2,medium transmembrane,73.3734,74.3595
3827,Q96MT1,13,large transmembrane,78.9098,79.0757
3828,Q96MU8,1,single-pass transmembrane,78.8453,79.4155
3829,Q96MV1,7,GPCR transmembrane,94.1398,94.2865
3830,Q96MV8,4,medium transmembrane,89.1128,89.4291
3831,Q96MX0,4,medium transmembrane,78.2792,78.4985
3832,Q96N19,7,GPCR transmembrane,66.1183,66.2328
3833,Q96N35,1,single-pass transmembrane,52.1583,52.2109
3834,Q96N66,11,large transmembrane,91.989,92.2417
3835,Q96N68,2,medium transmembrane,62.0431,61.9668
3836,Q96N87,12,large transmembrane,90.4606,90.5907
3837,Q96NA8,1,single-pass transmembrane,68.0988,69.0307
3838,Q96NB2,6,medium transmembrane,85.0592,85.1575
3839,Q96ND0,2,medium transmembrane,64.1137,64.2094
3840,Q96NF6,3,medium transmembrane,56.9037,57.3596
3841,Q96NI6,1,single-pass transmembrane,73.5805,74.283
3842,Q96NL1,2,medium transmembrane,56.8093,56.6838
3843,Q96NR3,12,large transmembrane,85.6853,85.5925
3844,Q96NT5,12,large transmembrane,83.6241,83.5706
3845,Q96NU0,1,single-pass transmembrane,83.0193,83.5464
3846,Q96NY8,1,single-pass transmembrane,78.9258,78.8969
3847,Q96P31,1,single-pass transmembrane,77.0694,77.3175
3848,Q96P56,6,medium transmembrane,69.9276,70.6411
3849,Q96P65,7,GPCR transmembrane,78.9638,78.9453
3850,Q96P66,7,GPCR transmembrane,68.2738,68.9344
3851,Q96P67,7,GPCR transmembrane,84.6099,84.4921
3852,Q96P68,7,GPCR transmembrane,85.9517,86.1971
3853,Q96P69,7,GPCR transmembrane,85.1662,84.9251
3854,Q96P88,5,medium transmembrane,74.2218,74.5416
3855,Q96PB1,15,large transmembrane,87.2701,87.4145
3856,Q96PB8,1,single-pass transmembrane,85.0915,85.3693
3857,Q96PC5,4,medium transmembrane,54.4034,54.9929
3858,Q96PD2,1,single-pass transmembrane,67.8814,68.3512
3859,Q96PD6,2,medium transmembrane,94.0247,94.0585
3860,Q96PD7,2,medium transmembrane,87.8038,88.3194
3861,Q96PE1,7,GPCR transmembrane,69.5352,70.8675
3862,Q96PE5,1,single-pass transmembrane,62.1477,62.5604
3863,Q96PG1,2,medium transmembrane,64.2884,64.4888
3864,Q96PG2,4,medium transmembrane,69.516,69.5697
3865,Q96PH1,6,medium transmembrane,80.1294,80.631
3866,Q96PJ5,1,single-pass transmembrane,78.0038,78.6659
3867,Q96PL5,1,single-pass transmembrane,80.5977,81.5464
3868,Q96PQ0,1,single-pass transmembrane,77.8328,78.788
3869,Q96PQ1,1,single-pass transmembrane,75.785,76.3412
3870,Q96PR1,6,medium transmembrane,67.6356,68.901
3871,Q96PS8,6,medium transmembrane,91.133,91.0967
3872,Q96PX8,1,single-pass transmembrane,76.2698,77.1883
3873,Q96Q04,1,single-pass transmembrane,46.3225,47.3617
3874,Q96Q45,4,medium transmembrane,63.5746,63.7375
3875,Q96Q80,7,GPCR transmembrane,84.0503,84.1739
3876,Q96Q91,13,large transmembrane,72.3752,72.6241
3877,Q96QD8,11,large transmembrane,79.1794,79.2042
3878,Q96QE2,12,large transmembrane,80.0398,80.3586
3879,Q96QE4,2,medium transmembrane,52.5556,52.9773
3880,Q96QI5,1,single-pass transmembrane,82.9509,85.3933
3881,Q96QK8,1,single-pass transmembrane,62.712,63.2927
3882,Q96QS1,4,medium transmembrane,72.3907,72.8938
3883,Q96QT4,6,medium transmembrane,69.3737,69.7754
3884,Q96QU1,1,single-pass transmembrane,66.4901,66.8004
3885,Q96QZ0,4,medium transmembrane,81.766,81.665
3886,Q96R08,7,GPCR transmembrane,88.9446,88.8387
3887,Q96R09,7,GPCR transmembrane,91.0392,90.9132
3888,Q96R27,7,GPCR transmembrane,86.4841,86.1901
3889,Q96R28,8,large transmembrane,79.6059,79.1229
3890,Q96R30,7,GPCR transmembrane,80.3856,79.9089
3891,Q96R45,7,GPCR transmembrane,78.0985,77.9725
3892,Q96R47,7,GPCR transmembrane,84.8436,84.6185
3893,Q96R48,7,GPCR transmembrane,88.0177,87.7841
3894,Q96R54,7,GPCR transmembrane,85.9694,85.9745
3895,Q96R67,7,GPCR transmembrane,89.4414,89.3805
3896,Q96R69,7,GPCR transmembrane,91.1343,90.9639
3897,Q96R72,7,GPCR transmembrane,84.7104,84.8253
3898,Q96R84,7,GPCR transmembrane,83.4164,83.2929
3899,Q96RA2,7,GPCR transmembrane,87.3661,87.7098
3900,Q96RB7,7,GPCR transmembrane,86.904,87.0329
3901,Q96RC9,7,GPCR transmembrane,89.9319,89.9417
3902,Q96RD0,7,GPCR transmembrane,90.1758,90.1061
3903,Q96RD1,7,GPCR transmembrane,90.2018,90.1403
3904,Q96RD2,7,GPCR transmembrane,87.3106,87.2536
3905,Q96RD3,7,GPCR transmembrane,80.9841,80.8765
3906,Q96RD6,5,medium transmembrane,57.3638,58.151
3907,Q96RD7,5,medium transmembrane,74.337,74.8202
3908,Q96RD9,1,single-pass transmembrane,76.2527,76.7249
3909,Q96RI0,7,GPCR transmembrane,80.3266,80.834
3910,Q96RI8,7,GPCR transmembrane,90.7766,90.9324
3911,Q96RI9,7,GPCR transmembrane,90.1295,90.1357
3912,Q96RJ0,7,GPCR transmembrane,89.8918,89.9728
3913,Q96RJ3,1,single-pass transmembrane,63.4572,64.4759
3914,Q96RL6,1,single-pass transmembrane,73.7897,74.4202
3915,Q96RN1,11,large transmembrane,69.0485,68.9032
3916,Q96RP7,1,single-pass transmembrane,79.3035,80.2859
3917,Q96RP8,6,medium transmembrane,80.9882,81.9813
3918,Q96RT6,1,single-pass transmembrane,69.6389,70.6736
3919,Q96RV3,14,large transmembrane,56.6193,57.722
3920,Q96S06,9,large transmembrane,90.1762,90.6518
3921,Q96S37,12,large transmembrane,86.1812,86.4252
3922,Q96S52,2,medium transmembrane,85.1692,85.1938
3923,Q96S66,3,medium transmembrane,60.9352,61.5429
3924,Q96S97,8,large transmembrane,85.6193,86.0133
3925,Q96SA4,10,large transmembrane,77.7481,78.653
3926,Q96SE0,1,single-pass transmembrane,90.7089,90.7367
3927,Q96SJ8,4,medium transmembrane,90.0562,89.9717
3928,Q96SK2,2,medium transmembrane,68.0137,69.2802
3929,Q96SL1,12,large transmembrane,83.8678,84.3869
3930,Q96SN7,4,medium transmembrane,79.9137,80.3577
3931,Q96SQ9,1,single-pass transmembrane,93.0058,93.1722
3932,Q96T53,11,large transmembrane,88.7074,88.7648
3933,Q96T54,4,medium transmembrane,76.573,76.9716
3934,Q96T55,4,medium transmembrane,81.5489,82.1039
3935,Q96T83,13,large transmembrane,67.8928,68.3199
3936,Q96TA0,1,single-pass transmembrane,83.5806,83.835
3937,Q96TA2,1,single-pass transmembrane,71.3907,71.1078
3938,Q96TC7,1,single-pass transmembrane,72.4242,73.6631
3939,Q99062,1,single-pass transmembrane,73.7888,74.4135
3940,Q99075,1,single-pass transmembrane,66.3186,66.5972
3941,Q99102,1,single-pass transmembrane,57.1907,58.5342
3942,Q99250,24,large transmembrane,68.3865,68.8709
3943,Q99437,4,medium transmembrane,92.3925,92.2419
3944,Q99442,1,single-pass transmembrane,65.3866,65.518
3945,Q99463,6,medium transmembrane,80.0977,80.3028
3946,Q99466,1,single-pass transmembrane,61.5728,61.8174
3947,Q99467,1,single-pass transmembrane,93.285,93.2393
3948,Q99500,7,GPCR transmembrane,79.5393,80.0482
3949,Q99518,1,single-pass transmembrane,95.2408,95.2567
3950,Q99523,1,single-pass transmembrane,83.1246,83.4961
3951,Q99527,7,GPCR transmembrane,79.2058,79.7075
3952,Q99571,2,medium transmembrane,89.6109,89.7692
3953,Q99572,2,medium transmembrane,87.6447,87.9336
3954,Q99595,4,medium transmembrane,81.7658,80.3878
3955,Q99624,11,large transmembrane,78.5622,78.6118
3956,Q99643,3,medium transmembrane,90.5125,90.4235
3957,Q99650,1,single-pass transmembrane,73.7503,74.3365
3958,Q99665,1,single-pass transmembrane,73.4024,73.6653
3959,Q99675,1,single-pass transmembrane,80.2503,80.417
3960,Q99677,7,GPCR transmembrane,80.3663,80.3057
3961,Q99678,7,GPCR transmembrane,79.2339,80.2144
3962,Q99679,8,large transmembrane,83.3139,83.933
3963,Q99680,7,GPCR transmembrane,72.6861,72.5366
3964,Q99705,7,GPCR transmembrane,74.4208,75.7012
3965,Q99706,1,single-pass transmembrane,70.2449,70.5217
3966,Q99712,2,medium transmembrane,85.136,85.5799
3967,Q99720,1,single-pass transmembrane,93.5563,93.4929
3968,Q99726,6,medium transmembrane,76.2447,76.5762
3969,Q99735,4,medium transmembrane,94.0947,93.9407
3970,Q99758,12,large transmembrane,80.9602,81.1581
3971,Q99788,7,GPCR transmembrane,78.4869,78.3017
3972,Q99795,1,single-pass transmembrane,85.9113,85.4853
3973,Q99805,9,large transmembrane,85.017,85.2289
3974,Q99808,11,large transmembrane,87.4086,87.9108
3975,Q99835,7,GPCR transmembrane,72.8184,73.6319
3976,Q99884,12,large transmembrane,85.4613,85.7663
3977,Q99928,4,medium transmembrane,75.3421,75.5406
3978,Q99941,1,single-pass transmembrane,54.2804,55.3091
3979,Q99942,1,single-pass transmembrane,68.1212,69.3149
3980,Q99943,1,single-pass transmembrane,90.7082,91.2526
3981,Q99946,3,medium transmembrane,53.5519,53.5862
3982,Q99965,1,single-pass transmembrane,81.6984,81.3143
3983,Q99999,1,single-pass transmembrane,89.0822,89.8017
3984,Q9BPV8,7,GPCR transmembrane,83.5467,83.8075
3985,Q9BQ31,6,medium transmembrane,78.9872,79.1513
3986,Q9BQ49,2,medium transmembrane,66.4663,66.4702
3987,Q9BQ51,1,single-pass transmembrane,86.3454,86.2605
3988,Q9BQA9,2,medium transmembrane,83.349,83.7628
3989,Q9BQB6,4,medium transmembrane,91.7583,91.6922
3990,Q9BQD7,1,single-pass transmembrane,82.0033,82.6548
3991,Q9BQG1,1,single-pass transmembrane,68.8854,70.6013
3992,Q9BQI7,1,single-pass transmembrane,61.5984,63.1131
3993,Q9BQJ4,4,medium transmembrane,86.5429,86.202
3994,Q9BQQ7,1,single-pass transmembrane,77.2537,78.0872
3995,Q9BQS2,1,single-pass transmembrane,76.429,77.3719
3996,Q9BQS7,1,single-pass transmembrane,89.588,89.6627
3997,Q9BQT9,1,single-pass transmembrane,77.7861,78.3794
3998,Q9BR26,6,medium transmembrane,74.9954,74.731
3999,Q9BR39,1,single-pass transmembrane,64.384,65.451
4000,Q9BRB3,2,medium transmembrane,63.8522,64.5129
4001,Q9BRI3,4,medium transmembrane,76.6878,76.5738
4002,Q9BRK0,2,medium transmembrane,64.0934,64.5752
4003,Q9BRK3,1,single-pass transmembrane,75.4495,76.0893
4004,Q9BRL7,4,medium transmembrane,82.6369,82.8987
4005,Q9BRN9,4,medium transmembrane,79.5592,80.3442
4006,Q9BRQ5,4,medium transmembrane,71.2995,72.2459
4007,Q9BRR3,3,medium transmembrane,87.966,88.2163
4008,Q9BRV3,7,GPCR transmembrane,89.818,89.5139
4009,Q9BRX8,1,single-pass transmembrane,88.3532,88.3922
4010,Q9BRY0,8,large transmembrane,81.3097,81.1481
4011,Q9BS86,1,single-pass transmembrane,82.2057,82.6186
4012,Q9BS91,10,large transmembrane,76.6629,76.4408
4013,Q9BSA4,5,medium transmembrane,82.0428,81.835
4014,Q9BSA9,12,large transmembrane,81.4075,81.4537
4015,Q9BSE2,5,medium transmembrane,61.2053,61.8028
4016,Q9BSE4,2,medium transmembrane,60.478,61.6402
4017,Q9BSJ5,2,medium transmembrane,44.1031,44.3714
4018,Q9BSJ8,2,medium transmembrane,77.9263,78.7221
4019,Q9BSK0,4,medium transmembrane,85.2616,85.1556
4020,Q9BSK2,6,medium transmembrane,84.2533,84.6807
4021,Q9BSN7,4,medium transmembrane,71.449,71.3827
4022,Q9BSR8,5,medium transmembrane,70.1633,70.524
4023,Q9BT22,1,single-pass transmembrane,93.0124,93.1715
4024,Q9BT67,4,medium transmembrane,62.5091,63.1719
4025,Q9BT88,1,single-pass transmembrane,76.0201,76.4621
4026,Q9BTD3,8,large transmembrane,74.017,74.1687
4027,Q9BTN0,1,single-pass transmembrane,78.237,79.1002
4028,Q9BTV4,4,medium transmembrane,89.8294,89.8061
4029,Q9BTX1,6,medium transmembrane,75.5809,76.4173
4030,Q9BTX3,4,medium transmembrane,76.5218,76.9211
4031,Q9BU23,11,large transmembrane,86.884,87.5729
4032,Q9BU79,3,medium transmembrane,70.4464,70.5612
4033,Q9BUB7,2,medium transmembrane,72.1819,73.0378
4034,Q9BUF7,1,single-pass transmembrane,69.9107,70.3484
4035,Q9BUJ0,1,single-pass transmembrane,86.1849,86.7579
4036,Q9BUM1,9,large transmembrane,93.2001,93.2481
4037,Q9BUN8,5,medium transmembrane,79.9818,80.7465
4038,Q9BUR5,2,medium transmembrane,71.5126,72.0614
4039,Q9BUV8,3,medium transmembrane,71.2878,71.3012
4040,Q9BV10,12,large transmembrane,93.2958,93.4641
4041,Q9BV23,1,single-pass transmembrane,90.7985,90.9634
4042,Q9BV35,6,medium transmembrane,79.1224,79.6102
4043,Q9BV40,1,single-pass transmembrane,89.7451,90.4587
4044,Q9BV81,3,medium transmembrane,83.3711,83.0763
4045,Q9BV87,1,single-pass transmembrane,69.4983,70.0126
4046,Q9BVA6,1,single-pass transmembrane,83.5714,84.311
4047,Q9BVC6,2,medium transmembrane,68.0126,68.4255
4048,Q9BVG9,10,large transmembrane,81.541,82.578
4049,Q9BVH7,1,single-pass transmembrane,81.2416,82.0984
4050,Q9BVK2,14,large transmembrane,91.4492,91.8855
4051,Q9BVK6,1,single-pass transmembrane,83.7394,84.4874
4052,Q9BVK8,7,GPCR transmembrane,92.6316,92.5152
4053,Q9BVT8,3,medium transmembrane,66.4403,67.7117
4054,Q9BVV7,2,medium transmembrane,72.5174,72.85
4055,Q9BVV8,1,single-pass transmembrane,63.6445,63.9839
4056,Q9BVW6,1,single-pass transmembrane,66.2607,66.9509
4057,Q9BVX2,1,single-pass transmembrane,81.0642,81.1025
4058,Q9BW60,7,GPCR transmembrane,90.0853,90.6632
4059,Q9BW72,2,medium transmembrane,62.1942,61.4696
4060,Q9BWL3,1,single-pass transmembrane,73.0493,73.2554
4061,Q9BWM7,6,medium transmembrane,86.6448,86.6737
4062,Q9BWQ6,5,medium transmembrane,75.344,76.1667
4063,Q9BWQ8,7,GPCR transmembrane,77.8915,78.5193
4064,Q9BWV1,2,medium transmembrane,64.1828,64.8205
4065,Q9BWV2,3,medium transmembrane,58.2031,57.8544
4066,Q9BX59,1,single-pass transmembrane,79.1721,79.3847
4067,Q9BX67,1,single-pass transmembrane,85.2001,84.8315
4068,Q9BX73,1,single-pass transmembrane,80.2429,81.4429
4069,Q9BX74,3,medium transmembrane,82.158,82.9848
4070,Q9BX79,9,large transmembrane,77.6536,78.0843
4071,Q9BX84,6,medium transmembrane,65.159,65.5672
4072,Q9BX95,9,large transmembrane,80.9676,81.8956
4073,Q9BX97,1,single-pass transmembrane,81.3562,82.1057
4074,Q9BXA5,7,GPCR transmembrane,87.1495,87.1108
4075,Q9BXB1,7,GPCR transmembrane,78.4893,79.0092
4076,Q9BXC0,7,GPCR transmembrane,80.8365,80.8017
4077,Q9BXC1,7,GPCR transmembrane,84.2309,84.2611
4078,Q9BXE9,7,GPCR transmembrane,77.6931,77.6092
4079,Q9BXI2,7,GPCR transmembrane,88.4382,88.4331
4080,Q9BXJ7,1,single-pass transmembrane,80.5956,80.9399
4081,Q9BXJ8,6,medium transmembrane,89.4625,89.6519
4082,Q9BXK5,1,single-pass transmembrane,64.7185,65.4492
4083,Q9BXN2,1,single-pass transmembrane,77.9433,78.2914
4084,Q9BXP2,12,large transmembrane,81.2255,82.1506
4085,Q9BXQ6,8,large transmembrane,59.4432,61.4583
4086,Q9BXR5,1,single-pass transmembrane,83.4467,83.351
4087,Q9BXS0,2,medium transmembrane,57.4712,57.2856
4088,Q9BXS4,1,single-pass transmembrane,66.3606,66.3902
4089,Q9BXS9,13,large transmembrane,81.8394,82.0833
4090,Q9BXT2,4,medium transmembrane,78.1128,77.2799
4091,Q9BXU9,1,single-pass transmembrane,55.003,55.1548
4092,Q9BY07,12,large transmembrane,68.4028,69.2406
4093,Q9BY08,5,medium transmembrane,94.0084,94.0487
4094,Q9BY10,12,large transmembrane,80.8752,80.9606
4095,Q9BY15,7,GPCR transmembrane,80.3556,80.5578
4096,Q9BY19,4,medium transmembrane,72.0265,71.7297
4097,Q9BY21,7,GPCR transmembrane,81.3994,81.4052
4098,Q9BY50,2,medium transmembrane,87.5382,88.1225
4099,Q9BY64,1,single-pass transmembrane,92.7946,92.7875
4100,Q9BY67,1,single-pass transmembrane,80.5479,81.6101
4101,Q9BY71,1,single-pass transmembrane,83.7416,84.1514
4102,Q9BY78,2,medium transmembrane,75.5144,75.3405
4103,Q9BY79,1,single-pass transmembrane,71.152,71.7832
4104,Q9BYC5,1,single-pass transmembrane,92.0382,92.0883
4105,Q9BYE2,1,single-pass transmembrane,73.6992,75.221
4106,Q9BYE9,1,single-pass transmembrane,80.348,80.6502
4107,Q9BYF1,1,single-pass transmembrane,90.5717,91.0254
4108,Q9BYG0,1,single-pass transmembrane,91.8635,91.9158
4109,Q9BYH1,1,single-pass transmembrane,68.4805,69.1124
4110,Q9BYT1,12,large transmembrane,88.1808,88.0909
4111,Q9BYT9,10,large transmembrane,75.8254,76.2805
4112,Q9BYW1,12,large transmembrane,89.0117,88.6761
4113,Q9BZ11,1,single-pass transmembrane,74.8494,74.8853
4114,Q9BZ76,1,single-pass transmembrane,82.9131,83.4179
4115,Q9BZ97,1,single-pass transmembrane,71.1529,71.0603
4116,Q9BZA7,1,single-pass transmembrane,63.9545,64.2265
4117,Q9BZA8,1,single-pass transmembrane,64.009,64.4054
4118,Q9BZC5,2,medium transmembrane,67.7723,67.6516
4119,Q9BZC7,12,large transmembrane,71.6534,72.3389
4120,Q9BZD2,11,large transmembrane,81.8596,81.9369
4121,Q9BZD6,1,single-pass transmembrane,66.3918,66.5881
4122,Q9BZD7,1,single-pass transmembrane,63.2716,63.963
4123,Q9BZF1,2,medium transmembrane,70.2162,70.9443
4124,Q9BZG2,1,single-pass transmembrane,87.7575,88.4168
4125,Q9BZJ4,6,medium transmembrane,72.8405,72.7624
4126,Q9BZJ6,7,GPCR transmembrane,75.2963,75.764
4127,Q9BZJ7,7,GPCR transmembrane,76.4355,76.5113
4128,Q9BZJ8,7,GPCR transmembrane,70.8374,71.1655
4129,Q9BZL3,1,single-pass transmembrane,75.7788,76.275
4130,Q9BZM5,1,single-pass transmembrane,81.8182,83.1187
4131,Q9BZM6,1,single-pass transmembrane,80.8349,81.7673
4132,Q9BZV2,12,large transmembrane,81.7865,82.1684
4133,Q9BZV3,1,single-pass transmembrane,53.917,54.6242
4134,Q9BZW2,13,large transmembrane,82.3816,82.3158
4135,Q9BZW4,10,large transmembrane,91.4562,91.4936
4136,Q9BZW5,10,large transmembrane,92.7518,92.7227
4137,Q9BZW8,1,single-pass transmembrane,71.0824,71.234
4138,Q9BZZ2,1,single-pass transmembrane,76.3017,76.9875
4139,Q9C002,1,single-pass transmembrane,90.2042,89.8482
4140,Q9C0B5,4,medium transmembrane,59.5741,60.1455
4141,Q9C0E8,2,medium transmembrane,66.8004,68.2766
4142,Q9C0H2,5,medium transmembrane,79.4669,79.681
4143,Q9C0I4,1,single-pass transmembrane,67.2633,67.4408
4144,Q9C0J1,1,single-pass transmembrane,86.6711,87.3571
4145,Q9C0K1,8,large transmembrane,73.4358,73.7607
4146,Q9GIP4,3,medium transmembrane,77.9695,78.612
4147,Q9GZK3,7,GPCR transmembrane,78.954,78.6347
4148,Q9GZK4,7,GPCR transmembrane,85.7123,85.4281
4149,Q9GZK6,7,GPCR transmembrane,89.5785,89.4096
4150,Q9GZK7,7,GPCR transmembrane,86.263,86.3193
4151,Q9GZM5,5,medium transmembrane,70.5831,71.4831
4152,Q9GZM6,7,GPCR transmembrane,87.8313,88.1038
4153,Q9GZN0,7,GPCR transmembrane,75.5591,76.4861
4154,Q9GZN6,12,large transmembrane,79.7603,80.3057
4155,Q9GZP1,2,medium transmembrane,64.4647,63.8528
4156,Q9GZP7,8,large transmembrane,77.9099,77.8162
4157,Q9GZP9,6,medium transmembrane,82.2043,82.4539
4158,Q9GZQ4,7,GPCR transmembrane,80.2344,80.1386
4159,Q9GZQ6,7,GPCR transmembrane,76.9522,77.6373
4160,Q9GZR5,7,GPCR transmembrane,82.9257,84.0632
4161,Q9GZT6,1,single-pass transmembrane,81.9459,81.303
4162,Q9GZU1,6,medium transmembrane,81.4898,82.3934
4163,Q9GZU3,8,large transmembrane,73.2379,74.2864
4164,Q9GZV3,13,large transmembrane,83.5043,83.4821
4165,Q9GZW8,4,medium transmembrane,74.6311,73.8488
4166,Q9GZY4,1,single-pass transmembrane,88.0677,87.9637
4167,Q9GZY6,1,single-pass transmembrane,60.7547,61.1977
4168,Q9GZY8,1,single-pass transmembrane,62.9739,63.8041
4169,Q9GZZ6,4,medium transmembrane,82.4112,83.1398
4170,Q9H013,1,single-pass transmembrane,70.0157,70.064
4171,Q9H015,12,large transmembrane,85.6507,85.5371
4172,Q9H061,4,medium transmembrane,89.7217,89.5111
4173,Q9H0C2,6,medium transmembrane,90.0764,89.8688
4174,Q9H0C3,8,large transmembrane,74.8519,75.246
4175,Q9H0P0,1,single-pass transmembrane,91.7635,92.211
4176,Q9H0Q3,1,single-pass transmembrane,70.2718,70.3586
4177,Q9H0R3,1,single-pass transmembrane,84.7209,85.6847
4178,Q9H0U3,4,medium transmembrane,86.452,86.4376
4179,Q9H0V1,12,large transmembrane,84.1832,84.2516
4180,Q9H0V9,1,single-pass transmembrane,84.3756,84.8288
4181,Q9H0X4,1,single-pass transmembrane,80.8183,81.0957
4182,Q9H0X9,3,medium transmembrane,70.8174,71.94
4183,Q9H156,1,single-pass transmembrane,66.952,67.1078
4184,Q9H158,1,single-pass transmembrane,73.3258,73.6435
4185,Q9H159,1,single-pass transmembrane,78.6562,78.7615
4186,Q9H172,6,medium transmembrane,83.6379,84.1231
4187,Q9H195,1,single-pass transmembrane,49.1665,49.8879
4188,Q9H1A4,12,large transmembrane,76.5589,76.9604
4189,Q9H1B5,1,single-pass transmembrane,83.9279,84.862
4190,Q9H1C0,7,GPCR transmembrane,82.9579,83.6959
4191,Q9H1C3,1,single-pass transmembrane,88.0909,88.5822
4192,Q9H1C4,12,large transmembrane,79.6318,80.1788
4193,Q9H1D0,7,GPCR transmembrane,80.5685,80.7459
4194,Q9H1E5,2,medium transmembrane,71.7434,72.2374
4195,Q9H1K4,6,medium transmembrane,74.0374,74.1838
4196,Q9H1N7,10,large transmembrane,77.5849,77.3164
4197,Q9H1U4,1,single-pass transmembrane,65.5767,66.4452
4198,Q9H1U9,6,medium transmembrane,82.5462,82.9522
4199,Q9H1V8,12,large transmembrane,81.1679,81.63
4200,Q9H1X3,1,single-pass transmembrane,82.9426,83.7985
4201,Q9H1Y3,7,GPCR transmembrane,79.8305,80.8694
4202,Q9H1Z9,4,medium transmembrane,77.4117,77.6739
4203,Q9H205,7,GPCR transmembrane,85.3937,85.1358
4204,Q9H207,7,GPCR transmembrane,89.1076,89.2188
4205,Q9H208,7,GPCR transmembrane,84.8671,84.9853
4206,Q9H209,7,GPCR transmembrane,88.4329,88.3276
4207,Q9H210,7,GPCR transmembrane,87.278,87.0945
4208,Q9H221,6,medium transmembrane,80.3636,80.6976
4209,Q9H222,6,medium transmembrane,85.4986,85.9359
4210,Q9H228,7,GPCR transmembrane,77.5301,78.1929
4211,Q9H237,11,large transmembrane,89.4911,89.4197
4212,Q9H244,7,GPCR transmembrane,84.3771,85.0376
4213,Q9H252,6,medium transmembrane,67.2696,68.0137
4214,Q9H255,7,GPCR transmembrane,88.4032,88.5251
4215,Q9H293,1,single-pass transmembrane,78.988,79.128
4216,Q9H295,6,medium transmembrane,82.8259,82.9332
4217,Q9H2A7,1,single-pass transmembrane,64.7771,65.9756
4218,Q9H2A9,1,single-pass transmembrane,79.0687,79.8421
4219,Q9H2B2,1,single-pass transmembrane,73.1011,73.5644
4220,Q9H2B4,13,large transmembrane,82.5061,82.9834
4221,Q9H2C2,5,medium transmembrane,81.1694,82.2853
4222,Q9H2C5,7,GPCR transmembrane,89.2561,89.0893
4223,Q9H2C8,7,GPCR transmembrane,87.3112,87.3157
4224,Q9H2E6,1,single-pass transmembrane,70.2533,70.783
4225,Q9H2F3,1,single-pass transmembrane,93.7519,94.0
4226,Q9H2H9,11,large transmembrane,79.9324,79.8497
4227,Q9H2J7,12,large transmembrane,80.3314,80.7427
4228,Q9H2L4,4,medium transmembrane,77.3285,77.356
4229,Q9H2S1,6,medium transmembrane,76.5704,78.026
4230,Q9H2S6,1,single-pass transmembrane,69.6117,69.5718
4231,Q9H2U9,1,single-pass transmembrane,74.9628,75.1543
4232,Q9H2V7,12,large transmembrane,84.2053,84.6066
4233,Q9H2W1,4,medium transmembrane,73.8595,73.2467
4234,Q9H2X3,1,single-pass transmembrane,66.7365,67.2115
4235,Q9H2X9,10,large transmembrane,78.627,78.7393
4236,Q9H2Y9,12,large transmembrane,70.1818,70.6848
4237,Q9H300,7,GPCR transmembrane,77.7309,77.6838
4238,Q9H310,12,large transmembrane,92.0597,92.1316
4239,Q9H313,5,medium transmembrane,89.7906,89.9284
4240,Q9H330,12,large transmembrane,68.8208,69.5471
4241,Q9H339,7,GPCR transmembrane,89.2491,89.4273
4242,Q9H340,7,GPCR transmembrane,89.3512,89.431
4243,Q9H341,7,GPCR transmembrane,86.0617,86.0015
4244,Q9H342,7,GPCR transmembrane,65.5706,65.6088
4245,Q9H343,7,GPCR transmembrane,88.2379,88.3624
4246,Q9H344,7,GPCR transmembrane,90.851,90.7892
4247,Q9H346,7,GPCR transmembrane,87.8159,87.7189
4248,Q9H354,2,medium transmembrane,51.0873,51.3795
4249,Q9H3H5,10,large transmembrane,94.4762,94.2713
4250,Q9H3K2,8,large transmembrane,76.6763,76.0443
4251,Q9H3M0,5,medium transmembrane,79.9441,80.6716
4252,Q9H3N1,1,single-pass transmembrane,76.545,76.8971
4253,Q9H3N8,7,GPCR transmembrane,76.216,76.853
4254,Q9H3Q3,1,single-pass transmembrane,92.5985,93.0377
4255,Q9H3R1,1,single-pass transmembrane,91.2146,91.4207
4256,Q9H3R2,1,single-pass transmembrane,67.0325,67.7891
4257,Q9H3S1,1,single-pass transmembrane,84.0512,84.7778
4258,Q9H3S3,1,single-pass transmembrane,79.1956,79.5312
4259,Q9H3S5,12,large transmembrane,89.8907,89.6334
4260,Q9H3T2,1,single-pass transmembrane,71.6127,72.2849
4261,Q9H3T3,1,single-pass transmembrane,73.7483,74.7673
4262,Q9H3U5,12,large transmembrane,88.9591,89.3086
4263,Q9H3V2,4,medium transmembrane,76.397,76.4459
4264,Q9H3W5,1,single-pass transmembrane,84.0995,84.3023
4265,Q9H3Z4,1,single-pass transmembrane,73.1162,73.6392
4266,Q9H400,1,single-pass transmembrane,54.2509,54.6839
4267,Q9H427,4,medium transmembrane,79.7202,79.7542
4268,Q9H461,7,GPCR transmembrane,74.1103,76.6302
4269,Q9H490,12,large transmembrane,92.6285,92.7109
4270,Q9H4D0,1,single-pass transmembrane,79.0707,79.6038
4271,Q9H4F1,1,single-pass transmembrane,89.4067,89.713
4272,Q9H4I3,1,single-pass transmembrane,80.3538,80.6019
4273,Q9H4I9,1,single-pass transmembrane,72.5999,73.1528
4274,Q9H598,12,large transmembrane,77.6336,78.2427
4275,Q9H5J4,7,GPCR transmembrane,91.9099,92.0344
4276,Q9H5K3,1,single-pass transmembrane,91.6073,91.6574
4277,Q9H5V8,1,single-pass transmembrane,77.8124,78.3539
4278,Q9H5Y7,1,single-pass transmembrane,68.0,68.0058
4279,Q9H665,1,single-pass transmembrane,71.4753,72.3321
4280,Q9H6A9,14,large transmembrane,60.1209,61.2273
4281,Q9H6B4,1,single-pass transmembrane,76.8549,77.6128
4282,Q9H6B9,1,single-pass transmembrane,93.9818,94.0422
4283,Q9H6D3,8,large transmembrane,82.0797,82.4311
4284,Q9H6D8,1,single-pass transmembrane,69.7829,70.3411
4285,Q9H6F2,7,GPCR transmembrane,80.0291,81.0388
4286,Q9H6H4,3,medium transmembrane,64.5903,64.6064
4287,Q9H6L2,2,medium transmembrane,88.3024,88.5386
4288,Q9H6L5,6,medium transmembrane,61.2712,61.5767
4289,Q9H6R6,4,medium transmembrane,86.4517,86.6834
4290,Q9H6U8,11,large transmembrane,87.6465,88.2022
4291,Q9H6X2,2,medium transmembrane,71.8846,72.1591
4292,Q9H6X4,2,medium transmembrane,59.2529,58.9908
4293,Q9H6Y7,1,single-pass transmembrane,78.1818,78.7862
4294,Q9H720,13,large transmembrane,91.1121,91.2405
4295,Q9H741,1,single-pass transmembrane,82.1901,81.9392
4296,Q9H756,1,single-pass transmembrane,73.9083,73.8345
4297,Q9H7F0,10,large transmembrane,77.18,77.4337
4298,Q9H7F4,8,large transmembrane,78.8562,79.1642
4299,Q9H7M9,1,single-pass transmembrane,73.2871,73.8151
4300,Q9H7V2,1,single-pass transmembrane,54.1484,53.9038
4301,Q9H7X2,1,single-pass transmembrane,63.5411,64.4127
4302,Q9H813,2,medium transmembrane,79.5547,80.1082
4303,Q9H819,1,single-pass transmembrane,72.5971,72.4692
4304,Q9H841,9,large transmembrane,78.9789,79.5466
4305,Q9H8H3,1,single-pass transmembrane,96.0969,96.1214
4306,Q9H8J5,1,single-pass transmembrane,56.1622,56.5604
4307,Q9H8M5,3,medium transmembrane,70.2442,71.5885
4308,Q9H8M9,2,medium transmembrane,65.024,64.3796
4309,Q9H8P0,7,GPCR transmembrane,88.6303,89.2307
4310,Q9H8X9,4,medium transmembrane,73.2991,74.5299
4311,Q9H902,3,medium transmembrane,66.6907,67.3111
4312,Q9H920,6,medium transmembrane,83.2881,83.7686
4313,Q9H936,6,medium transmembrane,76.518,76.7491
4314,Q9H9B4,6,medium transmembrane,86.0129,86.1169
4315,Q9H9K5,1,single-pass transmembrane,44.4971,44.6606
4316,Q9H9P2,1,single-pass transmembrane,75.4023,76.3749
4317,Q9H9S3,10,large transmembrane,71.4026,71.6694
4318,Q9H9S5,1,single-pass transmembrane,94.0735,94.2315
4319,Q9H9V4,1,single-pass transmembrane,71.3086,71.8616
4320,Q9HA72,4,medium transmembrane,81.5883,81.9673
4321,Q9HA82,7,GPCR transmembrane,85.392,86.3035
4322,Q9HAB3,11,large transmembrane,82.9973,83.3057
4323,Q9HAR2,7,GPCR transmembrane,69.5109,70.033
4324,Q9HAS3,13,large transmembrane,80.326,80.2606
4325,Q9HAT1,1,single-pass transmembrane,68.6966,69.6429
4326,Q9HAV5,1,single-pass transmembrane,69.1939,69.566
4327,Q9HAW7,1,single-pass transmembrane,91.8812,92.0126
4328,Q9HAW8,1,single-pass transmembrane,91.7931,91.9403
4329,Q9HAW9,1,single-pass transmembrane,91.3357,91.4404
4330,Q9HB03,7,GPCR transmembrane,90.3568,90.5183
4331,Q9HB14,4,medium transmembrane,74.2128,74.9019
4332,Q9HB15,4,medium transmembrane,73.4467,73.7849
4333,Q9HB29,1,single-pass transmembrane,76.7868,77.4091
4334,Q9HB55,1,single-pass transmembrane,91.5302,91.6758
4335,Q9HB66,1,single-pass transmembrane,71.4132,71.9526
4336,Q9HB89,7,GPCR transmembrane,79.744,80.4727
4337,Q9HBA0,6,medium transmembrane,71.5328,72.0003
4338,Q9HBB8,1,single-pass transmembrane,68.4517,69.9585
4339,Q9HBE5,1,single-pass transmembrane,64.2302,65.5127
4340,Q9HBG4,8,large transmembrane,82.5128,82.9373
4341,Q9HBG7,1,single-pass transmembrane,66.2587,66.4206
4342,Q9HBI6,1,single-pass transmembrane,91.844,92.1367
4343,Q9HBJ8,1,single-pass transmembrane,76.98,77.3933
4344,Q9HBL6,1,single-pass transmembrane,80.448,80.7031
4345,Q9HBL7,2,medium transmembrane,89.8354,89.7675
4346,Q9HBM0,2,medium transmembrane,65.4596,66.0221
4347,Q9HBR0,12,large transmembrane,54.3327,54.8439
4348,Q9HBT6,1,single-pass transmembrane,77.1372,77.1477
4349,Q9HBU6,1,single-pass transmembrane,84.2641,85.2475
4350,Q9HBU9,3,medium transmembrane,75.2279,76.245
4351,Q9HBV1,3,medium transmembrane,82.235,81.7953
4352,Q9HBW0,7,GPCR transmembrane,85.516,85.5822
4353,Q9HBW1,1,single-pass transmembrane,77.2317,77.6873
4354,Q9HBW9,7,GPCR transmembrane,81.17,81.2631
4355,Q9HBX8,7,GPCR transmembrane,77.5889,78.1742
4356,Q9HBX9,7,GPCR transmembrane,81.245,81.167
4357,Q9HBY0,6,medium transmembrane,90.0279,90.1764
4358,Q9HC07,6,medium transmembrane,75.9338,76.0898
4359,Q9HC10,1,single-pass transmembrane,76.4832,77.0625
4360,Q9HC24,7,GPCR transmembrane,92.6018,92.4896
4361,Q9HC56,1,single-pass transmembrane,67.8056,67.7847
4362,Q9HC58,11,large transmembrane,70.3277,70.4204
4363,Q9HC73,1,single-pass transmembrane,76.8975,78.1125
4364,Q9HC97,7,GPCR transmembrane,85.5952,85.7991
4365,Q9HCC8,6,medium transmembrane,90.5784,90.591
4366,Q9HCE9,10,large transmembrane,62.3003,63.9931
4367,Q9HCF6,7,GPCR transmembrane,64.2138,64.66
4368,Q9HCJ1,12,large transmembrane,84.6236,84.6046
4369,Q9HCJ2,1,single-pass transmembrane,76.1113,76.2026
4370,Q9HCL0,1,single-pass transmembrane,68.7185,68.7587
4371,Q9HCM2,1,single-pass transmembrane,83.2379,83.6146
4372,Q9HCM3,1,single-pass transmembrane,44.1354,44.8546
4373,Q9HCN3,7,GPCR transmembrane,80.8144,81.3185
4374,Q9HCN6,1,single-pass transmembrane,75.7016,76.1537
4375,Q9HCP6,12,large transmembrane,91.2948,91.2268
4376,Q9HCQ5,1,single-pass transmembrane,89.3794,89.3878
4377,Q9HCS2,1,single-pass transmembrane,91.0609,91.2253
4378,Q9HCU0,1,single-pass transmembrane,63.5574,63.7763
4379,Q9HCU5,1,single-pass transmembrane,88.0396,88.2687
4380,Q9HCX4,6,medium transmembrane,82.0051,81.9593
4381,Q9HD20,12,large transmembrane,79.0785,79.437
4382,Q9HD23,2,medium transmembrane,71.0662,72.0029
4383,Q9HD36,1,single-pass transmembrane,86.1689,85.6741
4384,Q9HD45,9,large transmembrane,86.5806,86.4782
4385,Q9HD87,2,medium transmembrane,53.5548,53.4764
4386,Q9HDC5,1,single-pass transmembrane,65.3851,66.0123
4387,Q9HDC9,1,single-pass transmembrane,91.5253,91.7432
4388,Q9N2J8,2,medium transmembrane,61.0109,61.3797
4389,Q9N2K0,2,medium transmembrane,63.3562,63.661
4390,Q9NNX6,1,single-pass transmembrane,72.7028,73.247
4391,Q9NNZ3,1,single-pass transmembrane,78.3517,78.8451
4392,Q9NP58,11,large transmembrane,83.5793,83.6794
4393,Q9NP59,12,large transmembrane,80.5226,80.5102
4394,Q9NP78,10,large transmembrane,85.4806,85.808
4395,Q9NP84,1,single-pass transmembrane,72.6721,73.2729
4396,Q9NP85,1,single-pass transmembrane,74.0326,74.8666
4397,Q9NP91,12,large transmembrane,93.0806,93.1954
4398,Q9NP94,8,large transmembrane,82.4585,82.5398
4399,Q9NP99,1,single-pass transmembrane,70.7568,71.4291
4400,Q9NPA0,1,single-pass transmembrane,73.0297,74.3538
4401,Q9NPA1,3,medium transmembrane,72.7349,72.6827
4402,Q9NPB0,2,medium transmembrane,65.5593,66.7189
4403,Q9NPB9,7,GPCR transmembrane,81.5949,81.4419
4404,Q9NPC1,7,GPCR transmembrane,81.5153,81.7689
4405,Q9NPC2,4,medium transmembrane,76.4302,76.3875
4406,Q9NPC4,1,single-pass transmembrane,89.307,89.5696
4407,Q9NPD5,12,large transmembrane,79.3166,79.4163
4408,Q9NPE6,1,single-pass transmembrane,70.7286,71.5642
4409,Q9NPF0,1,single-pass transmembrane,61.662,62.3858
4410,Q9NPF2,1,single-pass transmembrane,89.1267,89.3922
4411,Q9NPG1,7,GPCR transmembrane,75.6528,76.0093
4412,Q9NPG4,1,single-pass transmembrane,66.0655,66.3798
4413,Q9NPG8,5,medium transmembrane,84.2763,84.1854
4414,Q9NPH3,1,single-pass transmembrane,86.0952,86.2248
4415,Q9NPH5,6,medium transmembrane,86.7653,86.7571
4416,Q9NPI0,4,medium transmembrane,86.4028,86.2396
4417,Q9NPI9,2,medium transmembrane,78.1769,78.3371
4418,Q9NPL8,2,medium transmembrane,71.9254,71.6239
4419,Q9NPR2,1,single-pass transmembrane,81.7398,82.3248
4420,Q9NPR9,7,GPCR transmembrane,74.3671,75.1287
4421,Q9NPU4,1,single-pass transmembrane,66.8863,66.7655
4422,Q9NPY3,1,single-pass transmembrane,70.2881,70.9699
4423,Q9NPZ5,1,single-pass transmembrane,86.0584,86.2432
4424,Q9NQ11,10,large transmembrane,79.4712,79.8363
4425,Q9NQ25,1,single-pass transmembrane,78.3667,78.5973
4426,Q9NQ34,1,single-pass transmembrane,72.4382,72.7328
4427,Q9NQ40,11,large transmembrane,80.15,80.3921
4428,Q9NQ84,7,GPCR transmembrane,70.557,70.7814
4429,Q9NQ90,9,large transmembrane,73.4346,74.6137
4430,Q9NQA5,6,medium transmembrane,82.5928,82.928
4431,Q9NQC3,2,medium transmembrane,41.4265,41.5289
4432,Q9NQG1,1,single-pass transmembrane,64.9773,65.1299
4433,Q9NQN1,7,GPCR transmembrane,83.3598,83.2917
4434,Q9NQQ7,10,large transmembrane,83.1556,83.1424
4435,Q9NQR9,9,large transmembrane,89.8404,89.9408
4436,Q9NQS3,1,single-pass transmembrane,73.2936,72.7903
4437,Q9NQS5,7,GPCR transmembrane,79.7996,80.4758
4438,Q9NQW8,4,medium transmembrane,68.2618,69.0176
4439,Q9NQX5,1,single-pass transmembrane,68.408,69.3238
4440,Q9NQX7,1,single-pass transmembrane,75.5925,76.5318
4441,Q9NQZ7,1,single-pass transmembrane,84.2668,84.2292
4442,Q9NR16,1,single-pass transmembrane,73.4714,73.6299
4443,Q9NR34,1,single-pass transmembrane,82.1174,82.904
4444,Q9NR61,1,single-pass transmembrane,75.0998,75.1662
4445,Q9NR71,1,single-pass transmembrane,91.1337,91.4153
4446,Q9NR77,5,medium transmembrane,86.8295,87.2913
4447,Q9NR82,6,medium transmembrane,56.328,57.4257
4448,Q9NR97,1,single-pass transmembrane,86.2645,86.2521
4449,Q9NRA2,11,large transmembrane,83.7758,83.81
4450,Q9NRB3,1,single-pass transmembrane,83.1154,83.8108
4451,Q9NRC1,3,medium transmembrane,79.614,79.8011
4452,Q9NRD8,7,GPCR transmembrane,83.5172,83.9241
4453,Q9NRD9,7,GPCR transmembrane,85.7384,85.8467
4454,Q9NRJ2,1,single-pass transmembrane,52.558,53.4204
4455,Q9NRJ7,1,single-pass transmembrane,82.6652,82.8839
4456,Q9NRK6,6,medium transmembrane,80.6667,81.3353
4457,Q9NRM0,12,large transmembrane,82.5531,82.6682
4458,Q9NRM6,1,single-pass transmembrane,79.7913,80.2445
4459,Q9NRP0,3,medium transmembrane,86.5294,86.3886
4460,Q9NRQ2,1,single-pass transmembrane,69.3989,70.1443
4461,Q9NRQ5,1,single-pass transmembrane,74.3908,73.7633
4462,Q9NRR2,1,single-pass transmembrane,83.0331,83.943
4463,Q9NRS4,1,single-pass transmembrane,87.9593,88.0987
4464,Q9NRU3,3,medium transmembrane,66.3367,67.2874
4465,Q9NRX3,1,single-pass transmembrane,84.7748,84.6393
4466,Q9NRX5,10,large transmembrane,77.5689,78.219
4467,Q9NRX6,2,medium transmembrane,71.1496,70.858
4468,Q9NRZ5,2,medium transmembrane,94.1839,94.3426
4469,Q9NRZ7,2,medium transmembrane,94.9266,94.9154
4470,Q9NS00,1,single-pass transmembrane,88.4219,88.655
4471,Q9NS40,6,medium transmembrane,60.969,61.3214
4472,Q9NS62,1,single-pass transmembrane,59.2321,59.602
4473,Q9NS64,2,medium transmembrane,60.9146,61.1921
4474,Q9NS66,7,GPCR transmembrane,82.7284,83.4786
4475,Q9NS67,7,GPCR transmembrane,78.1081,79.0524
4476,Q9NS68,1,single-pass transmembrane,60.2086,60.3807
4477,Q9NS69,1,single-pass transmembrane,70.6,72.0487
4478,Q9NS75,7,GPCR transmembrane,83.9422,84.1113
4479,Q9NS82,12,large transmembrane,83.0715,83.4498
4480,Q9NS84,1,single-pass transmembrane,79.7867,81.0771
4481,Q9NS93,7,GPCR transmembrane,88.0724,88.3789
4482,Q9NSA0,12,large transmembrane,87.5901,87.7102
4483,Q9NSA2,6,medium transmembrane,70.0922,71.3109
4484,Q9NSC7,1,single-pass transmembrane,72.0544,73.133
4485,Q9NSD5,12,large transmembrane,88.3565,88.7842
4486,Q9NSD7,8,large transmembrane,72.4419,73.6482
4487,Q9NSK7,2,medium transmembrane,59.8906,59.1544
4488,Q9NSU2,1,single-pass transmembrane,80.3332,81.112
4489,Q9NT99,1,single-pass transmembrane,71.9657,73.6076
4490,Q9NTG1,11,large transmembrane,70.8451,71.3523
4491,Q9NTI2,10,large transmembrane,80.9083,81.1797
4492,Q9NTJ5,2,medium transmembrane,90.4372,90.4879
4493,Q9NTN3,10,large transmembrane,79.6336,79.7821
4494,Q9NTN9,1,single-pass transmembrane,79.8614,80.4769
4495,Q9NTQ9,4,medium transmembrane,77.7964,78.4109
4496,Q9NU53,1,single-pass transmembrane,70.2713,71.0239
4497,Q9NUB4,2,medium transmembrane,61.0617,61.1409
4498,Q9NUD9,10,large transmembrane,90.0029,90.0086
4499,Q9NUE0,4,medium transmembrane,80.1245,81.6324
4500,Q9NUH8,4,medium transmembrane,59.6389,58.7994
4501,Q9NUM3,8,large transmembrane,79.7979,79.391
4502,Q9NUM4,1,single-pass transmembrane,75.8878,76.1173
4503,Q9NUN5,9,large transmembrane,83.5796,83.9227
4504,Q9NUN7,7,GPCR transmembrane,93.3829,93.4403
4505,Q9NUQ2,4,medium transmembrane,94.0738,94.2176
4506,Q9NUR3,2,medium transmembrane,57.048,56.6979
4507,Q9NUT2,6,medium transmembrane,78.1575,78.0579
4508,Q9NUU6,1,single-pass transmembrane,89.1347,89.4552
4509,Q9NV12,4,medium transmembrane,86.5729,86.3223
4510,Q9NV29,2,medium transmembrane,65.0674,65.1034
4511,Q9NV58,2,medium transmembrane,55.0219,55.6627
4512,Q9NV64,8,large transmembrane,73.37,74.6516
4513,Q9NV66,1,single-pass transmembrane,80.7297,80.8786
4514,Q9NV92,2,medium transmembrane,55.5783,56.8896
4515,Q9NV96,2,medium transmembrane,89.3704,89.9584
4516,Q9NVA4,8,large transmembrane,72.0358,72.6492
4517,Q9NVC3,11,large transmembrane,83.8086,83.7495
4518,Q9NVH0,1,single-pass transmembrane,79.0735,79.4456
4519,Q9NVM1,1,single-pass transmembrane,62.8114,63.1673
4520,Q9NVV0,7,GPCR transmembrane,80.0891,80.3489
4521,Q9NVV5,6,medium transmembrane,93.9563,94.0549
4522,Q9NW15,10,large transmembrane,86.8422,87.0168
4523,Q9NW97,2,medium transmembrane,59.8104,60.0678
4524,Q9NWC5,7,GPCR transmembrane,91.7635,91.8591
4525,Q9NWD8,2,medium transmembrane,72.4382,72.6907
4526,Q9NWF4,11,large transmembrane,83.8055,84.1652
4527,Q9NWH2,2,medium transmembrane,73.3666,73.8687
4528,Q9NWQ8,1,single-pass transmembrane,54.601,55.0554
4529,Q9NWR8,2,medium transmembrane,75.8908,75.3425
4530,Q9NWS8,1,single-pass transmembrane,70.2612,70.5653
4531,Q9NWW5,7,GPCR transmembrane,85.4523,86.3737
4532,Q9NWW9,1,single-pass transmembrane,77.1348,78.9875
4533,Q9NX00,3,medium transmembrane,75.6211,75.776
4534,Q9NX14,1,single-pass transmembrane,77.4207,78.6317
4535,Q9NX47,4,medium transmembrane,86.5549,86.5044
4536,Q9NX52,7,GPCR transmembrane,85.7978,85.6319
4537,Q9NX61,9,large transmembrane,84.9608,85.5982
4538,Q9NX76,4,medium transmembrane,77.0805,77.3086
4539,Q9NX77,2,medium transmembrane,61.5376,61.6429
4540,Q9NX78,10,large transmembrane,92.4794,92.6704
4541,Q9NX94,1,single-pass transmembrane,55.4471,56.1717
4542,Q9NX95,3,medium transmembrane,54.7561,55.648
4543,Q9NXB9,7,GPCR transmembrane,87.0627,87.6771
4544,Q9NXE4,2,medium transmembrane,71.4357,72.2019
4545,Q9NXF8,4,medium transmembrane,83.8249,83.8086
4546,Q9NXG6,1,single-pass transmembrane,80.8312,81.6871
4547,Q9NXH8,1,single-pass transmembrane,79.1703,79.2565
4548,Q9NXI6,2,medium transmembrane,68.3566,69.1499
4549,Q9NXJ0,4,medium transmembrane,72.0949,71.9345
4550,Q9NXK6,8,large transmembrane,92.4448,92.4436
4551,Q9NXL6,11,large transmembrane,79.8765,80.4918
4552,Q9NXS2,1,single-pass transmembrane,89.5751,89.4637
4553,Q9NXW2,1,single-pass transmembrane,77.071,77.7308
4554,Q9NY25,1,single-pass transmembrane,84.8616,85.4514
4555,Q9NY26,8,large transmembrane,80.3829,80.6178
4556,Q9NY28,2,medium transmembrane,87.018,86.9316
4557,Q9NY35,4,medium transmembrane,87.1831,86.7612
4558,Q9NY37,3,medium transmembrane,84.2042,84.2983
4559,Q9NY46,24,large transmembrane,68.3409,68.8059
4560,Q9NY59,2,medium transmembrane,74.8599,76.6368
4561,Q9NY64,12,large transmembrane,84.7077,85.0584
4562,Q9NY72,1,single-pass transmembrane,86.0437,86.2518
4563,Q9NY91,14,large transmembrane,84.8174,85.0606
4564,Q9NY97,1,single-pass transmembrane,90.9068,91.2821
4565,Q9NYB5,12,large transmembrane,78.2204,77.9491
4566,Q9NYG2,4,medium transmembrane,85.6242,85.2213
4567,Q9NYG8,4,medium transmembrane,78.7174,79.114
4568,Q9NYJ7,1,single-pass transmembrane,65.2464,65.6241
4569,Q9NYK1,1,single-pass transmembrane,87.5197,87.5433
4570,Q9NYL4,1,single-pass transmembrane,87.3894,87.4472
4571,Q9NYL5,1,single-pass transmembrane,92.0813,92.1765
4572,Q9NYM4,7,GPCR transmembrane,76.1179,76.4255
4573,Q9NYM9,1,single-pass transmembrane,88.5233,88.5599
4574,Q9NYP7,7,GPCR transmembrane,83.1838,83.7115
4575,Q9NYV7,7,GPCR transmembrane,82.4607,82.4843
4576,Q9NYV8,7,GPCR transmembrane,81.1952,81.3367
4577,Q9NYV9,7,GPCR transmembrane,88.2305,88.1023
4578,Q9NYW0,7,GPCR transmembrane,87.3421,87.2449
4579,Q9NYW1,7,GPCR transmembrane,83.4181,83.1535
4580,Q9NYW2,7,GPCR transmembrane,82.6272,82.5435
4581,Q9NYW3,7,GPCR transmembrane,85.7715,85.774
4582,Q9NYW4,7,GPCR transmembrane,77.4351,77.2196
4583,Q9NYW5,7,GPCR transmembrane,84.2655,84.1198
4584,Q9NYW6,7,GPCR transmembrane,86.7765,86.9512
4585,Q9NYW7,7,GPCR transmembrane,79.9866,79.9904
4586,Q9NYX4,1,single-pass transmembrane,54.8017,54.8959
4587,Q9NYZ1,4,medium transmembrane,80.4463,80.6712
4588,Q9NYZ4,1,single-pass transmembrane,74.2295,74.7987
4589,Q9NZ01,6,medium transmembrane,94.4003,94.5005
4590,Q9NZ42,1,single-pass transmembrane,92.6544,92.8779
4591,Q9NZ43,1,single-pass transmembrane,72.6473,73.2285
4592,Q9NZ45,1,single-pass transmembrane,91.2977,91.181
4593,Q9NZ53,1,single-pass transmembrane,54.9108,55.9403
4594,Q9NZ94,1,single-pass transmembrane,76.4244,76.8056
4595,Q9NZC2,1,single-pass transmembrane,76.9612,77.0499
4596,Q9NZC3,2,medium transmembrane,94.3875,94.1127
4597,Q9NZD1,7,GPCR transmembrane,76.2661,76.6534
4598,Q9NZG7,3,medium transmembrane,67.6047,67.5437
4599,Q9NZH0,7,GPCR transmembrane,73.7085,73.7904
4600,Q9NZJ5,1,single-pass transmembrane,59.1491,59.9339
4601,Q9NZJ7,5,medium transmembrane,74.2037,75.8868
4602,Q9NZM1,1,single-pass transmembrane,79.1083,79.7279
4603,Q9NZM6,6,medium transmembrane,81.3611,81.4168
4604,Q9NZN1,1,single-pass transmembrane,76.3009,76.7044
4605,Q9NZP0,7,GPCR transmembrane,91.3499,91.3845
4606,Q9NZP2,7,GPCR transmembrane,89.3372,89.4049
4607,Q9NZP5,7,GPCR transmembrane,89.3482,89.4463
4608,Q9NZQ7,1,single-pass transmembrane,88.2408,88.1212
4609,Q9NZQ8,6,medium transmembrane,76.8167,77.4176
4610,Q9NZS2,1,single-pass transmembrane,78.1301,78.7697
4611,Q9NZS9,6,medium transmembrane,81.9748,82.453
4612,Q9NZU0,1,single-pass transmembrane,74.7479,75.0194
4613,Q9NZU1,1,single-pass transmembrane,73.8356,74.6448
4614,Q9NZV1,1,single-pass transmembrane,67.3799,67.0977
4615,Q9NZV8,6,medium transmembrane,71.8999,72.6448
4616,Q9P003,4,medium transmembrane,92.0693,92.1768
4617,Q9P035,5,medium transmembrane,88.7138,88.7886
4618,Q9P055,7,GPCR transmembrane,86.5672,86.8951
4619,Q9P0I2,3,medium transmembrane,76.9903,77.7077
4620,Q9P0J0,1,single-pass transmembrane,94.1727,94.5484
4621,Q9P0K1,1,single-pass transmembrane,73.4695,73.4228
4622,Q9P0K9,1,single-pass transmembrane,74.4095,75.9792
4623,Q9P0L0,1,single-pass transmembrane,78.7408,79.6993
4624,Q9P0L9,6,medium transmembrane,75.2627,76.0363
4625,Q9P0M6,1,single-pass transmembrane,82.6048,82.9511
4626,Q9P0N5,4,medium transmembrane,89.1888,89.2486
4627,Q9P0N8,2,medium transmembrane,71.3904,72.5755
4628,Q9P0S2,1,single-pass transmembrane,75.4305,75.3043
4629,Q9P0S3,4,medium transmembrane,93.3638,93.5729
4630,Q9P0S9,2,medium transmembrane,62.3732,61.0248
4631,Q9P0T7,1,single-pass transmembrane,72.5627,73.2227
4632,Q9P0U1,1,single-pass transmembrane,92.6467,92.7972
4633,Q9P0V8,1,single-pass transmembrane,80.2077,80.2773
4634,Q9P0X4,23,large transmembrane,59.3334,60.5778
4635,Q9P109,1,single-pass transmembrane,90.9191,90.5875
4636,Q9P126,1,single-pass transmembrane,88.1186,88.701
4637,Q9P1P4,7,GPCR transmembrane,82.4089,82.3352
4638,Q9P1P5,7,GPCR transmembrane,86.9304,86.7974
4639,Q9P1Q5,7,GPCR transmembrane,88.0145,87.9933
4640,Q9P1W3,11,large transmembrane,74.1051,74.5735
4641,Q9P1Z3,6,medium transmembrane,72.0644,73.6466
4642,Q9P241,10,large transmembrane,72.1472,73.0018
4643,Q9P244,1,single-pass transmembrane,69.6202,70.5855
4644,Q9P246,1,single-pass transmembrane,65.0975,66.2673
4645,Q9P273,1,single-pass transmembrane,77.674,78.0769
4646,Q9P283,1,single-pass transmembrane,74.8997,75.445
4647,Q9P291,2,medium transmembrane,73.1216,74.7285
4648,Q9P296,7,GPCR transmembrane,84.6524,84.4806
4649,Q9P298,3,medium transmembrane,68.0352,67.6226
4650,Q9P2B2,1,single-pass transmembrane,84.2605,84.3926
4651,Q9P2C4,8,large transmembrane,70.9027,71.8507
4652,Q9P2E7,1,single-pass transmembrane,73.3489,74.061
4653,Q9P2E8,4,medium transmembrane,61.8594,62.7736
4654,Q9P2E9,2,medium transmembrane,68.2188,68.8628
4655,Q9P2J2,1,single-pass transmembrane,66.7294,66.9948
4656,Q9P2K9,13,large transmembrane,70.703,71.0231
4657,Q9P2S2,1,single-pass transmembrane,73.9556,74.7075
4658,Q9P2U7,13,large transmembrane,80.0994,80.2484
4659,Q9P2U8,13,large transmembrane,77.884,77.7563
4660,Q9P2V4,1,single-pass transmembrane,74.4019,74.6461
4661,Q9P2W7,1,single-pass transmembrane,86.9337,87.0287
4662,Q9P2W9,1,single-pass transmembrane,72.4159,73.262
4663,Q9P2X0,2,medium transmembrane,87.2891,87.1479
4664,Q9UBD6,12,large transmembrane,92.1803,92.3015
4665,Q9UBG0,1,single-pass transmembrane,77.5684,78.221
4666,Q9UBH6,10,large transmembrane,83.3668,83.7337
4667,Q9UBJ2,7,GPCR transmembrane,80.7342,81.3779
4668,Q9UBK5,1,single-pass transmembrane,67.4978,67.319
4669,Q9UBL9,2,medium transmembrane,79.8854,80.7896
4670,Q9UBM1,5,medium transmembrane,93.9845,93.8673
4671,Q9UBM7,10,large transmembrane,91.2967,91.7158
4672,Q9UBM8,1,single-pass transmembrane,86.7521,86.6485
4673,Q9UBN1,5,medium transmembrane,66.136,65.7244
4674,Q9UBN4,6,medium transmembrane,74.1614,74.5633
4675,Q9UBN6,1,single-pass transmembrane,61.0537,60.8555
4676,Q9UBP0,1,single-pass transmembrane,75.9218,76.97
4677,Q9UBQ6,1,single-pass transmembrane,89.2082,89.4268
4678,Q9UBR5,4,medium transmembrane,77.1014,76.1574
4679,Q9UBS5,7,GPCR transmembrane,84.1431,84.332
4680,Q9UBS9,1,single-pass transmembrane,52.3438,52.98
4681,Q9UBU6,3,medium transmembrane,58.9859,60.0734
4682,Q9UBV2,2,medium transmembrane,81.0327,81.446
4683,Q9UBV7,1,single-pass transmembrane,88.1251,88.8786
4684,Q9UBX8,1,single-pass transmembrane,89.199,89.3917
4685,Q9UBY0,13,large transmembrane,66.1894,66.3661
4686,Q9UBY5,7,GPCR transmembrane,81.6934,81.8926
4687,Q9UBY8,7,GPCR transmembrane,89.9136,90.2671
4688,Q9UDW1,1,single-pass transmembrane,94.3733,94.7092
4689,Q9UEF7,1,single-pass transmembrane,88.9611,89.3527
4690,Q9UEU0,1,single-pass transmembrane,83.2272,83.784
4691,Q9UEW3,1,single-pass transmembrane,61.222,62.3535
4692,Q9UF02,4,medium transmembrane,72.9451,72.7408
4693,Q9UF33,1,single-pass transmembrane,78.6331,79.1057
4694,Q9UGF5,7,GPCR transmembrane,87.3934,87.3834
4695,Q9UGF6,7,GPCR transmembrane,84.8824,84.6476
4696,Q9UGF7,7,GPCR transmembrane,80.881,80.6835
4697,Q9UGH3,12,large transmembrane,77.2964,77.6435
4698,Q9UGI6,6,medium transmembrane,67.964,68.732
4699,Q9UGM1,4,medium transmembrane,80.8335,81.0061
4700,Q9UGN4,1,single-pass transmembrane,70.9737,70.9677
4701,Q9UGP8,3,medium transmembrane,78.2273,78.5817
4702,Q9UGQ2,4,medium transmembrane,61.9738,62.8
4703,Q9UGQ3,12,large transmembrane,81.5558,81.6744
4704,Q9UGT4,1,single-pass transmembrane,90.8186,91.1768
4705,Q9UH62,2,medium transmembrane,76.3942,76.8254
4706,Q9UH99,3,medium transmembrane,67.3562,67.9805
4707,Q9UHC3,2,medium transmembrane,82.75,83.0987
4708,Q9UHC6,1,single-pass transmembrane,83.7479,84.1847
4709,Q9UHC9,13,large transmembrane,84.2717,84.6511
4710,Q9UHE5,2,medium transmembrane,92.6582,92.917
4711,Q9UHE8,6,medium transmembrane,84.4386,84.3093
4712,Q9UHF3,2,medium transmembrane,91.3811,91.3101
4713,Q9UHF4,1,single-pass transmembrane,63.9776,64.7274
4714,Q9UHI5,12,large transmembrane,81.5132,81.8899
4715,Q9UHI7,12,large transmembrane,82.0056,81.8992
4716,Q9UHJ9,6,medium transmembrane,90.3049,90.2377
4717,Q9UHM6,7,GPCR transmembrane,74.2237,74.648
4718,Q9UHN6,1,single-pass transmembrane,89.7384,89.8394
4719,Q9UHP7,1,single-pass transmembrane,86.5073,87.0412
4720,Q9UHQ4,3,medium transmembrane,85.8222,85.7027
4721,Q9UHQ9,1,single-pass transmembrane,94.4109,94.6323
4722,Q9UHW9,12,large transmembrane,79.841,79.7151
4723,Q9UHX3,7,GPCR transmembrane,79.2076,79.2314
4724,Q9UI14,3,medium transmembrane,81.5455,81.9891
4725,Q9UI33,24,large transmembrane,69.5022,69.8613
4726,Q9UI40,11,large transmembrane,66.816,67.3344
4727,Q9UI54,1,single-pass transmembrane,78.422,78.402
4728,Q9UIB8,1,single-pass transmembrane,74.7749,74.9452
4729,Q9UIG8,12,large transmembrane,75.6514,75.3024
4730,Q9UIJ5,4,medium transmembrane,82.102,83.0848
4731,Q9UIK5,2,medium transmembrane,69.0905,68.7435
4732,Q9UIQ6,1,single-pass transmembrane,88.7708,89.0212
4733,Q9UIW2,5,medium transmembrane,84.6342,85.018
4734,Q9UIX4,6,medium transmembrane,78.8753,79.2058
4735,Q9UJ14,1,single-pass transmembrane,85.3368,85.2398
4736,Q9UJ37,1,single-pass transmembrane,85.6625,86.1012
4737,Q9UJ42,7,GPCR transmembrane,76.4914,76.8322
4738,Q9UJ71,1,single-pass transmembrane,86.882,87.3345
4739,Q9UJ90,2,medium transmembrane,62.9659,64.5395
4740,Q9UJ94,2,medium transmembrane,36.358,36.554
4741,Q9UJ96,6,medium transmembrane,79.6217,80.5001
4742,Q9UJ99,1,single-pass transmembrane,75.7614,76.5497
4743,Q9UJA2,6,medium transmembrane,68.4068,69.2653
4744,Q9UJA9,1,single-pass transmembrane,88.5347,88.9586
4745,Q9UJG1,2,medium transmembrane,78.2585,78.2182
4746,Q9UJQ1,1,single-pass transmembrane,85.9125,85.9605
4747,Q9UK00,1,single-pass transmembrane,63.5025,63.5115
4748,Q9UK17,6,medium transmembrane,70.3954,71.2788
4749,Q9UK28,1,single-pass transmembrane,61.3025,61.4351
4750,Q9UKB5,1,single-pass transmembrane,49.5398,49.5985
4751,Q9UKF2,1,single-pass transmembrane,80.1086,80.1645
4752,Q9UKF5,1,single-pass transmembrane,76.9606,76.9634
4753,Q9UKG4,13,large transmembrane,77.1236,77.1919
4754,Q9UKJ0,1,single-pass transmembrane,80.1261,81.0579
4755,Q9UKJ1,1,single-pass transmembrane,69.1878,69.9416
4756,Q9UKJ5,2,medium transmembrane,84.6769,84.748
4757,Q9UKJ8,1,single-pass transmembrane,83.0231,83.1227
4758,Q9UKL2,7,GPCR transmembrane,90.0341,89.9953
4759,Q9UKL4,4,medium transmembrane,72.5924,73.5079
4760,Q9UKM7,1,single-pass transmembrane,80.4801,81.0698
4761,Q9UKP6,7,GPCR transmembrane,75.8057,76.7808
4762,Q9UKQ2,1,single-pass transmembrane,74.6989,74.6777
4763,Q9UKR5,4,medium transmembrane,93.1867,92.9319
4764,Q9UKR8,4,medium transmembrane,84.5565,84.8233
4765,Q9UKU0,1,single-pass transmembrane,90.1064,90.1709
4766,Q9UKU6,1,single-pass transmembrane,85.9639,86.8361
4767,Q9UKV5,8,large transmembrane,73.1979,73.723
4768,Q9UKX5,1,single-pass transmembrane,85.9871,85.7862
4769,Q9UKY0,1,single-pass transmembrane,76.9167,77.0625
4770,Q9UKY4,11,large transmembrane,87.646,88.103
4771,Q9UL01,2,medium transmembrane,86.8066,86.8541
4772,Q9UL19,1,single-pass transmembrane,75.3171,76.6072
4773,Q9UL51,6,medium transmembrane,70.0462,72.1557
4774,Q9UL52,1,single-pass transmembrane,90.4618,90.4802
4775,Q9UL54,8,large transmembrane,66.3747,67.1659
4776,Q9UL62,6,medium transmembrane,73.1897,73.8208
4777,Q9ULB4,1,single-pass transmembrane,77.8272,77.5757
4778,Q9ULB5,1,single-pass transmembrane,77.7229,77.4999
4779,Q9ULC0,1,single-pass transmembrane,51.9809,52.4593
4780,Q9ULC5,1,single-pass transmembrane,90.5674,90.6045
4781,Q9ULC8,4,medium transmembrane,57.4068,58.2298
4782,Q9ULD8,6,medium transmembrane,63.8348,64.9474
4783,Q9ULF5,8,large transmembrane,59.8159,59.2671
4784,Q9ULG6,2,medium transmembrane,62.3949,63.2561
4785,Q9ULH0,4,medium transmembrane,61.2569,61.5374
4786,Q9ULH4,1,single-pass transmembrane,69.5162,70.4875
4787,Q9ULI3,1,single-pass transmembrane,41.976,42.0686
4788,Q9ULK0,3,medium transmembrane,74.8165,75.3044
4789,Q9ULK5,4,medium transmembrane,73.3597,73.6053
4790,Q9ULK6,1,single-pass transmembrane,74.7902,75.8818
4791,Q9ULL4,1,single-pass transmembrane,80.9831,81.4626
4792,Q9ULQ1,12,large transmembrane,84.2517,85.1583
4793,Q9ULS5,2,medium transmembrane,69.7979,70.8365
4794,Q9ULS6,6,medium transmembrane,80.7938,81.0195
4795,Q9ULT6,1,single-pass transmembrane,50.7152,51.3089
4796,Q9ULV1,7,GPCR transmembrane,84.2914,84.7936
4797,Q9ULW2,7,GPCR transmembrane,80.6054,81.0434
4798,Q9ULX7,1,single-pass transmembrane,90.6798,91.1026
4799,Q9ULY5,1,single-pass transmembrane,85.0032,85.3977
4800,Q9UM00,3,medium transmembrane,63.6548,64.1919
4801,Q9UM01,12,large transmembrane,83.4244,83.5192
4802,Q9UM21,1,single-pass transmembrane,85.3553,85.4326
4803,Q9UM44,1,single-pass transmembrane,81.2786,81.8335
4804,Q9UM47,1,single-pass transmembrane,62.0343,62.437
4805,Q9UM73,1,single-pass transmembrane,67.2208,67.2765
4806,Q9UMD9,1,single-pass transmembrane,45.8297,46.4816
4807,Q9UMR7,1,single-pass transmembrane,85.2527,85.9091
4808,Q9UMS5,7,GPCR transmembrane,61.8946,62.3236
4809,Q9UMX3,1,single-pass transmembrane,84.6913,84.6123
4810,Q9UMX9,12,large transmembrane,77.662,77.9029
4811,Q9UMZ3,1,single-pass transmembrane,73.1236,73.5074
4812,Q9UN42,2,medium transmembrane,81.907,81.6929
4813,Q9UN66,1,single-pass transmembrane,81.2425,81.5721
4814,Q9UN67,1,single-pass transmembrane,81.4601,81.68
4815,Q9UN70,1,single-pass transmembrane,74.3788,74.8666
4816,Q9UN71,1,single-pass transmembrane,75.4121,75.8291
4817,Q9UN72,1,single-pass transmembrane,74.5756,75.0062
4818,Q9UN73,1,single-pass transmembrane,73.6129,74.0655
4819,Q9UN74,1,single-pass transmembrane,73.6949,74.1194
4820,Q9UN75,1,single-pass transmembrane,74.12,74.5416
4821,Q9UN76,12,large transmembrane,89.8205,89.846
4822,Q9UN88,4,medium transmembrane,66.5339,67.6605
4823,Q9UNA3,1,single-pass transmembrane,88.4572,89.2029
4824,Q9UNE0,1,single-pass transmembrane,66.3782,66.8228
4825,Q9UNG2,1,single-pass transmembrane,80.7229,81.159
4826,Q9UNK0,1,single-pass transmembrane,77.2782,77.527
4827,Q9UNL2,4,medium transmembrane,84.2044,84.2558
4828,Q9UNN8,1,single-pass transmembrane,86.2816,87.1048
4829,Q9UNP4,1,single-pass transmembrane,83.2156,83.0761
4830,Q9UNQ0,6,medium transmembrane,85.3893,85.7054
4831,Q9UNU6,1,single-pass transmembrane,91.645,91.8795
4832,Q9UNW8,7,GPCR transmembrane,79.3817,79.7307
4833,Q9UNX9,1,single-pass transmembrane,80.4372,81.2491
4834,Q9UP38,8,large transmembrane,78.4049,79.508
4835,Q9UP52,1,single-pass transmembrane,83.8781,83.9593
4836,Q9UP95,12,large transmembrane,81.6321,81.4209
4837,Q9UPC5,7,GPCR transmembrane,78.957,79.3038
4838,Q9UPI3,12,large transmembrane,80.9541,81.5792
4839,Q9UPQ8,17,large transmembrane,89.8438,90.1405
4840,Q9UPR5,10,large transmembrane,76.3433,76.9922
4841,Q9UPU3,1,single-pass transmembrane,74.4399,75.4687
4842,Q9UPX6,1,single-pass transmembrane,51.2515,51.232
4843,Q9UPY5,12,large transmembrane,86.4608,86.6098
4844,Q9UPZ6,1,single-pass transmembrane,68.0535,68.3404
4845,Q9UQ05,6,medium transmembrane,66.6493,67.6068
4846,Q9UQ53,1,single-pass transmembrane,84.1945,84.344
4847,Q9UQ90,2,medium transmembrane,74.3155,74.4313
4848,Q9UQC9,1,single-pass transmembrane,86.7773,87.0047
4849,Q9UQD0,25,large transmembrane,68.6342,69.1779
4850,Q9UQF0,1,single-pass transmembrane,59.2765,59.6356
4851,Q9UQQ1,1,single-pass transmembrane,95.1309,95.26
4852,Q9UQV4,1,single-pass transmembrane,66.525,67.1808
4853,Q9Y210,6,medium transmembrane,76.6472,76.9289
4854,Q9Y219,1,single-pass transmembrane,72.404,72.6745
4855,Q9Y225,1,single-pass transmembrane,70.3798,70.7234
4856,Q9Y226,12,large transmembrane,84.7467,84.8736
4857,Q9Y227,1,single-pass transmembrane,87.3932,87.6407
4858,Q9Y228,2,medium transmembrane,73.5726,74.3635
4859,Q9Y231,1,single-pass transmembrane,90.3256,90.5509
4860,Q9Y241,2,medium transmembrane,63.9884,63.4903
4861,Q9Y256,8,large transmembrane,85.4539,85.9065
4862,Q9Y257,4,medium transmembrane,81.8978,82.092
4863,Q9Y267,12,large transmembrane,81.1159,80.9335
4864,Q9Y271,7,GPCR transmembrane,86.1511,86.2786
4865,Q9Y274,1,single-pass transmembrane,91.5753,91.3832
4866,Q9Y275,1,single-pass transmembrane,78.4438,79.0581
4867,Q9Y276,1,single-pass transmembrane,87.0367,87.1787
4868,Q9Y278,1,single-pass transmembrane,82.6903,84.1516
4869,Q9Y279,1,single-pass transmembrane,74.191,74.6828
4870,Q9Y282,2,medium transmembrane,83.9487,84.0659
4871,Q9Y284,3,medium transmembrane,62.6641,62.7191
4872,Q9Y286,1,single-pass transmembrane,73.8861,74.2459
4873,Q9Y287,1,single-pass transmembrane,75.3261,76.1483
4874,Q9Y289,13,large transmembrane,79.7404,80.2802
4875,Q9Y2A9,1,single-pass transmembrane,88.2279,88.4237
4876,Q9Y2B1,1,single-pass transmembrane,86.1069,86.3163
4877,Q9Y2B2,1,single-pass transmembrane,91.7904,91.7012
4878,Q9Y2C2,1,single-pass transmembrane,79.2907,79.7574
4879,Q9Y2C3,1,single-pass transmembrane,92.6626,92.5974
4880,Q9Y2C5,12,large transmembrane,83.8692,84.0636
4881,Q9Y2C9,1,single-pass transmembrane,86.5728,86.5464
4882,Q9Y2D2,10,large transmembrane,87.9842,87.9274
4883,Q9Y2E8,13,large transmembrane,76.1832,75.756
4884,Q9Y2G1,1,single-pass transmembrane,60.3536,61.6916
4885,Q9Y2G3,10,large transmembrane,81.5282,82.0559
4886,Q9Y2G8,1,single-pass transmembrane,77.5994,77.6786
4887,Q9Y2H6,1,single-pass transmembrane,77.0403,77.5008
4888,Q9Y2L9,1,single-pass transmembrane,63.4441,63.9553
4889,Q9Y2P4,1,single-pass transmembrane,90.793,90.878
4890,Q9Y2P5,2,medium transmembrane,86.7276,86.9224
4891,Q9Y2Q0,11,large transmembrane,82.6883,82.8553
4892,Q9Y2R0,1,single-pass transmembrane,76.6062,76.528
4893,Q9Y2T5,7,GPCR transmembrane,81.7667,81.8228
4894,Q9Y2T6,7,GPCR transmembrane,87.1016,87.0917
4895,Q9Y2U2,4,medium transmembrane,81.9554,82.2717
4896,Q9Y2U8,2,medium transmembrane,59.8723,61.2836
4897,Q9Y2W3,12,large transmembrane,64.9769,65.2945
4898,Q9Y2Y6,1,single-pass transmembrane,73.4189,73.1621
4899,Q9Y320,4,medium transmembrane,85.41,85.9668
4900,Q9Y328,1,single-pass transmembrane,59.1819,58.9347
4901,Q9Y336,1,single-pass transmembrane,73.1445,73.8376
4902,Q9Y342,4,medium transmembrane,76.9388,77.5106
4903,Q9Y345,12,large transmembrane,73.5023,74.9091
4904,Q9Y385,1,single-pass transmembrane,77.3824,77.7088
4905,Q9Y394,1,single-pass transmembrane,94.4127,94.2374
4906,Q9Y397,4,medium transmembrane,83.9061,84.4445
4907,Q9Y3A6,1,single-pass transmembrane,81.8654,82.2561
4908,Q9Y3B3,1,single-pass transmembrane,84.3962,85.0491
4909,Q9Y3E0,4,medium transmembrane,87.8648,87.8306
4910,Q9Y3E5,1,single-pass transmembrane,84.0674,84.3302
4911,Q9Y3N9,7,GPCR transmembrane,88.5039,88.4858
4912,Q9Y3P4,6,medium transmembrane,69.6728,69.6388
4913,Q9Y3P8,1,single-pass transmembrane,61.2874,61.7333
4914,Q9Y3Q0,1,single-pass transmembrane,95.1329,95.1708
4915,Q9Y3Q3,1,single-pass transmembrane,87.533,88.0673
4916,Q9Y3Q4,6,medium transmembrane,59.3074,61.5475
4917,Q9Y3Q7,1,single-pass transmembrane,78.6589,78.4801
4918,Q9Y426,1,single-pass transmembrane,62.0552,62.5419
4919,Q9Y487,8,large transmembrane,81.4053,81.7617
4920,Q9Y4A9,7,GPCR transmembrane,87.9172,87.6682
4921,Q9Y4C0,1,single-pass transmembrane,75.6467,76.1152
4922,Q9Y4C5,1,single-pass transmembrane,77.6725,79.164
4923,Q9Y4D2,4,medium transmembrane,62.9511,63.663
4924,Q9Y4D7,1,single-pass transmembrane,79.8099,80.2371
4925,Q9Y4P3,1,single-pass transmembrane,87.2108,87.3013
4926,Q9Y4W6,2,medium transmembrane,77.0267,77.3858
4927,Q9Y519,7,GPCR transmembrane,72.5935,73.6036
4928,Q9Y548,5,medium transmembrane,76.9102,77.9349
4929,Q9Y561,1,single-pass transmembrane,62.4972,63.1498
4930,Q9Y584,2,medium transmembrane,79.2812,79.6499
4931,Q9Y585,7,GPCR transmembrane,89.1663,88.9801
4932,Q9Y5E1,1,single-pass transmembrane,81.3955,81.5345
4933,Q9Y5E2,1,single-pass transmembrane,81.6438,81.6587
4934,Q9Y5E3,1,single-pass transmembrane,81.4021,81.4622
4935,Q9Y5E4,1,single-pass transmembrane,81.2042,81.5487
4936,Q9Y5E5,1,single-pass transmembrane,82.2317,82.364
4937,Q9Y5E6,1,single-pass transmembrane,81.6909,81.9572
4938,Q9Y5E7,1,single-pass transmembrane,81.2565,81.4881
4939,Q9Y5E8,1,single-pass transmembrane,81.8841,81.9342
4940,Q9Y5E9,1,single-pass transmembrane,81.5952,81.8081
4941,Q9Y5F0,1,single-pass transmembrane,80.7636,81.0766
4942,Q9Y5F1,1,single-pass transmembrane,81.6498,81.9912
4943,Q9Y5F2,1,single-pass transmembrane,81.9405,82.1968
4944,Q9Y5F3,1,single-pass transmembrane,80.0055,79.9463
4945,Q9Y5F6,1,single-pass transmembrane,74.3032,74.3929
4946,Q9Y5F7,1,single-pass transmembrane,74.8977,75.2914
4947,Q9Y5F8,1,single-pass transmembrane,74.674,75.0138
4948,Q9Y5F9,1,single-pass transmembrane,75.1185,75.4865
4949,Q9Y5G0,1,single-pass transmembrane,75.4926,75.9696
4950,Q9Y5G1,1,single-pass transmembrane,75.5438,75.8355
4951,Q9Y5G2,1,single-pass transmembrane,75.4081,75.75
4952,Q9Y5G3,1,single-pass transmembrane,74.8676,75.2197
4953,Q9Y5G4,1,single-pass transmembrane,75.1145,75.5638
4954,Q9Y5G5,1,single-pass transmembrane,73.4561,73.8029
4955,Q9Y5G6,1,single-pass transmembrane,74.9315,75.2538
4956,Q9Y5G7,1,single-pass transmembrane,74.8703,75.1591
4957,Q9Y5G8,1,single-pass transmembrane,75.0798,75.3929
4958,Q9Y5G9,1,single-pass transmembrane,74.0708,74.3878
4959,Q9Y5H0,1,single-pass transmembrane,74.8216,75.4137
4960,Q9Y5H1,1,single-pass transmembrane,75.1683,75.5299
4961,Q9Y5H2,1,single-pass transmembrane,75.0634,75.4944
4962,Q9Y5H3,1,single-pass transmembrane,74.4807,74.911
4963,Q9Y5H4,1,single-pass transmembrane,74.7763,75.3013
4964,Q9Y5H5,1,single-pass transmembrane,73.3284,73.8005
4965,Q9Y5H6,1,single-pass transmembrane,73.7119,74.1499
4966,Q9Y5H7,1,single-pass transmembrane,74.4271,74.9435
4967,Q9Y5H8,1,single-pass transmembrane,73.788,74.2062
4968,Q9Y5H9,1,single-pass transmembrane,73.5185,73.8312
4969,Q9Y5I0,1,single-pass transmembrane,73.2542,73.8079
4970,Q9Y5I1,1,single-pass transmembrane,73.4484,73.8541
4971,Q9Y5I2,1,single-pass transmembrane,73.4893,74.1563
4972,Q9Y5I3,1,single-pass transmembrane,73.6137,74.1055
4973,Q9Y5I4,1,single-pass transmembrane,71.8901,72.1538
4974,Q9Y5I7,4,medium transmembrane,69.4009,69.1026
4975,Q9Y5L2,1,single-pass transmembrane,72.8376,73.3697
4976,Q9Y5L3,2,medium transmembrane,92.9517,93.0524
4977,Q9Y5M6,1,single-pass transmembrane,85.5368,86.0633
4978,Q9Y5M8,1,single-pass transmembrane,86.2717,86.9903
4979,Q9Y5N1,7,GPCR transmembrane,75.4293,76.9846
4980,Q9Y5P0,7,GPCR transmembrane,87.494,87.5153
4981,Q9Y5P1,7,GPCR transmembrane,88.9627,88.8069
4982,Q9Y5Q0,4,medium transmembrane,93.8715,94.4075
4983,Q9Y5Q5,1,single-pass transmembrane,70.118,70.5696
4984,Q9Y5R2,1,single-pass transmembrane,74.0356,74.7361
4985,Q9Y5S1,6,medium transmembrane,78.7309,79.2365
4986,Q9Y5S8,6,medium transmembrane,89.6595,89.6804
4987,Q9Y5T4,1,single-pass transmembrane,79.0955,78.6996
4988,Q9Y5U4,6,medium transmembrane,78.3588,77.8916
4989,Q9Y5U5,1,single-pass transmembrane,73.6189,73.0103
4990,Q9Y5U8,3,medium transmembrane,91.67,91.7401
4991,Q9Y5U9,2,medium transmembrane,62.0922,62.1603
4992,Q9Y5W7,1,single-pass transmembrane,72.9599,73.6202
4993,Q9Y5W8,1,single-pass transmembrane,75.7713,76.5858
4994,Q9Y5X5,7,GPCR transmembrane,68.8788,68.8397
4995,Q9Y5Y0,12,large transmembrane,78.0581,78.9497
4996,Q9Y5Y3,7,GPCR transmembrane,83.8523,83.9985
4997,Q9Y5Y4,7,GPCR transmembrane,80.8277,81.4778
4998,Q9Y5Y5,7,GPCR transmembrane,82.0559,82.1572
4999,Q9Y5Y6,1,single-pass transmembrane,80.8529,81.2573
5000,Q9Y5Y7,1,single-pass transmembrane,69.0254,68.8641
5001,Q9Y5Y9,24,large transmembrane,66.8789,67.6408
5002,Q9Y5Z0,1,single-pass transmembrane,82.9887,83.6237
5003,Q9Y5Z6,1,single-pass transmembrane,89.4535,89.7693
5004,Q9Y5Z9,9,large transmembrane,89.8331,90.0347
5005,Q9Y624,1,single-pass transmembrane,87.0174,86.9979
5006,Q9Y639,1,single-pass transmembrane,86.5308,87.1444
5007,Q9Y644,1,single-pass transmembrane,87.4335,88.2852
5008,Q9Y653,7,GPCR transmembrane,77.6141,78.0138
5009,Q9Y661,1,single-pass transmembrane,74.2661,76.0973
5010,Q9Y662,1,single-pass transmembrane,82.4803,84.1029
5011,Q9Y663,1,single-pass transmembrane,79.4326,81.1582
5012,Q9Y666,12,large transmembrane,80.603,80.6616
5013,Q9Y672,14,large transmembrane,93.2229,93.1417
5014,Q9Y673,1,single-pass transmembrane,92.5945,92.4719
5015,Q9Y691,2,medium transmembrane,85.0095,84.6523
5016,Q9Y693,4,medium transmembrane,92.1737,91.8469
5017,Q9Y694,12,large transmembrane,84.9236,84.849
5018,Q9Y698,4,medium transmembrane,66.6249,66.3215
5019,Q9Y6A1,11,large transmembrane,88.0196,88.2746
5020,Q9Y6A9,2,medium transmembrane,63.99,64.5075
5021,Q9Y6C5,12,large transmembrane,78.7209,79.1174
5022,Q9Y6C7,2,medium transmembrane,60.3404,61.5051
5023,Q9Y6F6,1,single-pass transmembrane,55.2958,56.5228
5024,Q9Y6G1,4,medium transmembrane,57.1559,56.9567
5025,Q9Y6H6,2,medium transmembrane,71.4122,71.6702
5026,Q9Y6H8,4,medium transmembrane,66.636,68.3338
5027,Q9Y6I8,5,medium transmembrane,91.9714,91.9309
5028,Q9Y6I9,1,single-pass transmembrane,74.8687,75.8111
5029,Q9Y6J6,1,single-pass transmembrane,78.1674,78.3109
5030,Q9Y6K0,10,large transmembrane,89.9886,90.2551
5031,Q9Y6L6,12,large transmembrane,80.6841,80.8121
5032,Q9Y6M5,6,medium transmembrane,67.4735,68.0171
5033,Q9Y6M7,12,large transmembrane,67.047,67.3338
5034,Q9Y6N1,1,single-pass transmembrane,73.3823,73.4839
5035,Q9Y6N7,1,single-pass transmembrane,59.5336,59.732
5036,Q9Y6N8,1,single-pass transmembrane,77.9922,77.8611
5037,Q9Y6Q6,1,single-pass transmembrane,59.6088,59.983
5038,Q9Y6R1,13,large transmembrane,70.463,70.7052
5039,Q9Y6U7,1,single-pass transmembrane,66.2611,67.0704
5040,Q9Y6W8,1,single-pass transmembrane,74.5199,74.8344
5041,Q9Y6X1,1,single-pass transmembrane,76.0785,76.3663
5042,Q9Y6X5,1,single-pass transmembrane,92.4462,92.6529
5043,U3KPV4,1,single-pass transmembrane,90.7606,90.5954
5044,V9GZ13,1,single-pass transmembrane,78.993,78.6388
