ResI,ChainID,Res,R,DFI,DFI_membrane,DFI_XY,DFI_Z
1,A,MET,M,0.0012126040581422345,0.001171539945380516,0.0011702009959991175,0.0011626934078964092
2,A,VAL,V,0.0012123174326224893,0.001166258149058414,0.0011542782794173028,0.0011650321604131184
3,A,GLY,G,0.001246362402790038,0.0012319493294219387,0.0011761831859042767,0.0012583980409337171
4,A,LEU,L,0.0013741862009404976,0.0013633800785696035,0.001261808028757358,0.0014116737809338814
5,A,LEU,L,0.0014030608228957518,0.0013824683441474436,0.0012668367935992173,0.0014353005137364234
6,A,LEU,L,0.001470080053738209,0.0014619717496918677,0.0013138455866060594,0.001541199138917025
7,A,PHE,F,0.001471334107200099,0.0014850132734339995,0.0013075510588277512,0.0015782582138120886
8,A,PHE,F,0.0015633435967332123,0.0015719770928269798,0.001350172602941752,0.0016844226932329856
9,A,PHE,F,0.0015552438709500464,0.0015756659931874739,0.0013373680931762664,0.0016980137431762254
10,A,PRO,P,0.0015346402594283632,0.0015691751052787889,0.001319509280321237,0.0017013878568617976
11,A,ALA,A,0.0016337524793276926,0.0016748586185224706,0.0013856946190477749,0.0018286063709672452
12,A,ILE,I,0.0017187665612049987,0.0017748321508236908,0.0014503024105621443,0.0019488864318172056
13,A,PHE,F,0.0017185072991905105,0.0017778800451857565,0.0014549612675264184,0.001960479668045701
14,A,LEU,L,0.0017875271445500424,0.0018395917370103456,0.0015175078397864678,0.0020338430435935606
15,A,GLU,E,0.0019702944702325413,0.0020199381081710756,0.0016543175260315527,0.002234190505269913
16,A,VAL,V,0.002059200595091338,0.002135479515798279,0.0017228015138149306,0.002363090946603884
17,A,SER,S,0.0021940875583694765,0.0022374792955885438,0.0018397387567289265,0.0024877666137192297
18,A,LEU,L,0.0022428559220294686,0.0022753862734642186,0.0018870863952819036,0.002535733209713672
19,A,LEU,L,0.002248796904553676,0.0022798421767486763,0.0019025261716339897,0.0025418528992152073
20,A,PRO,P,0.002187003447364627,0.0022119911492776492,0.0018627162886726745,0.0024614423893129797
21,A,ARG,R,0.0020762480605242373,0.002092376713872918,0.0017856416396234873,0.002318916820987676
22,A,SER,S,0.001902167135936062,0.0019381739599261525,0.0016605067711328773,0.0021583313187330845
23,A,PRO,P,0.001804134304597222,0.0018146714523449327,0.0015937307698809394,0.002010014122270226
24,A,GLY,G,0.0015945123656042246,0.00161161687169569,0.001417006642267269,0.001769575786566984
25,A,ARG,R,0.001454866501284974,0.0014873525890119353,0.0012903385568619522,0.001642508242332484
26,A,LYS,K,0.0013625623345046853,0.0013914139229194433,0.0012235533603544547,0.001537548815215999
27,A,VAL,V,0.0013195899849984577,0.0013772551840632303,0.001175735834235713,0.0015378728373362173
28,A,LEU,L,0.0011781470901055687,0.0012370860882469324,0.0010494814273287302,0.0013794213111794971
29,A,LEU,L,0.0011025576307674963,0.0011737307048268306,0.0009952562416101626,0.0013130381744817458
30,A,ALA,A,0.0009666657502284771,0.0010401162639644486,0.0008792656057435169,0.0011608837717440824
31,A,GLY,G,0.0008927649035318852,0.0009500406673812096,0.0008169681813055608,0.0010501852212976507
32,A,ALA,A,0.0008326400817697387,0.0008811553977735629,0.0007799391499792917,0.0009705313897902316
33,A,SER,S,0.0007243313323767709,0.0007817677824359971,0.0006899877932856297,0.0008594884377836468
34,A,SER,S,0.0006952932910224139,0.0007288559481493618,0.0006738848859924374,0.0007811700404288052
35,A,GLN,Q,0.0006644445925845283,0.00068270431552387,0.0006652949545114875,0.0007181655090597714
36,A,ARG,R,0.0005826493175078084,0.0006039059089293793,0.0005951375744985178,0.0006234090356962257
37,A,SER,S,0.0005746896952844012,0.0005620887270663435,0.0005991185892768019,0.000548322227230337
38,A,VAL,V,0.0005437105310208974,0.0005301991527119712,0.0005721203657244511,0.000515201677997745
39,A,ALA,A,0.0005590356262873793,0.0005154928291951097,0.0005800487256457955,0.0004713685535980005
40,A,ARG,R,0.0006073544464807975,0.0005518766362943356,0.0006267471953543378,0.0005122683540239736
41,A,MET,M,0.0006730726188256503,0.000606657535452396,0.000680972617887991,0.0005748451649795978
42,A,ASP,D,0.0007394468714011467,0.0006759118632335675,0.0007415868933525519,0.000670219832451497
43,A,GLY,G,0.0007958902163335747,0.0007639075471992892,0.0007636610764835875,0.0008083437871360926
44,A,ASP,D,0.0008632474056366316,0.0008685659278268455,0.0007931674617034483,0.0009600404333178429
45,A,VAL,V,0.0007885043639325666,0.0008100318422820273,0.0007051459521746381,0.0009058267729274461
46,A,ILE,I,0.0006886811723106859,0.0007026519027887638,0.0006334391792561958,0.0007742637760987697
47,A,ILE,I,0.0006135173462448876,0.000641485046098402,0.000564127049809665,0.000709510648185326
48,A,GLY,G,0.0005391802738647648,0.0005825613579417935,0.0005148481337541561,0.0006423907148857659
49,A,ALA,A,0.00046335785869662364,0.0005119531204171646,0.0004669315082745768,0.0005499926600874049
50,A,LEU,L,0.000404722551101496,0.0004803834882325484,0.0004343611697108479,0.0005141680909664783
51,A,PHE,F,0.00038258435753704776,0.0004526168888330261,0.00042265868711734644,0.00046809173096303605
52,A,SER,S,0.0003759055020717152,0.0004634600163530532,0.00042364666467477655,0.00048266619371246174
53,A,VAL,V,0.0004455189789473482,0.000498467797521652,0.00046771125326503687,0.000511508672175965
54,A,HIS,H,0.0004672341396740024,0.0005379681422578211,0.00047922515593477085,0.0005702833745344132
55,A,HIS,H,0.0004535170761699742,0.0005481436490799816,0.00046916267143698237,0.0005936448808753187
56,A,GLN,Q,0.00044796890310112294,0.0005563019129905446,0.00047106150925743315,0.0006071464794227343
57,A,PRO,P,0.0005283994602315466,0.0006276090103875885,0.0005208460844976,0.0006907460998301848
58,A,PRO,P,0.0005720532331080527,0.0006737087053616479,0.000546670260015,0.0007461982314156219
59,A,ALA,A,0.0005970619593360373,0.0007000762527119449,0.0005740957631258732,0.000772702223949826
60,A,GLU,E,0.0006834315325523004,0.0007746466746802774,0.0006276530210556643,0.0008573298437573097
61,A,LYS,K,0.0006579285658706972,0.0007464212000204733,0.000611708012030665,0.0008259485832496508
62,A,VAL,V,0.0006006822522509871,0.0006988748802525812,0.0005769046966108671,0.0007702010600548198
63,A,PRO,P,0.000677927116995027,0.0007682896699955435,0.000634203065213533,0.0008457263312267361
64,A,GLU,E,0.0006837752458635076,0.0007632507939974848,0.0006386652131827777,0.0008436982362757361
65,A,ARG,R,0.0005898098080304856,0.0006772479797580021,0.0005703923050447152,0.0007452542653206557
66,A,LYS,K,0.0006027906569374679,0.0006770403070807182,0.0005772110557597201,0.0007410185648598787
67,A,CYS,C,0.0005326093612304991,0.0006128802356263215,0.0005239401952795854,0.0006673323362496278
68,A,GLY,G,0.0005506404692880132,0.0006318676207050977,0.0005290912259803156,0.0006923148478202496
69,A,GLU,E,0.000577440673650303,0.0006448447007266631,0.0005482275328136852,0.0007038508089160216
70,A,ILE,I,0.0005498870665489265,0.0005998591134116235,0.0005364782656965168,0.0006400767678602238
71,A,ARG,R,0.0004975100209274533,0.0005539923227643295,0.000495821108460444,0.0005835934350133842
72,A,GLU,E,0.0005405527168424427,0.0005757860546258734,0.000522842062697587,0.00060004808641711
73,A,GLN,Q,0.0004910823671071145,0.0005368813947559825,0.00048578901859313585,0.0005568535909953588
74,A,TYR,Y,0.00040897991766275445,0.0004768729714411464,0.00043883237429380255,0.0004899248805690778
75,A,GLY,G,0.0004440490435433968,0.0004896908572591344,0.0004617331021319283,0.0004957152036758855
76,A,ILE,I,0.0005268873936625449,0.0005367535004519417,0.0005244130503844519,0.0005335309480699786
77,A,GLN,Q,0.0005438656462910786,0.0005552461217543732,0.0005267262244215494,0.0005638621046365869
78,A,ARG,R,0.00048128962772400524,0.0005038788415094194,0.0004808601871051206,0.0005093489064182473
79,A,VAL,V,0.0005105856429965897,0.0005076717645166088,0.0005123566278710751,0.0004948368231456882
80,A,GLU,E,0.0005967662962625187,0.0005773161142858123,0.0005796509254636944,0.0005735786496896522
81,A,ALA,A,0.0005879274676679502,0.0005891926671814008,0.000557699920706523,0.0006081337205172763
82,A,MET,M,0.0005649286273548308,0.0005651144211902099,0.0005421795517814257,0.0005839230826584494
83,A,PHE,F,0.000640046671825784,0.0006117159548478239,0.0006188053345965535,0.0006163896742179824
84,A,HIS,H,0.0007061272148129795,0.0006886118224754735,0.0006623804406022442,0.0007148517480598342
85,A,THR,T,0.0006893654001831792,0.0006950337606794566,0.0006315854860379214,0.0007464066753082669
86,A,LEU,L,0.0007120405524838224,0.0007070861593233447,0.0006578397988448528,0.0007563938534040783
87,A,ASP,D,0.0007912798655678228,0.00077338241937989,0.0007419382862320828,0.0008192504666339764
88,A,LYS,K,0.0008324385751106575,0.0008408302653709718,0.0007545596944785642,0.0009139387788469002
89,A,ILE,I,0.0008284093352853879,0.0008489695394494367,0.0007397552246097566,0.0009338233290869427
90,A,ASN,N,0.0008763351932420969,0.0008817302616624257,0.0007998442395832638,0.0009590174371446985
91,A,ALA,A,0.0009576690709245604,0.0009771471170893263,0.0008734347457937772,0.001071796766509682
92,A,ASP,D,0.000978140777491543,0.0010228866467393788,0.000866564221347833,0.0011358689655153226
93,A,PRO,P,0.0010840529166274422,0.001156480727422129,0.0009566753875800587,0.0012959006578191128
94,A,VAL,V,0.0010578158737409612,0.0011387401496214234,0.0009159837874996642,0.0012790566921278067
95,A,LEU,L,0.0009495994421137655,0.001009148904303145,0.0008238251549765355,0.001127139740025654
96,A,LEU,L,0.0009505830816656199,0.001004529239304928,0.0008263991756866519,0.001125569573883332
97,A,PRO,P,0.0010546088643772968,0.0011230531874986357,0.0009273680560853745,0.0012593579589233322
98,A,ASN,N,0.0010589481114379117,0.0011096742019039698,0.0009532675294558394,0.0012355385810686
99,A,ILE,I,0.0009521316848276314,0.0009834259034010157,0.000847567751072599,0.0010963990814810442
100,A,THR,T,0.0008690022400157026,0.000866265446191316,0.0007980139112179057,0.0009425907912376294
101,A,LEU,L,0.0007638043348640359,0.0007612912154396204,0.0006975110188214189,0.0008255891298668649
102,A,GLY,G,0.0006987743539434566,0.0006760975579201804,0.0006678337608281798,0.000708650510027279
103,A,SER,S,0.0006042089697736012,0.0005930569077174483,0.0005871975683460706,0.0006161968746726133
104,A,GLU,E,0.0005560805310498764,0.0005587497922859743,0.0005556244591800329,0.0005799186942093615
105,A,ILE,I,0.0004900287507259409,0.0005037744233644338,0.0005029499965196968,0.0005114681002611674
106,A,ARG,R,0.0004597838317079218,0.0005030727391284072,0.0004847711951330964,0.0005230764404753037
107,A,ASP,D,0.00042887032679973845,0.0004943304027282399,0.00046285947353682806,0.0005174257121152608
108,A,SER,S,0.0003976315686762323,0.0004961851710638856,0.00043919201093611793,0.0005334135496223543
109,A,CYS,C,0.000409848056351976,0.0005091578816260971,0.0004466187053398364,0.0005449885513447979
110,A,TRP,W,0.0003602907523374179,0.0004845998993451916,0.00042640857092098874,0.0005193200622686618
111,A,HIS,H,0.00041695089229771843,0.0005368376834714131,0.00046029418003137325,0.0005840932104109325
112,A,SER,S,0.000456236103953032,0.0005753963787966577,0.0004877737322430002,0.0006318464013039803
113,A,SER,S,0.0005268483854296627,0.0006380554663644216,0.0005292216534556505,0.0007076477477346126
114,A,VAL,V,0.0004902644951293906,0.0005912198730995001,0.00050033012097276,0.0006519937814420233
115,A,ALA,A,0.0004507565900073354,0.0005531497574898935,0.00047047615969843525,0.0006084130390555617
116,A,LEU,L,0.0005298447010258212,0.000637018147947025,0.0005232917938416068,0.0007108373705585426
117,A,GLU,E,0.0005680929002960973,0.000663251778207477,0.0005526608768556616,0.0007404835321705543
118,A,GLN,Q,0.000523028058661766,0.0006023389860894462,0.0005193095794230612,0.000665317071124842
119,A,SER,S,0.0005506436782112377,0.0006419500370147878,0.0005284474970725925,0.0007223485110232186
120,A,ILE,I,0.0006365348708093221,0.000736908840992839,0.0005936014291002908,0.000836040929388238
121,A,GLU,E,0.0006317070949690546,0.0007064389791026039,0.000600020801471333,0.0007926865481317385
122,A,PHE,F,0.0006160479101565753,0.0006867312636750669,0.0005776893090473937,0.0007766651858973873
123,A,ILE,I,0.0006981546661889665,0.0007974864774613291,0.0006309856553795376,0.0009175744797337337
124,A,ARG,R,0.0007491149277795664,0.0008496204004842799,0.0006852971640657799,0.0009768287173345267
125,A,ASP,D,0.0007409351073462394,0.0008128535313241712,0.0006922026192683777,0.0009256930099527182
126,A,SER,S,0.0007806525721023364,0.0008750447030520383,0.0006990638261862117,0.001012969404577019
127,A,LEU,L,0.0008612005135119993,0.000999071866675254,0.0007597970175715647,0.0011728649915005312
128,A,ILE,I,0.0008964300768437646,0.0010213415763913546,0.0008162415771375907,0.0011930877042763948
129,A,SER,S,0.0009065009425997555,0.0010170672462540178,0.000823637450178001,0.0011860486763423277
130,A,ILE,I,0.0009729414398588123,0.0011401780343637288,0.0008497730184224628,0.001351973911057327
131,A,ARG,R,0.0010441556355429264,0.0012557773241447558,0.0009232335921578116,0.0015009817059887316
132,A,ASP,D,0.0010699123855655538,0.00124862564704995,0.0009827359658363742,0.0014778980272865082
133,A,GLU,E,0.001117928287215742,0.0013273434233657155,0.0010078014789192424,0.0015851169136405089
134,A,LYS,K,0.001197089307035251,0.0014929789612666753,0.0010552813998099223,0.00180369769047283
135,A,ASP,D,0.0012458322058418914,0.0015725073667874363,0.001124256377372913,0.0019060574929438971
136,A,GLY,G,0.0013129471604478942,0.001618745417440858,0.0012230192873463276,0.0019505451050464868
137,A,ILE,I,0.0013263818478159313,0.0016084763551028882,0.0012658870300536727,0.0019235825733853224
138,A,ASN,N,0.0013839753590040658,0.0015911307961748785,0.0013467975191299246,0.0018745979738723439
139,A,ARG,R,0.001554857976891503,0.0018695290479397398,0.0015162731862411961,0.002230125311741502
140,A,CYS,C,0.001558969337828388,0.0018440311642662433,0.001543487590922234,0.0021827312424116388
141,A,LEU,L,0.001574224537743871,0.0017305347008072327,0.0015966206432825546,0.0019951928122811367
142,A,PRO,P,0.0017774652703099448,0.0018954174435205828,0.0018099627957894346,0.0021705146114751497
143,A,ASP,D,0.0018267970894582691,0.0018055628324566862,0.0018760248829326931,0.002002860819363854
144,A,GLY,G,0.0017431415043697614,0.0016144909221711104,0.0018035052204590832,0.0017235745776825598
145,A,GLN,Q,0.0015389590523911159,0.001374050819516783,0.0016011008437125064,0.001414513355164257
146,A,SER,S,0.0013993526078055541,0.001256805663035244,0.0014514950439974386,0.0012975730338893247
147,A,LEU,L,0.0012389704734545226,0.0011108091037562045,0.0012900004753541232,0.0011316043621063272
148,A,PRO,P,0.0011454048951202115,0.000960075889128358,0.0012043565116010703,0.0009040612555975281
149,A,PRO,P,0.001056659089741422,0.0009423001729603049,0.0010964526104841653,0.0009473289740887208
150,A,GLY,G,0.0009718683437397565,0.0008869634741003221,0.0010100407621386359,0.0008994994748499194
151,A,ARG,R,0.0008640385731777218,0.0008042234139457934,0.0008904432431854649,0.0008217970763275523
152,A,THR,T,0.0008857248807916259,0.0008971021207724109,0.0008746435577008797,0.0009864169899339542
153,A,LYS,K,0.0007849222728351299,0.000804549931352519,0.0007650051278954848,0.0008867782718069684
154,A,LYS,K,0.0007941107023337081,0.0008342772179181918,0.0007368027175951735,0.0009420123742848076
155,A,PRO,P,0.0007687993875665794,0.0008385113267234354,0.0006851210106842817,0.0009649001991458097
156,A,ILE,I,0.0006811519316694761,0.0007387668009950008,0.000610064106716143,0.0008418151698202588
157,A,ALA,A,0.0007212542263282689,0.0007833004723224494,0.000631081778680884,0.0008935990287723032
158,A,GLY,G,0.0006354164811993627,0.000700491690643035,0.0005709557681088449,0.0007905252390245794
159,A,VAL,V,0.0005360823419405631,0.0006034569664889305,0.0005075473511595183,0.0006738797102139006
160,A,ILE,I,0.00047558345770520606,0.0005393562496446928,0.000471927401521179,0.0005903608194116583
161,A,GLY,G,0.0004031412389491659,0.0004908973435077512,0.0004371119618549446,0.0005311869583799351
162,A,PRO,P,0.0003682168943614182,0.00047338484593031525,0.000422867080410531,0.0005101148407393179
163,A,GLY,G,0.00032378570766015394,0.00044405121490811045,0.00041002263864373307,0.0004666127958103285
164,A,SER,S,0.00032143388451218874,0.0004593623869609964,0.00042759340810944737,0.0004815302048904206
165,A,SER,S,0.00036929771178162635,0.0004942554903980007,0.0004670902302787103,0.0005155563512132635
166,A,SER,S,0.00040828036691963385,0.0005320149447529434,0.00048702831010541105,0.0005638306120697774
167,A,VAL,V,0.0004035511830292847,0.000525567966795727,0.0004621990002938131,0.0005672793347811277
168,A,ALA,A,0.00042239224424179075,0.0005362362043707938,0.0004717961658739873,0.0005811311470091247
169,A,ILE,I,0.0004872977335201121,0.0006007540804981684,0.0005249948894781231,0.0006509524085710688
170,A,GLN,Q,0.0005138331718035367,0.0006297338329795142,0.0005294878156756566,0.0006924671643706537
171,A,VAL,V,0.0005092109876700243,0.000618801262689627,0.0005110462355622621,0.0006880069192758555
172,A,GLN,Q,0.0005572808095283272,0.0006658160843923594,0.0005482526793541306,0.0007394868920295007
173,A,ASN,N,0.0006181320767772528,0.000735153681874473,0.0005957591689059653,0.0008179849200944875
174,A,LEU,L,0.0006441438950213429,0.0007630773484251015,0.0005976942989183909,0.0008623740447961794
175,A,LEU,L,0.0006405239153704639,0.0007501902765155004,0.000586304556039147,0.0008518876013733227
176,A,GLN,Q,0.0007061882885040043,0.0008237808920236473,0.0006403226162142157,0.0009309586432741287
177,A,LEU,L,0.0007744008161881036,0.0009117305574482227,0.0006848783633067693,0.0010440110447038327
178,A,PHE,F,0.0007886627356804345,0.0009228339918331372,0.0006851600536907886,0.0010674033566144886
179,A,ASP,D,0.0007881433244053386,0.0009102520034045844,0.0006867379858089428,0.0010416469840428555
180,A,ILE,I,0.0007006416158000098,0.0007995383485833768,0.0006205330141349492,0.0009115792129233871
181,A,PRO,P,0.0006579051325431372,0.0007436746901766863,0.0005953425117735443,0.0008332785300239546
182,A,GLN,Q,0.0005577035112504108,0.0006409108831212385,0.0005315870559873575,0.0007098389998782715
183,A,ILE,I,0.0005220728758576895,0.0005968575014616755,0.000512260619332622,0.0006508583346975063
184,A,ALA,A,0.0004375773770389058,0.0005243624631049923,0.00046826475215431976,0.0005622410753693002
185,A,TYR,Y,0.0004160478313492779,0.0004954696488294958,0.0004521869569501434,0.0005234933568450426
186,A,SER,S,0.0003561193246073908,0.0004573714966647418,0.00043527818934562044,0.0004714774677492823
187,A,ALA,A,0.0003650629453636851,0.00047766277800607873,0.00045609465112942516,0.0004936376261649895
188,A,THR,T,0.0003838521442209011,0.0004889521248948041,0.0004895025185383091,0.0004877052838131029
189,A,SER,S,0.00040509091837292804,0.0005123759344865747,0.0005214299299535693,0.0005067976615172746
190,A,ILE,I,0.0004721577946078326,0.000561577137379907,0.0005791215592583845,0.0005492351537962109
191,A,ASP,D,0.0005115701997419201,0.0006062983407381488,0.0005935795421637224,0.0006140072664150321
192,A,LEU,L,0.0005143101522088043,0.0006121286485158839,0.0005718171450228546,0.0006367353159550647
193,A,SER,S,0.0005650280629327551,0.0006504425127023066,0.0006160937962674106,0.000665369924019264
194,A,ASP,D,0.000623349429186621,0.000712924610652701,0.0006583532069710761,0.0007401814696715821
195,A,LYS,K,0.000685025620144821,0.0007806619408854548,0.0006789251163923587,0.0008305605799337186
196,A,THR,T,0.0007310037129146072,0.0008333869175531646,0.000718673774071597,0.0008911390388336871
197,A,LEU,L,0.0006768057861166474,0.0007834032180963583,0.0006733919625172621,0.0008424879612924717
198,A,TYR,Y,0.0006354462459815407,0.0007392581205352268,0.000629836431114466,0.0008002432249617573
199,A,LYS,K,0.0007087905545080847,0.0008120991121788805,0.0006710959657476756,0.0008861867717979511
200,A,TYR,Y,0.0006761493860607797,0.0007737263283442014,0.000629738310454861,0.0008540575025262856
201,A,PHE,F,0.0005855491046528869,0.0006774640258186007,0.0005755234267839958,0.0007355016518777564
202,A,LEU,L,0.0005735185555791279,0.0006545002307683738,0.000568373783232395,0.0007019437769364891
203,A,ARG,R,0.0005082915907595347,0.000588107468071551,0.0005274400313925347,0.0006217819914027219
204,A,VAL,V,0.0005255938926401965,0.0005969618693090955,0.0005326359528792877,0.0006333720788826629
205,A,VAL,V,0.00046725110744005416,0.0005461307698179867,0.000512658079392742,0.0005652497047826214
206,A,PRO,P,0.0004769989672730756,0.0005548656310253712,0.0005451817983677632,0.0005572019010949307
207,A,SER,S,0.00045579019767921666,0.0005390317144670309,0.0005534065930667311,0.0005254340585046544
208,A,ASP,D,0.0004055185290392689,0.0004950883454609082,0.0005394371296700122,0.00046281995478059004
209,A,THR,T,0.00046148231774915813,0.0005306989453017536,0.0005937896813637569,0.0004839992956268951
210,A,LEU,L,0.0004695260190774005,0.0005317782323110281,0.0005871450067241161,0.0004910675093015857
211,A,GLN,Q,0.0004109013161928828,0.00048396572541292314,0.0005437393208300371,0.0004400389672091332
212,A,ALA,A,0.00041197063079386327,0.0004827566982432466,0.0005747409091557602,0.00041498732330340473
213,A,ARG,R,0.000462408180055839,0.0005102409896729848,0.000608474836115865,0.0004377006633914483
214,A,ALA,A,0.0004532473427562865,0.0005034757338111668,0.0005819741098139719,0.000448736664206294
215,A,MET,M,0.00041580867148764537,0.00047542311305792575,0.0005669993047259074,0.00040858128221070753
216,A,LEU,L,0.0004436945577156704,0.0004864005014615294,0.0006106968554880548,0.00039331319728163575
217,A,ASP,D,0.0004825734964880138,0.0005110421372433317,0.000623862305255332,0.0004319536336622672
218,A,ILE,I,0.0004707747161503635,0.0005052955183878338,0.0006002318804329585,0.00044170273038480394
219,A,VAL,V,0.0004581955030826527,0.0004904922246838602,0.0006146193826396311,0.00040432381926940215
220,A,LYS,K,0.0004901467353867072,0.0005038974450051813,0.0006473044983189018,0.000401836304235368
221,A,ARG,R,0.0005161660705920864,0.0005277342873895519,0.0006446682984046111,0.00045127490281347024
222,A,TYR,Y,0.0005109549392655875,0.0005233522453189825,0.0006386073815090155,0.00044670579391043537
223,A,ASN,N,0.0005094750008498919,0.0005099655221338707,0.000664069306935647,0.00040424540855268134
224,A,TRP,W,0.00048467214982461816,0.0005010430275283173,0.0006484610989545922,0.0003976710576817034
225,A,THR,T,0.0004918382309620193,0.0005003029757914728,0.0006772310974574361,0.00037175722099709114
226,A,TYR,Y,0.00048824520565113983,0.0005080210630970747,0.0006687015646315287,0.0003970879026453782
227,A,VAL,V,0.0004599449457484174,0.0005035500211954601,0.0006312431991876454,0.0004185101105881784
228,A,SER,S,0.0004560660695026671,0.0005156134962300208,0.0006150290645347059,0.0004541931307949361
229,A,ALA,A,0.0004225924785908255,0.0005031903144516806,0.0005902247951526543,0.00044714382887873453
230,A,VAL,V,0.00041145688134925284,0.0005098658330388169,0.0005561614891190114,0.00048272200214028875
231,A,HIS,H,0.00038156720077706183,0.0004983879597431596,0.0005301936767407224,0.0004785749431302035
232,A,THR,T,0.00037725956288934686,0.0005047539118744636,0.0005004027028907129,0.0005059581294467365
233,A,GLU,E,0.0004256581483711862,0.000539806743580199,0.0005272594026736173,0.0005460369489714166
234,A,GLY,G,0.00042142597912495766,0.0005400867843888489,0.0005223846796696687,0.0005528384444559752
235,A,ASN,N,0.00041832219578513246,0.000532652865540107,0.0005290609544661993,0.000535534897740075
236,A,TYR,Y,0.0003555596977577752,0.0004840725979927179,0.0004965710265467703,0.0004763937855041823
237,A,GLY,G,0.00035736489186049804,0.0004854283541031628,0.000514086517705496,0.00046632041506581266
238,A,GLU,E,0.00041842122748414414,0.0005213559352706536,0.0005609517270640895,0.0004935781302214338
239,A,SER,S,0.0004338244499542325,0.0005276445210741122,0.0005754492170865947,0.0004952835416682634
240,A,GLY,G,0.0003900190882412984,0.0004888673366281207,0.0005549917005646771,0.00044314988332960824
241,A,MET,M,0.0003978824937830272,0.00049239241068837,0.0005764179783070868,0.00043386110742302226
242,A,ASP,D,0.00045538056800863657,0.00052772891114639,0.0006196779683537659,0.00046287113786197895
243,A,ALA,A,0.00046149773809005246,0.000526261856190762,0.000623566987131582,0.0004568199838323944
244,A,PHE,F,0.0004297273837529916,0.0004949621066497102,0.000612165269426899,0.00040963377311221933
245,A,LYS,K,0.0004609722383860295,0.0005136905534713943,0.0006445557221279464,0.0004184455940539783
246,A,GLU,E,0.0005021157478273612,0.0005416622401730904,0.000670167594627316,0.0004489584487449829
247,A,LEU,L,0.0004946397791011811,0.0005282361362446258,0.0006631375797627353,0.0004297354546000475
248,A,ALA,A,0.00047646635664904004,0.0005065179222220411,0.000662515514978212,0.00038911978869325746
249,A,ALA,A,0.0005122052225769154,0.0005287245172374009,0.0006928640851503894,0.0004059508273528583
250,A,GLN,Q,0.0005359004189439037,0.00054542286300032,0.0007015128964564313,0.0004325646882052211
251,A,GLU,E,0.0005211185009626263,0.0005243153687079136,0.0006932722961129575,0.00039844524766877675
252,A,GLY,G,0.0005228166002787722,0.0005176466798432879,0.0007074831154213148,0.0003740029851190554
253,A,LEU,L,0.0004909693112647813,0.0005028757213466465,0.0006838894493974558,0.0003649648953342241
254,A,CYS,C,0.0004927652499800777,0.0005102938154142805,0.0006871107284912529,0.00038122499430446666
255,A,ILE,I,0.00047389034347025357,0.000512718280931234,0.0006606659718504112,0.00040752574368921064
256,A,ALA,A,0.0005018693081724251,0.000532773874358435,0.0006687378729351443,0.0004410280091198998
257,A,HIS,H,0.0005000158396075518,0.0005447953671985737,0.0006506603696973802,0.0004751197397407853
258,A,SER,S,0.00047150519388334617,0.0005356026594384258,0.00062388975068421,0.0004766981149456678
259,A,ASP,D,0.00048145277790108746,0.0005555548953138701,0.0006018776582698344,0.0005252196882441166
260,A,LYS,K,0.0004606077595258353,0.0005529752646935007,0.0005678293801343342,0.0005423525068059067
261,A,ILE,I,0.00046629811966397667,0.0005707540617940221,0.0005425808597035419,0.0005853041090073522
262,A,TYR,Y,0.00045351411472405303,0.0005704243645131915,0.0005161623400592355,0.0006009857964739726
263,A,SER,S,0.00042171615976324304,0.0005494309549855704,0.000484313500622073,0.0005892155873446993
264,A,ASN,N,0.0004901225116343705,0.0006088728093825166,0.000513909273474414,0.0006657462171503032
265,A,ALA,A,0.0005355804282629168,0.0006451807143945102,0.0005491240860958289,0.0006988552294993941
266,A,GLY,G,0.0006030328079138841,0.000705183007616397,0.0005832437095478093,0.0007711055086782788
267,A,GLU,E,0.0006179583361160247,0.0007166199866633457,0.0005895082062142768,0.0007839915657376905
268,A,LYS,K,0.0006512319769333712,0.0007351035399234362,0.0006241651977252489,0.0007888995058809387
269,A,SER,S,0.0005908946078389531,0.0006773296054641438,0.0005990100042449393,0.0007161726752691383
270,A,PHE,F,0.0005505333803617012,0.0006430646409480252,0.0005718802199147733,0.0006819741526716001
271,A,ASP,D,0.0006092060958906656,0.0006876156628794506,0.0006081270195372924,0.0007287918640066569
272,A,ARG,R,0.0006093910618228242,0.0006741094552786672,0.0006299211772736636,0.000693883371496315
273,A,LEU,L,0.0005437157890686418,0.000617250907859796,0.0006007530373670685,0.0006253954251008019
274,A,LEU,L,0.0005521978588370201,0.0006226914643246496,0.0006004224325473469,0.0006372825934298791
275,A,ARG,R,0.0006002701229092654,0.0006512725740527314,0.0006406591368920038,0.0006575616167549144
276,A,LYS,K,0.0005729710776211763,0.0006172891969813615,0.0006479289910845538,0.0005985523930560894
277,A,LEU,L,0.0005313025435399127,0.0005841685403283286,0.0006245095065180488,0.0005637501682952881
278,A,ARG,R,0.0005726863854626075,0.0006142541085082463,0.0006428056455795731,0.0006030430942518964
279,A,GLU,E,0.0005884547369716934,0.0006120474374278649,0.0006739050838985249,0.000578487603840818
280,A,ARG,R,0.0005496137996002597,0.000574854073339978,0.0006662647527994296,0.0005230014905905248
281,A,LEU,L,0.0005603555093628343,0.0005851638579758025,0.0006597242355659997,0.0005492509404099034
282,A,PRO,P,0.0005622402637942963,0.0005800251535750583,0.0006641691185906908,0.0005395480400530111
283,A,LYS,K,0.0005380166131164973,0.000550362103153821,0.0006741015553522859,0.0004799569077510634
284,A,ALA,A,0.0005058144517637885,0.0005367796067851616,0.0006466628430071427,0.00047320305745046876
285,A,ARG,R,0.0005088885910802853,0.0005480515547877645,0.0006223437984254508,0.0005103258225371139
286,A,VAL,V,0.00046843770702852854,0.0005185968940072576,0.000599059659748272,0.0004726513328851021
287,A,VAL,V,0.00043907032446491886,0.000510295093840393,0.0005748616763612087,0.0004743746036041525
288,A,VAL,V,0.00039767540987610333,0.0004822525469386218,0.0005587596062176823,0.0004331669694522869
289,A,CYS,C,0.00037423876424385076,0.00048104787946847696,0.0005226253707068796,0.00045594872360776243
290,A,PHE,F,0.00034072196744027654,0.00046614502485902896,0.0005086260111055927,0.0004357237000694812
291,A,CYS,C,0.00034162626176996084,0.00047464905039599424,0.00047910508498151094,0.0004707115969767002
292,A,GLU,E,0.0003335984335931519,0.0004722579772649063,0.00044950610174635387,0.0004853828689954945
293,A,GLY,G,0.0003816670253822341,0.0005031710103875528,0.0004561037717666408,0.0005322739289939794
294,A,MET,M,0.000419276302830663,0.0005429779355943748,0.00046952339848420636,0.0005884109397119264
295,A,THR,T,0.00041557387832417357,0.0005395952021264532,0.0004855686277601335,0.000573317600598059
296,A,VAL,V,0.00042843324793558307,0.0005422171099820718,0.0004916626898140946,0.0005747037345429095
297,A,ARG,R,0.00048466020743840075,0.0005955078991777411,0.0005032941452788506,0.0006483967211643127
298,A,GLY,G,0.0005054867231676205,0.0006161451356046071,0.0005217887684861749,0.0006711169354790564
299,A,LEU,L,0.0004987386031742025,0.0006006510952294049,0.0005335632652405053,0.0006416325983718784
300,A,LEU,L,0.0005336686809198792,0.0006306713224794812,0.0005405362686532746,0.0006821202302949385
301,A,SER,S,0.0005829620619818489,0.000682646920845539,0.0005588880254412639,0.0007480991309212783
302,A,ALA,A,0.0005888901119981198,0.0006801137565960449,0.000577613443737153,0.0007366671260399752
303,A,MET,M,0.0005895770886819487,0.0006717125347118043,0.0005830575531932244,0.0007220374834679132
304,A,ARG,R,0.0006442763279574631,0.0007303057784616991,0.0005968103454995636,0.0007953390628862367
305,A,ARG,R,0.000672743767631049,0.0007578198176817271,0.0006168124940371451,0.0008261945608201463
306,A,LEU,L,0.0006619178029112795,0.0007331692114423937,0.0006274009682122324,0.0007863115020017838
307,A,GLY,G,0.0006679979279565723,0.0007367272615121977,0.000628307707003332,0.0007901805213937475
308,A,VAL,V,0.0006143013226850522,0.0006785853809331956,0.0006126170085392643,0.0007161896282543731
309,A,VAL,V,0.0006162186129100142,0.0006824422296253263,0.0006046522397124189,0.0007250947417904905
310,A,GLY,G,0.0005881742621978076,0.0006450891495316121,0.0006029863714209138,0.0006710655899752405
311,A,GLU,E,0.000572173569721699,0.0006211142658939326,0.0006150714170547663,0.0006298334051866887
312,A,PHE,F,0.0005232778921038046,0.0005787420223376814,0.0005934903113684702,0.0005758802916367563
313,A,SER,S,0.0004961310649541922,0.0005534195878194215,0.0005768027105856768,0.0005443436967766076
314,A,LEU,L,0.00045318844770064103,0.0005266608297710004,0.000545879133538755,0.0005179697268429312
315,A,ILE,I,0.00041704991559197356,0.0004926646409710912,0.0005348084507831577,0.00046610257404914495
316,A,GLY,G,0.00038607849224036434,0.00048014541381298926,0.0005001968431104447,0.0004668718368440323
317,A,SER,S,0.00035122648077861744,0.0004568212609240679,0.0004844787913776507,0.0004361436444686039
318,A,ASP,D,0.0003569815583810992,0.0004567184854340496,0.00046038084780492927,0.00045263329582151537
319,A,GLY,G,0.0003303555065961544,0.00045387987113538434,0.00044472162045390925,0.00045739042837874243
320,A,TRP,W,0.0003861037845383006,0.0004891817058463688,0.0004621980375084919,0.0005031213065787534
321,A,ALA,A,0.0004185636424750658,0.0005022791204143907,0.0004755862084403416,0.0005157467097582023
322,A,ASP,D,0.0004848909426949487,0.0005573163205104437,0.0004958984861481038,0.0005891582336423512
323,A,ARG,R,0.00047218061008332977,0.0005544967116635905,0.00048291356611420653,0.0005931009434358217
324,A,ASP,D,0.0005445026492504215,0.0006226304157664956,0.000518270901754459,0.000678543617688032
325,A,GLU,E,0.0005209849480436968,0.0006097878022457519,0.000504205482897433,0.0006676339953256673
326,A,VAL,V,0.0004826039300227681,0.0005841795361272264,0.0004917371156257189,0.0006359216456645982
327,A,ILE,I,0.0005425196902629154,0.0006354639095888617,0.0005227961651897294,0.0006954089597924166
328,A,GLU,E,0.0006101456059490367,0.0006993924790971567,0.0005541316160609735,0.0007770151639061044
329,A,GLY,G,0.000659154307882005,0.0007532430540307211,0.000583116800285733,0.0008417128596593061
330,A,TYR,Y,0.0006107180474711169,0.0007039138253513652,0.0005632348697137271,0.0007753732163253881
331,A,GLU,E,0.0006123563717704781,0.0006957093050378105,0.0005657247092453435,0.0007610040193429149
332,A,VAL,V,0.0006371293994494058,0.0007144825833301457,0.0005876729479130463,0.0007754406414272742
333,A,GLU,E,0.0005852474653405193,0.0006647506796126893,0.0005684484773597602,0.0007147452323396789
334,A,ALA,A,0.0005393470844216192,0.0006201790995179135,0.0005440404415913323,0.0006608879028689291
335,A,ASN,N,0.0005779844668829287,0.0006447489133661564,0.000569001735191694,0.000682731590647244
336,A,GLY,G,0.0005524355366888897,0.0006081580675974206,0.0005737115938862189,0.0006263463016488559
337,A,GLY,G,0.0004952707266379982,0.0005614686777159828,0.0005445256578976383,0.0005711368944040188
338,A,ILE,I,0.0004690313437095301,0.0005319748547324784,0.000537398396785552,0.0005278459929981753
339,A,THR,T,0.0004330464040740342,0.0005075286669625873,0.0005087499830157432,0.0005057109403858878
340,A,ILE,I,0.0004199321866445953,0.0004937664805290892,0.0005050385649876849,0.0004859717865465675
341,A,LYS,K,0.00044024164510659885,0.0005128807908230072,0.0004956458381736686,0.000524125273937965
342,A,LEU,L,0.0004466782879705227,0.0005187296797805935,0.000498162876332359,0.0005314719586384969
343,A,GLN,Q,0.0005248255916797173,0.000587263240872177,0.0005385521820726515,0.0006142729354500894
344,A,SER,S,0.0005515129105179936,0.0006077721166982279,0.0005365038892372949,0.0006464988332853584
345,A,PRO,P,0.0006341055032423571,0.000680862954589125,0.0005833858078348141,0.0007304276933306774
346,A,GLU,E,0.0006614072448980404,0.0006988137782457386,0.0005949214461379236,0.0007516372958929135
347,A,VAL,V,0.000690257629561808,0.0007199948715393261,0.0006180341588349918,0.0007748674068042377
348,A,ARG,R,0.0007805889752967201,0.0008010299574785052,0.0006863405365139564,0.0008646524494557524
349,A,SER,S,0.000803515349975353,0.0008159605317788301,0.0007112728729441577,0.0008775495445313733
350,A,PHE,F,0.0007191424657886389,0.0007254415171571129,0.0006493019784632125,0.0007705405670551911
351,A,ASP,D,0.0007537644573736083,0.000759907971487662,0.0006729723681744264,0.000809528737295966
352,A,ASP,D,0.0008481920132678972,0.0008455842838706392,0.0007559361474509906,0.0009015090911209627
353,A,TYR,Y,0.0008030452500942451,0.0007857535964533762,0.0007350285198263809,0.0008224878180836555
354,A,PHE,F,0.0007376609304835673,0.0007224873422998004,0.0006787944158304718,0.000749759820855313
355,A,LEU,L,0.0008158709114655792,0.0008029172579612643,0.0007344370688745784,0.0008427027043514587
356,A,LYS,K,0.0008835928431152005,0.0008535374111936826,0.0008114668856809454,0.0008865748004726001
357,A,LEU,L,0.0008224430437190936,0.0007769911468982484,0.000774087913252328,0.0007843199320242912
358,A,ARG,R,0.0008785413080803998,0.0008173147327216688,0.0008333508386035342,0.0008185450303992509
359,A,LEU,L,0.0008569829301213716,0.000782051364357311,0.000827531983316164,0.0007676975333117534
360,A,ASP,D,0.0009300851073286149,0.0008187253180443113,0.0009174812017426333,0.0007781949464353735
361,A,THR,T,0.0008960901553839373,0.0007900722410396041,0.0008849256612207132,0.0007479791084354006
362,A,ASN,N,0.0007881269256918616,0.0006930806365179407,0.0007834363974978596,0.0006410994210945902
363,A,THR,T,0.0007779682034875713,0.000649815473083553,0.0007961964666943035,0.0005521317619875683
364,A,ARG,R,0.0006960127029153995,0.0005913063796259985,0.0007142136714850011,0.0005027096690385769
365,A,ASN,N,0.0006317523888419963,0.0005619159150652644,0.0006419793736189975,0.0004978610467671674
366,A,PRO,P,0.0006370375866037294,0.0005695948789936914,0.0006524384511866775,0.0005102867083971235
367,A,TRP,W,0.0006101341360555669,0.000581021297513076,0.000610276986222078,0.0005627030786142541
368,A,PHE,F,0.000671977370255225,0.0006289002566538019,0.0006587999594422722,0.0006096786448602248
369,A,PRO,P,0.0007487822284085435,0.0006982460644821683,0.0007270998674137506,0.000689799393266984
370,A,GLU,E,0.0006993867926052407,0.0006864274676339491,0.0006705296323927014,0.0007069782695318605
371,A,PHE,F,0.0006674140169959255,0.0006666214512381608,0.0006350580124562885,0.0006904802185731719
372,A,TRP,W,0.0007671400491196566,0.0007488035520517338,0.0007144250998004601,0.0007765736868478217
373,A,GLN,Q,0.0008016267914688111,0.0007965775151473923,0.0007364828759329158,0.0008433805691969676
374,A,HIS,H,0.0007298115473380715,0.0007541236719853607,0.0006652380106132182,0.0008122132341410955
375,A,ARG,R,0.0007368208908152512,0.0007562264315542946,0.0006628762799076205,0.0008129696381829362
376,A,PHE,F,0.0008420341755779992,0.00085100842430529,0.0007438572725522643,0.0009184284412206117
377,A,GLN,Q,0.0008510740509053151,0.0008764421346801013,0.000746387684117945,0.0009574379832731141
378,A,CYS,C,0.000918181540509332,0.0009216494649704058,0.0008187223543791463,0.0009947244795633571
379,A,ARG,R,0.000933089807358122,0.0009212283499081183,0.0008526464771668738,0.000981056318001534
380,A,LEU,L,0.0009469543993613618,0.0008976346393790888,0.0008933131721149303,0.0009256814644692879
381,A,PRO,P,0.0010388244730581255,0.000977984912038976,0.0009846411026055682,0.001010393693865355
382,A,GLY,G,0.0010274610015007454,0.0009344640485395526,0.0009976928193954693,0.0009353208822248499
383,A,HIS,H,0.0009166931037521313,0.0008265746078772746,0.0008997841162753809,0.0008099997840314021
384,A,LEU,L,0.0008540608564716603,0.0007739266908624292,0.0008429109570280266,0.0007596095532607006
385,A,LEU,L,0.0007943596462001206,0.0007552880512135217,0.0007680567980914246,0.000767042679581946
386,A,GLU,E,0.0008814108935266843,0.0008513558540994421,0.0008320146533599749,0.0008859355436703573
387,A,ASN,N,0.0008561760299727946,0.0008640317033513536,0.0007844976442510584,0.0009286724880249117
388,A,PRO,P,0.0009534725676407695,0.0009708535764544866,0.0008571191939031715,0.0010571990226851012
389,A,ASN,N,0.0009189323670693823,0.0009612909927330866,0.00080749612300086,0.001063011965992657
390,A,PHE,F,0.0009313127645381081,0.0009598050230961478,0.000819455710235575,0.001053345047418351
391,A,LYS,K,0.0010343794857251157,0.001064104002212936,0.0009009543676264585,0.001172141538870169
392,A,ARG,R,0.0010411711715031607,0.0010538049453133404,0.0009110619262685995,0.0011496457307478075
393,A,ILE,I,0.0010552056867085204,0.001039695905741034,0.0009504491185664801,0.0011121551827613925
394,A,CYS,C,0.0009959236287899764,0.0009682033552234775,0.00090694885464055,0.0010229442133326107
395,A,THR,T,0.001069262205728175,0.0010341193680731267,0.0009816343273138857,0.001089065818287912
396,A,GLY,G,0.0010059163535486061,0.0009524282180529111,0.0009379100364802653,0.0009834680000216363
397,A,ASN,N,0.0010487989756375858,0.0010121435523909761,0.0009554099068834155,0.0010640941214601846
398,A,GLU,E,0.0009619939695255584,0.0009412932800916007,0.0008619984205289013,0.0009988177162732982
399,A,SER,S,0.0009194526823908531,0.0009025360225302357,0.0008173672948764009,0.000957181068759936
400,A,LEU,L,0.000816136124972303,0.0008066061610340009,0.0007279735283043515,0.000851467807006513
401,A,GLU,E,0.0008533621655045406,0.0008538716285271752,0.0007419080916803817,0.0009142870356279892
402,A,GLU,E,0.0008591193455644991,0.0008694423678017938,0.0007357429387093457,0.000940493427029052
403,A,ASN,N,0.0007740058763169809,0.0007994193347876701,0.00066429519932102,0.0008697845963360941
404,A,TYR,Y,0.0007244544222820572,0.0007441455650252167,0.0006353855658509401,0.0008005320533705695
405,A,VAL,V,0.0006391157671071482,0.0006718747386943763,0.0005740418178288416,0.000720590360197877
406,A,GLN,Q,0.0005944299740664403,0.0006267561337646343,0.0005473658115419291,0.0006644735091327601
407,A,ASP,D,0.0005010518229854894,0.0005480666390862558,0.0004890168077589228,0.0005752406901819944
408,A,SER,S,0.0004851690972779476,0.0005435099041675251,0.00048503675108090206,0.0005739703926257866
409,A,LYS,K,0.0004478102721455346,0.000510078425637398,0.00046413910909219114,0.0005349148040455939
410,A,MET,M,0.0005132123274699096,0.0005569377232248383,0.0004967571280293749,0.0005886218181734575
411,A,GLY,G,0.0005604764579961721,0.0006089356924628376,0.0005299943218188967,0.0006530369162375065
412,A,PHE,F,0.0004988572065018589,0.0005593496374564821,0.0004950483568862178,0.0005995058465617418
413,A,VAL,V,0.00048516871341329167,0.0005346692305985805,0.00047850417657602164,0.0005701434827895506
414,A,ILE,I,0.0005805899637399455,0.000619307030505629,0.0005405906566843092,0.0006698363739453099
415,A,ASN,N,0.0006011953191877288,0.000653955552023308,0.0005575970964540939,0.0007140717833156895
416,A,ALA,A,0.000551793509981595,0.0006062103695039928,0.0005232147031662871,0.000658188818435389
417,A,ILE,I,0.000601315075395422,0.0006390750710838621,0.0005518752946514256,0.0006973665742270874
418,A,TYR,Y,0.0006894871856571703,0.000734580308779981,0.0006166159362838101,0.0008087860034129599
419,A,ALA,A,0.0006776459686879995,0.0007334842507504683,0.0006107497668302906,0.0008068287938667582
420,A,MET,M,0.0006793137058399885,0.0007297981714421554,0.0006051605075152466,0.0008110777839364391
421,A,ALA,A,0.0007599755796498958,0.0008040601526454892,0.0006654307743314475,0.0008943374959894337
422,A,HIS,H,0.0008167235960395306,0.0008769386350424064,0.0007104378360870334,0.0009767634679904106
423,A,GLY,G,0.0008071437783013574,0.000873546340919882,0.0007024348352254281,0.0009758190560120675
424,A,LEU,L,0.0008471952806773656,0.0009089056060120457,0.0007262103469671308,0.001025616298863513
425,A,GLN,Q,0.0009292196122726481,0.0010011558972531772,0.0007939707647955012,0.0011285946371827377
426,A,ASN,N,0.0009580092445886409,0.0010459789256899027,0.0008183500400642098,0.0011800974888655721
427,A,MET,M,0.0009693028115067839,0.0010660599330775743,0.0008226922251223661,0.0012109094166285305
428,A,HIS,H,0.0010304927423653138,0.0011309365040151572,0.0008724003648045726,0.0012921223161436882
429,A,HIS,H,0.0011016260492282392,0.0012259008742620567,0.0009330328191535787,0.0013996258790173791
430,A,ALA,A,0.0011222974141937127,0.0012643490082594497,0.0009494779521800729,0.0014444884420157923
431,A,LEU,L,0.0011420088046057246,0.0012995951351585933,0.0009627269979994395,0.001498713696889684
432,A,CYS,C,0.001182127117075258,0.0013403526594986544,0.001001654067677116,0.0015524494539808527
433,A,PRO,P,0.0012544808581147716,0.0014442069892165192,0.0010650127357084527,0.0016713245280330006
434,A,GLY,G,0.0013154367150480608,0.0015290191535203173,0.001129785296028525,0.0017754547399831352
435,A,HIS,H,0.0012645535637029717,0.001440350545469309,0.0010922125342271037,0.0016707666362712889
436,A,VAL,V,0.0012116212913610349,0.00134480132129302,0.001064260425727023,0.0015406925238068934
437,A,GLY,G,0.0010943136692767078,0.001178894939661554,0.000964009054304766,0.0013420223009222008
438,A,LEU,L,0.001055173581553619,0.0011456843196455402,0.0009151381439709769,0.0013169618411906846
439,A,CYS,C,0.0011570276041729993,0.0013055718277549654,0.0009943679233839547,0.0015220523938188025
440,A,ASP,D,0.0011736908627459196,0.0013597044680790896,0.0010025330324285454,0.001603599410083737
441,A,ALA,A,0.0011402805565011382,0.0013183044123422387,0.0009587032572993097,0.0015443818438155975
442,A,MET,M,0.0010238472088351888,0.001143036917602229,0.0008671751102161787,0.0013292716206892974
443,A,LYS,K,0.0010327778085593327,0.0011622832422968122,0.0008845121754171042,0.0013616663909646793
444,A,PRO,P,0.0009663594852660029,0.0010859706427677439,0.0008242615506421299,0.0012700083774372236
445,A,ILE,I,0.0009070415704433694,0.001004930047621676,0.00076945093047934,0.0011627878023891015
446,A,ASP,D,0.0009247677994029429,0.0010503795567715956,0.0007815937927493982,0.0012170381313562624
447,A,GLY,G,0.0008243373575653677,0.0009314566294215538,0.0007078805285460403,0.0010667558122350264
448,A,SER,S,0.0008783195604589139,0.0009999761465663245,0.0007546783981389527,0.0011354962321312504
449,A,LYS,K,0.0009295321354519902,0.0010475331532112564,0.0007929060324560767,0.0011882150543999252
450,A,LEU,L,0.0008397649704148177,0.0009292470039940039,0.0007236324446946677,0.0010491315142247904
451,A,LEU,L,0.0007882258245961833,0.0008783651444860158,0.0006973212473816841,0.0009793610609540768
452,A,ASP,D,0.0008751240016788446,0.0009735410609555846,0.0007682977666787687,0.0010825683237738035
453,A,PHE,F,0.0008737928277084163,0.0009618405284630189,0.0007616014525904776,0.0010740009106679702
454,A,LEU,L,0.000766752895515067,0.0008403269481990342,0.000683622962703692,0.0009286484854238603
455,A,ILE,I,0.0007610218532642502,0.0008392117679060234,0.0006969341573409851,0.0009130002559444559
456,A,LYS,K,0.0008425886374170268,0.0009236353390443684,0.000754455699124527,0.0010101638442383254
457,A,SER,S,0.0008131634029997076,0.0008876131464809827,0.0007237239408764139,0.000975656994517004
458,A,SER,S,0.0008080259821732912,0.0008791681451375537,0.0007248562904179119,0.0009587845757805912
459,A,PHE,F,0.0008094312259910608,0.0008789387919958364,0.0007177352045508316,0.0009671269181752061
460,A,ILE,I,0.0008009921707837707,0.0008670688605692195,0.0007106849990034344,0.0009559450296798855
461,A,GLY,G,0.0007135491285913151,0.0007721969360377713,0.0006421886857985841,0.0008476123590195497
462,A,VAL,V,0.0007143085801227731,0.0007628007471905348,0.0006378897606064824,0.0008341894678288596
463,A,SER,S,0.0007137197154213468,0.0007646326234051818,0.0006409541728740253,0.0008306338961058311
464,A,GLY,G,0.0007779295023695104,0.000836329831693518,0.0006943494158017156,0.000915490897186383
465,A,GLU,E,0.0007211966383175158,0.0007846162548502649,0.0006642022746868817,0.000853005318531968
466,A,GLU,E,0.0007489471029930519,0.0008157333140399651,0.0006887005897250879,0.0008861206147038342
467,A,VAL,V,0.000687152316952003,0.0007533104227314305,0.0006409190872589112,0.0008149572378288777
468,A,TRP,W,0.0007062586474010437,0.0007740769029388459,0.0006650776080900567,0.000829570069260075
469,A,PHE,F,0.000673374861835718,0.0007437485832978382,0.0006525908359844008,0.0007890135411429955
470,A,ASP,D,0.0006884777077551484,0.0007584805945149346,0.0006821748464060556,0.000790267902829841
471,A,GLU,E,0.0007268808537444736,0.0008013281043395481,0.0007121527997889821,0.0008350333660811113
472,A,LYS,K,0.0006491061206881315,0.000726519003108723,0.000662561723560693,0.0007513389221220183
473,A,GLY,G,0.000628500104497971,0.000706672202001031,0.0006274919354889791,0.0007445380531504722
474,A,ASP,D,0.0005678529589086337,0.0006439852016899008,0.0005962621817229444,0.0006651773343445198
475,A,ALA,A,0.0005728030430174535,0.0006442309696987451,0.0005924852075034893,0.0006719519889405818
476,A,PRO,P,0.0005846440470379125,0.0006507484656272718,0.0006161488034635964,0.0006706765661819488
477,A,GLY,G,0.0005249847995828607,0.0005906360726736816,0.0005828015011937264,0.000596437083192923
478,A,ARG,R,0.0005331790564279092,0.0005965954818803695,0.0005752849092477699,0.0006096334087574016
479,A,TYR,Y,0.000491505698521853,0.0005537428567111242,0.0005464452442518677,0.0005562680778427459
480,A,ASP,D,0.0005169845864875174,0.0005753978762754991,0.0005507257193180211,0.0005884192963621358
481,A,ILE,I,0.0004990149729459898,0.0005550569231253348,0.0005481461570315141,0.000556516907936605
482,A,MET,M,0.0005137293729264225,0.0005727228907275014,0.0005402735536826635,0.0005868559179215702
483,A,ASN,N,0.0005322818286030421,0.0005890326312819192,0.0005526663375355566,0.0006051437209606443
484,A,LEU,L,0.0005582803731540543,0.0006222008174930883,0.0005524774658737935,0.0006552823075426481
485,A,GLN,Q,0.0006195378776826211,0.0006756703664656612,0.0005863510024546204,0.0007140153603867343
486,A,TYR,Y,0.0006791116424015157,0.0007364067450216545,0.0006147360518696062,0.0007879705025760147
487,A,THR,T,0.0007199902043920212,0.0007741724834686541,0.0006343569820050725,0.0008327781612995023
488,A,GLU,E,0.0007821218812790413,0.0008428516979594313,0.0006658148187753011,0.0009180366821736575
489,A,ALA,A,0.0008132183258699674,0.0008829282287404099,0.0006854595636192452,0.0009680529651028553
490,A,ASN,N,0.0007827395763687578,0.000853282075772022,0.0006624625861968464,0.0009371680862317763
491,A,ARG,R,0.0007411563850545334,0.000805422206484002,0.000635723669003587,0.0008831165709280767
492,A,TYR,Y,0.0006675842468239573,0.0007327795683751329,0.0005943329314877434,0.000795779068120314
493,A,ASP,D,0.0006385317384899401,0.0006992387899710415,0.0005770961354823551,0.0007539644888945251
494,A,TYR,Y,0.000580509834084981,0.0006409516442966377,0.0005523147911834908,0.0006823116228666829
495,A,VAL,V,0.0006086294530322416,0.0006596915759295296,0.0005782894950248493,0.0006939063051241302
496,A,HIS,H,0.0005910908532900935,0.0006402051169617595,0.0005775641861975105,0.0006674548894769535
497,A,VAL,V,0.0005830447109072217,0.0006264723901281246,0.0005941684832987953,0.0006385586957989336
498,A,GLY,G,0.0005723286568771128,0.000615573288697322,0.0005997399593246364,0.0006206786239886712
499,A,THR,T,0.0005580652750911214,0.0006062566860572656,0.0005961548651399634,0.0006082895276578092
500,A,TRP,W,0.0005314840587126696,0.0005801291836024694,0.0005983278780628798,0.00056605458037999
501,A,HIS,H,0.0005704993337636347,0.0006228007353154949,0.000625993196383533,0.0006205018374748641
502,A,GLU,E,0.0005891060267059682,0.0006374573390135693,0.0006563566169865278,0.0006256790642817681
503,A,GLY,G,0.0005569277708686005,0.0005946702966293865,0.0006519843686366342,0.0005565186815827505
504,A,VAL,V,0.0005775140356124162,0.0006121772975023462,0.000656906432242805,0.00058466980552741
505,A,LEU,L,0.000547130041711103,0.0005803286946843928,0.0006297778401631929,0.0005463497671768676
506,A,ASN,N,0.0005859252482263849,0.0006195251735239683,0.0006384014995850175,0.0006048616240203601
507,A,ILE,I,0.0005708718886172854,0.0006041454080112228,0.0006204770281184543,0.0005910870041215604
508,A,ASP,D,0.0006136153061583769,0.000644611364271226,0.0006376656763559047,0.0006451856169436489
509,A,ASP,D,0.0005984503264163386,0.0006226613674333203,0.0006386497333266429,0.0006113688373730309
510,A,TYR,Y,0.0006432005249979425,0.0006713053230562317,0.000652307329219439,0.0006768831181678251
511,A,LYS,K,0.0006375852974761506,0.0006727915832245229,0.0006311833864987277,0.0006883841358640579
512,A,ILE,I,0.0005875468636627409,0.0006249188453614274,0.0006079576418532582,0.0006290793461486018
513,A,GLN,Q,0.0005972524050004886,0.0006391026856521788,0.0006071813877941078,0.0006520839019944376
514,A,MET,M,0.0005605027110570317,0.0006010602055104568,0.0005997213184346501,0.0006014025329760357
515,A,ASN,N,0.0005971882605684826,0.0006387212786225769,0.0006155627844334905,0.0006511656501388847
516,A,LYS,K,0.0006400379044630806,0.0006841966143305123,0.0006344900309895628,0.0007086338347691388
517,A,SER,S,0.0006204075902610938,0.0006567476075316975,0.0006416280151530346,0.0006668663017066275
518,A,GLY,G,0.0005985449983968109,0.0006244729238110416,0.0006422566813567368,0.0006156247329684203
519,A,VAL,V,0.0005648574784145976,0.0005835659551190535,0.000637353041128273,0.0005515721025766073
520,A,VAL,V,0.0005389853402049748,0.0005625363827981097,0.000628038914615111,0.0005261608741887528
521,A,ARG,R,0.0005292919202773726,0.0005409083622411471,0.0006501015174765132,0.00047583274182669646
522,A,SER,S,0.000505684139634656,0.0005236207670735375,0.0006501540248018663,0.00044333186559420535
523,A,VAL,V,0.0005182193334465764,0.0005195876473290649,0.0006853088901215461,0.00041189144575014085
524,A,CYS,C,0.0005386302642906102,0.0005306654849240096,0.0007090347237517351,0.0004155195939764436
525,A,SER,S,0.000559369067991231,0.0005314745334090168,0.0007263830008531946,0.0004048279040736358
526,A,GLU,E,0.0005629311767320188,0.0005287205439105545,0.000722964345013498,0.00040306500651578523
527,A,PRO,P,0.0005704720696284738,0.0005204711111673136,0.0007362141791932683,0.0003733003666079749
528,A,CYS,C,0.0005912970445390981,0.0005235058298174003,0.0007497544254112462,0.0003677877281694409
529,A,LEU,L,0.0005999159260435829,0.0005267509829888559,0.00074484256940292,0.00037501787762351694
530,A,LYS,K,0.000609705211329703,0.0005241404059660095,0.0007491876832999735,0.0003634443806420838
531,A,GLY,G,0.0006167889725337223,0.0005198067011939382,0.0007519058424850232,0.00035453098349504786
532,A,GLN,Q,0.0006135453334375587,0.0005234618243359594,0.0007593867009599968,0.0003582386199122503
533,A,ILE,I,0.0006109131332824366,0.0005262388993147419,0.0007668168051229419,0.00035800083545812166
534,A,LYS,K,0.0006008064850673185,0.000529551873226156,0.0007676659363655654,0.00036241542552274756
535,A,VAL,V,0.0006144776366988362,0.0005428092422218814,0.0007735809936614462,0.00037948410144873995
536,A,ILE,I,0.0006056180981726472,0.0005490844790050104,0.0007712281395933285,0.0003899261093113364
537,A,ARG,R,0.0006265134177433078,0.0005684211284513769,0.0007800139782162585,0.000417521876552606
538,A,LYS,K,0.0006352511973640998,0.0005850837813611199,0.000785001150703725,0.00044333756439460817
539,A,GLY,G,0.0006254463291921273,0.0005886480985708663,0.0007774692180690364,0.0004552630709087405
540,A,GLU,E,0.0005985848017206263,0.0005666134031338203,0.0007611488686503295,0.0004290552801760364
541,A,VAL,V,0.0005622267999966517,0.0005459112571867409,0.0007409946323358285,0.00040663077652338634
542,A,SER,S,0.0005600292853325647,0.0005350886097373745,0.0007445140192415768,0.0003823557348104764
543,A,CYS,C,0.0005410690035573681,0.0005209776168095348,0.0007312242996230229,0.0003720387457248343
544,A,CYS,C,0.0005647298910428917,0.0005359794727817521,0.0007427534133798825,0.0003941913011243657
545,A,TRP,W,0.000587851133110355,0.000536859618977481,0.0007593515139784323,0.00038367588470842424
546,A,ILE,I,0.0006058628709977242,0.0005437824871049718,0.0007616856520124335,0.00039569096854451496
547,A,CYS,C,0.0006071230171390541,0.000534421309141686,0.0007595018598407091,0.0003787193846977988
548,A,THR,T,0.0006220221399864904,0.000535594422784216,0.0007629336824792252,0.0003779905533866627
549,A,ALA,A,0.0006237003512228409,0.0005281829821562846,0.000754128141526543,0.00036955546277332664
550,A,CYS,C,0.0006247124478180912,0.0005212078530620564,0.0007501074251993692,0.0003585867621547337
551,A,LYS,K,0.000625065379175211,0.0005174474451664498,0.0007338125286309397,0.00036383731518060806
552,A,GLU,E,0.0006201655252332627,0.0005106420218843357,0.0007199356264712333,0.00036216925925143073
553,A,ASN,N,0.0006135990825648517,0.0005049894873037095,0.0007116028800676899,0.00035769212293326334
554,A,GLU,E,0.0006179667708807685,0.0005131029503616805,0.0007292557358704608,0.00035999693678404016
555,A,TYR,Y,0.0006156141289042018,0.0005147154545256986,0.000737160012583327,0.0003556412152376964
556,A,VAL,V,0.0006125029706282312,0.0005197888556363428,0.0007484843973094694,0.00035463678006017934
557,A,GLN,Q,0.0006096729817766275,0.0005285562675967697,0.0007390063051361084,0.0003742502178489727
558,A,ASP,D,0.0006027742728991462,0.0005282485932642975,0.0007475337559666311,0.0003669368406515741
559,A,GLU,E,0.0005980716570351968,0.000523689119331057,0.0007580580101140505,0.0003531795408262366
560,A,PHE,F,0.0006080017291726523,0.0005335778973426285,0.000764770863697405,0.0003672676578917504
561,A,THR,T,0.0006142831214647399,0.0005334897893022508,0.000754536879430462,0.00037616325344541146
562,A,CYS,C,0.000619687487901073,0.0005262424617366355,0.0007499934897934835,0.0003683666830755062
563,A,LYS,K,0.0006150881129094905,0.0005271734253861756,0.0007281825517173291,0.00038528807187987723
564,A,ALA,A,0.0006128106989689648,0.0005204207968566162,0.0007122726306566024,0.00038546652983949346
565,A,CYS,C,0.0006086666006189343,0.0005172759927734214,0.0006993197103250075,0.00039066931226874863
566,A,ASP,D,0.000603369685717848,0.0005265378126601088,0.0006725769594324145,0.0004260663776719416
567,A,LEU,L,0.0005951905215427974,0.0005161038078712884,0.0006561717146645408,0.0004170999506266904
568,A,GLY,G,0.000598482098335633,0.0005070924292205257,0.0006569506433080131,0.00040026752537669825
569,A,TRP,W,0.0006084330850965804,0.0005104080788843467,0.0006792294667401801,0.00039114319617463686
570,A,TRP,W,0.0006115884236507754,0.0005032493618537088,0.0006963813614658802,0.00036360550688237264
571,A,PRO,P,0.0006173280100765374,0.0005094163204688459,0.000715742710823714,0.0003581273271780525
572,A,ASN,N,0.0006273629009308515,0.0005230443608690296,0.0007220505014369745,0.00037821794563712647
573,A,ALA,A,0.000631936381865696,0.0005310618168745333,0.0007283705153972838,0.00038848059774940246
574,A,ASP,D,0.0006230598373645846,0.000528849010377346,0.0007374300472118745,0.00037797938456805624
575,A,LEU,L,0.0006185000471248165,0.0005182600973318815,0.0007388011775935914,0.00035602894798544236
576,A,THR,T,0.0006153659940814275,0.0005234808477466966,0.00073549959350793,0.0003643977300811919
577,A,GLY,G,0.000617055006152024,0.0005252014745708266,0.000721054185821312,0.0003803601047611216
578,A,CYS,C,0.000617972767394165,0.0005213540649170657,0.0007068247822278554,0.0003860320446266115
579,A,GLU,E,0.0006270425650618347,0.0005273359038360668,0.0006979115747884545,0.0004037810264354701
580,A,PRO,P,0.0006263134194991896,0.000527107570325808,0.0006796396590189881,0.0004161554452726816
581,A,ILE,I,0.0006185394588421848,0.000511035384382653,0.0006723497245895133,0.00039321917171235244
582,A,PRO,P,0.0006371293406202997,0.0005274267020902589,0.0006697701563386894,0.00041826146063879914
583,A,VAL,V,0.0006257711447964907,0.0005215202749104745,0.0006527741686334612,0.00041854407352358064
584,A,ARG,R,0.000618812153801469,0.0005166072359757397,0.000642855703978486,0.0004133362393989388
585,A,TYR,Y,0.0006160331427194226,0.0005213160156396736,0.0006315695808398946,0.00042739686094334854
586,A,LEU,L,0.000622975624488662,0.0005354039048695559,0.0006305548303104917,0.0004507899851330685
587,A,GLU,E,0.0006832608749886002,0.0005843111712344627,0.000666297064223661,0.0005076517834855043
588,A,TRP,W,0.0007294982482854285,0.0006319939258549252,0.0006943202267005867,0.0005703540846036667
589,A,SER,S,0.0007529471181791487,0.0006586988122573765,0.0007092462212127905,0.0006017830478555541
590,A,ASN,N,0.0007093102304386977,0.0006311774738383606,0.0006813743966353004,0.0005783529050751234
591,A,ILE,I,0.000738230998928048,0.0006790396413076374,0.0007011173369344216,0.0006504578687761887
592,A,GLU,E,0.0006860810264739178,0.000634189871427321,0.0006702413578957473,0.0006000420403096108
593,A,SER,S,0.000686038246699215,0.0006166188435665867,0.000669267308521635,0.0005693082106272522
594,A,ILE,I,0.0007592984627644325,0.0006887960078890969,0.000715377974705284,0.0006593483561488929
595,A,ILE,I,0.0007548919470846572,0.0007042348375806136,0.000716727409899821,0.0006882932188762851
596,A,ALA,A,0.0006934276566975688,0.0006388161026086374,0.00068143604716451,0.000605538183251495
597,A,ILE,I,0.0007438022311086297,0.000668088903311532,0.0007128413703100407,0.000632962672079896
598,A,ALA,A,0.0008178276442540471,0.0007470398753626544,0.0007635811114913645,0.0007331006549434562
599,A,PHE,F,0.0007798792644405253,0.0007231260605735645,0.0007465651686641848,0.0007103751600099755
600,A,SER,S,0.0007470986748578706,0.0006742803607526477,0.0007307629859919345,0.0006401732999867666
601,A,CYS,C,0.0008418967359576464,0.0007499855758435103,0.0007938235899579594,0.0007263759829751841
602,A,LEU,L,0.0008816309828354077,0.0008001390602359836,0.0008273015948339335,0.0007919723983958831
603,A,GLY,G,0.0008044377685376426,0.0007260199342878514,0.0007866101914849862,0.0006988655087873777
604,A,ILE,I,0.000842856700676353,0.000739238744136705,0.0008164228835538216,0.000698644922210979
605,A,LEU,L,0.0009533632949235164,0.0008355524754017167,0.0008959707206180914,0.000812862312116705
606,A,VAL,V,0.0009403576622252274,0.0008338951890191492,0.000898649832763886,0.0008141732036499296
607,A,THR,T,0.0008711839909576862,0.0007589726050369024,0.0008634398486559992,0.0007079297559967683
608,A,LEU,L,0.0009752410083995041,0.0008320123959067972,0.0009376044523153082,0.0007810881237654393
609,A,PHE,F,0.0010618548091367564,0.0009095576710877276,0.0010071131810260384,0.000874257192525039
610,A,VAL,V,0.0009912948143159877,0.0008502774741051846,0.0009744639462965182,0.0007978908579835245
611,A,THR,T,0.0009913781763123725,0.0008360313750301257,0.000983211009827787,0.0007578546345181313
612,A,LEU,L,0.0011339797972678783,0.0009435177624385068,0.0010867802639851363,0.0008760649853885442
613,A,ILE,I,0.0011641092309852023,0.0009717682770054581,0.001125533401614618,0.0009046352202575858
614,A,PHE,F,0.0010757939181215404,0.0008930318976723538,0.0010830899510368855,0.0007901780779077829
615,A,VAL,V,0.001171658303555381,0.000962633014219541,0.0011547716969141203,0.0008576016013992903
616,A,LEU,L,0.0013054303521251788,0.00106125211207608,0.0012575046022513298,0.0009643203448647156
617,A,TYR,Y,0.001276620170556273,0.0010392937634385797,0.001262432987910504,0.0009310194648053187
618,A,ARG,R,0.0012147065073876834,0.0009833137785644308,0.0012359109676127536,0.0008398026769532013
619,A,ASP,D,0.0013081262609189919,0.0010403349448101992,0.0013465827506951116,0.0008654627656028495
620,A,THR,T,0.0012602705159138175,0.0010135102339412358,0.001306829569000949,0.0008622013570966409
621,A,PRO,P,0.0011867432336966355,0.0009499382463312483,0.0012860697540078994,0.0007649356992656832
622,A,VAL,V,0.001068948282085807,0.0008857018758643277,0.001157885204548036,0.0007421135780518119
623,A,VAL,V,0.0010360277675122813,0.0008536767017516531,0.001121351679357873,0.0006967903691355217
624,A,LYS,K,0.0010879123497136776,0.0008801559366152585,0.0012031257336285203,0.0006729533308691395
625,A,SER,S,0.000993443947151979,0.0008125475201227624,0.0011529039953149418,0.0005819013165061314
626,A,SER,S,0.0008765391709048926,0.0007453025604957869,0.0010278831732265456,0.0005514295414733279
627,A,SER,S,0.0009001225567815629,0.0007666001231920955,0.0010479394254528011,0.0005661067325158886
628,A,ARG,R,0.0009596881471529361,0.0008073836322797447,0.0010600526314412497,0.0006438451076805447
629,A,GLU,E,0.0009433469716059607,0.000819211869983675,0.0010347654229368392,0.0006810784671967474
630,A,LEU,L,0.0008083426733487733,0.0007234006107057039,0.000931848085814443,0.0005777829736049471
631,A,CYS,C,0.0008060757873470739,0.0007040018183946021,0.0009110426421966607,0.0005649080668734957
632,A,TYR,Y,0.0008691292632273322,0.0007550292306377163,0.0009337187268749745,0.0006438593138252698
633,A,ILE,I,0.0007843614035166573,0.0007118404934817091,0.00086777013351772,0.0006069881860288449
634,A,ILE,I,0.0006933677679707761,0.0006344999785661656,0.0007990622217442199,0.0005213172619116665
635,A,LEU,L,0.0007724374339299048,0.0006794969122607271,0.0008315279668799119,0.0005851112338081225
636,A,ALA,A,0.0007811819394565022,0.0006956271791400698,0.00082302299764846,0.0006145578618447341
637,A,GLY,G,0.0006679149117790452,0.0006193895427553059,0.0007451686122596285,0.0005335001810154178
638,A,ILE,I,0.0006665024686555672,0.0006078391832773804,0.0007347895459781009,0.0005266938486602952
639,A,PHE,F,0.0007467977156314588,0.0006602038477502652,0.0007715201536753236,0.0005920931589490482
640,A,LEU,L,0.0006955190276737872,0.0006295430554615571,0.0007280440222385763,0.0005651479624220622
641,A,GLY,G,0.0006147140509786066,0.0005702839725886952,0.0006777712710010486,0.000497904074085475
642,A,TYR,Y,0.0006805047423748433,0.0006135532266831269,0.0007051537674926725,0.00055640397095791
643,A,VAL,V,0.0007022550833332538,0.0006242079823340937,0.0007092554364293944,0.0005682732103478215
644,A,CYS,C,0.0006174579425482598,0.000564553448499862,0.0006539659897975545,0.0005024137366134576
645,A,PRO,P,0.000624037174478585,0.0005640336072536031,0.0006465547407702081,0.0005024479381551955
646,A,PHE,F,0.0006883701970859706,0.000605930033866968,0.0006784440282946555,0.0005497249918733245
647,A,THR,T,0.0006572700274410172,0.0005876617881669005,0.0006564028611797482,0.0005334062042462136
648,A,LEU,L,0.0005900659044955846,0.0005340604259337823,0.0006176506876635359,0.000466645727428125
649,A,ILE,I,0.0006308080760096077,0.0005546781980880548,0.0006361295901864468,0.00048563723919146777
650,A,ALA,A,0.0006739608262514446,0.0005863785876202719,0.0006575874582068815,0.0005235665924100591
651,A,LYS,K,0.0006653771228603174,0.0005742939913446065,0.0006489223356146809,0.0005042193716027638
652,A,PRO,P,0.00063977357857302,0.0005650844031860571,0.0006299069576149697,0.0005029270866876352
653,A,THR,T,0.0006940137509921712,0.0006218525093261715,0.0006573595757942618,0.0005777930459544682
654,A,THR,T,0.000719627260123974,0.0006661665628385925,0.0006699123072423704,0.0006439080386876398
655,A,THR,T,0.0007452732703297523,0.0006859276175089856,0.0006919731406288792,0.0006601191108419561
656,A,SER,S,0.000685941044847163,0.0006216351696448429,0.0006601815329243902,0.0005804896609004326
657,A,CYS,C,0.0006409321008529548,0.0005980953005133086,0.0006317497666434074,0.0005639031798652482
658,A,TYR,Y,0.0006875755269899969,0.0006587926682743727,0.0006645444334597404,0.0006430725049244718
659,A,LEU,L,0.0006825665309228905,0.0006395509813381123,0.0006726425788829997,0.0006081281239461578
660,A,GLN,Q,0.0006017341818258798,0.0005691727377779214,0.0006269583185450477,0.0005217016297166852
661,A,ARG,R,0.0006010872450240754,0.0005949106472051872,0.0006282118740454406,0.0005666174043765474
662,A,LEU,L,0.0006504064910091093,0.0006415705509209692,0.000671556336879207,0.0006173520876263973
663,A,LEU,L,0.0006298674110624004,0.0006040618741102672,0.00066928629936262,0.0005563411124631685
664,A,VAL,V,0.0005452231771422037,0.0005423988538683437,0.0006249943499527062,0.000478432004162932
665,A,GLY,G,0.0005536364865816543,0.0005752859486814909,0.0006416556657619593,0.0005296189114401765
666,A,LEU,L,0.0006247398956099921,0.0006259091226644786,0.0006942632387859187,0.0005773554821130362
667,A,SER,S,0.0005999645073474264,0.0005834397369300008,0.0006863520842122302,0.0005094336951556805
668,A,SER,S,0.0005284834735549812,0.0005466520546713338,0.0006564720283273327,0.00046846297563717327
669,A,ALA,A,0.0005845307628025728,0.0006072412972606391,0.0007020390707203471,0.0005434488896747284
670,A,MET,M,0.000645352632344446,0.0006352086085796248,0.0007506380586422611,0.0005501351779896639
671,A,CYS,C,0.0005825597169510325,0.000578074562664476,0.0007219994354523177,0.0004736196128019006
672,A,TYR,Y,0.0005484999438192942,0.0005761686879490204,0.000712096990029292,0.0004846469394741595
673,A,SER,S,0.0006408913884573311,0.0006533450541186669,0.0007817751369757337,0.0005708021157332323
674,A,ALA,A,0.0006703456769921281,0.0006513485584163244,0.0008214688943531108,0.0005294944007049192
675,A,LEU,L,0.0005970394390596434,0.000599995706060311,0.0007786786861771489,0.0004766093325487522
676,A,VAL,V,0.0006336229727830392,0.000644749795672484,0.0008066501207405111,0.0005396357538086902
677,A,THR,T,0.0007252863692273435,0.0007059399305725166,0.0008933861175787125,0.0005888913938811793
678,A,LYS,K,0.0006997498860478418,0.0006621494344014017,0.0008921900041732427,0.0005026183788036907
679,A,THR,T,0.000668126573027096,0.0006495932830071463,0.0008683093709941697,0.0005045750465414158
680,A,ASN,N,0.0007475110768502134,0.0007194717062904111,0.0009341092187104465,0.0005863045086362067
681,A,ARG,R,0.0008115972706654339,0.0007468982010622473,0.001013149306740615,0.0005755406540072542
682,A,ILE,I,0.0007820789973540735,0.0007117969414101821,0.0010010735593118142,0.0005182311192796208
683,A,ALA,A,0.0008098879327458003,0.0007476887305310582,0.0010111903522193424,0.0005818049976932023
684,A,ARG,R,0.0009070180368637781,0.0008232081979230164,0.0011073081050200035,0.0006537364490497334
685,A,ILE,I,0.0009337788977654756,0.0008111988118716749,0.0011600468007887674,0.0005806464398420403
686,A,LEU,L,0.0009358218469961359,0.0008167093081057838,0.001150433036290792,0.000598955281027533
687,A,ALA,A,0.0010024063742379947,0.0008788877019001897,0.0011941566761411984,0.0006865204809509413
688,A,GLY,G,0.0010911403169399135,0.0009316618834129796,0.0012978534787973506,0.0007102722601474135
689,A,SER,S,0.0010997261283377442,0.0009091994785159577,0.0013198589595506663,0.0006404700175481209
690,A,LYS,K,0.0011519338359117083,0.0009630482787394797,0.0013328556825836053,0.0007298799071863003
691,A,LYS,K,0.0012545119976693176,0.00103815283210222,0.0014231857256175556,0.0008106412625383565
692,A,LYS,K,0.0013833354129488638,0.001099918282092619,0.0015579072667188747,0.0008250753533358209
693,A,ILE,I,0.0014488721883230491,0.0011759651526909022,0.0016141812642578072,0.0009440514553952118
694,A,CYS,C,0.0013530731395375278,0.0011341243509775654,0.001529357786561048,0.0009290681375632502
695,A,THR,T,0.0014837593586865608,0.001248595441706403,0.001644297939561106,0.0010670188974079417
696,A,ARG,R,0.001392442576778849,0.0012134745852980372,0.0015460857742585652,0.0010785357923040308
697,A,LYS,K,0.0012953243686436534,0.0011215727986642555,0.0014719929072045798,0.0009559698987101498
698,A,PRO,P,0.0011528506071867676,0.0010310550374352297,0.0013311230553452835,0.0008893158571160423
699,A,ARG,R,0.0011728941726140989,0.0010789894882895297,0.0013193055603139539,0.0009851963900628057
700,A,PHE,F,0.0010797152255226595,0.0010000238522136153,0.0012216155580406889,0.0009028792690376747
701,A,MET,M,0.0010298426139320285,0.0009203002040577081,0.001206111291640965,0.0007586646310205118
702,A,SER,S,0.0010977156351152282,0.0009654871053880644,0.001252296046346711,0.0008029823695842649
703,A,ALA,A,0.0010310292774108217,0.0009039881519366455,0.0011685982389219298,0.000742335393014957
704,A,TRP,W,0.0010932524303818541,0.0009840454654845986,0.0011924235301482556,0.0008750283995038655
705,A,ALA,A,0.0010510971434731246,0.0009705594510609082,0.00116544378263021,0.000878550118847722
706,A,GLN,Q,0.0009137897902024263,0.0008451566587249949,0.0010511251168696069,0.0007276063977835353
707,A,VAL,V,0.0009301899251910874,0.0008635636658633156,0.001030276123883528,0.0007699145122385643
708,A,ILE,I,0.0009852954686654166,0.0009406947223948985,0.0010619005087335934,0.0008901493147330726
709,A,ILE,I,0.0008908815419003209,0.0008688924528391778,0.0009935566808804272,0.0008150995520498728
710,A,ALA,A,0.0007946583959918782,0.0007755537065685249,0.0009058159450801653,0.0007040765489073587
711,A,SER,S,0.0008622388203421756,0.0008443082993086186,0.0009289297143909253,0.0008050955036295825
712,A,ILE,I,0.0008768936832716732,0.0008842180162377952,0.0009341367533795541,0.0008759051846106181
713,A,LEU,L,0.0007594787116122556,0.000780153191900242,0.0008445391992718917,0.0007559976383040262
714,A,ILE,I,0.0007382293475692082,0.0007485682602537207,0.0008098628813268645,0.0007179233839301294
715,A,SER,S,0.0008184076180155128,0.0008368974955333245,0.0008488244023427482,0.0008412106850941097
716,A,VAL,V,0.0007761451179381067,0.00081597161720328,0.0008122265650513504,0.0008327461457977245
717,A,GLN,Q,0.0006869890624693207,0.0007233219960386389,0.0007401338199858129,0.0007199324516740447
718,A,LEU,L,0.0007456309931270807,0.000768112431944461,0.0007645915478832511,0.0007729034674782391
719,A,THR,T,0.0007974881616996724,0.0008360583015106105,0.0007907539868813283,0.0008695244741790045
720,A,LEU,L,0.000722983977408834,0.0007697163392824315,0.0007321116636254945,0.0007978883164715203
721,A,VAL,V,0.0006843165638077042,0.0007162543688235186,0.0006966567017788797,0.000729546440743422
722,A,VAL,V,0.000763749526947285,0.0007917218900945919,0.0007377606886211512,0.0008196367469323041
723,A,THR,T,0.0007757185138774933,0.0008181011044178387,0.0007388256720303875,0.0008631573572507081
724,A,LEU,L,0.0007002812245953544,0.0007368992863359755,0.0006805860868455082,0.0007676481248463159
725,A,ILE,I,0.0007127704943175842,0.0007320719032669624,0.0006812331124269318,0.0007550733745342925
726,A,ILE,I,0.0007784545366308996,0.0008043339994905946,0.0007160376024822677,0.0008436182883061148
727,A,MET,M,0.0007447802921263403,0.0007739316702850422,0.0006861127016271516,0.0008130083559677792
728,A,GLU,E,0.0006866733716803036,0.0007014582618509428,0.0006479296640938807,0.0007223483584104641
729,A,PRO,P,0.000702063217200397,0.0007003487545410794,0.0006577871242546968,0.0007127725619553559
730,A,PRO,P,0.0006491495848478074,0.0006334088688515234,0.0006297492283729692,0.0006242755921564117
731,A,MET,M,0.0006663653324801588,0.0006308637223574414,0.0006344043807185744,0.0006139122942647724
732,A,PRO,P,0.0006387594650317112,0.0005833629892538217,0.0006237044630718496,0.0005437918324199488
733,A,ILE,I,0.0006121055722211798,0.0005571860028703374,0.0006149837755689543,0.0005117772863372526
734,A,LEU,L,0.0005936483626980226,0.0005242910026606948,0.0006206103831471454,0.0004532621769061759
735,A,SER,S,0.0005618545142621849,0.0004986139729919051,0.0006122886022662025,0.0004155174172632391
736,A,TYR,Y,0.0005654299047456338,0.0004915500747863578,0.0006289892876579735,0.0003914649202865181
737,A,PRO,P,0.0005566751756369998,0.0004860620096739743,0.0006230421338449914,0.0003809052819243962
738,A,SER,S,0.0005763530001186431,0.0004889941994122172,0.0006442697168263348,0.0003736060275761466
739,A,ILE,I,0.0005884390653990209,0.0004910595494913298,0.0006636528112909117,0.00036714837890832277
740,A,LYS,K,0.0005961847579008106,0.0004917247285309986,0.0006636277958382334,0.00036524739054538067
741,A,GLU,E,0.0005862934297870154,0.00048715074315954236,0.0006449036397534549,0.0003683614349231615
742,A,VAL,V,0.0005859644129053308,0.0004903684149332522,0.0006388152198290165,0.00037872461088559785
743,A,TYR,Y,0.0005757037540556988,0.000490387418673331,0.0006203693445831188,0.00038866869854320326
744,A,LEU,L,0.0005952905844486511,0.0005147674715429496,0.0006207503808527808,0.0004329134868091846
745,A,ILE,I,0.0005677519846006689,0.0005085970399223565,0.0005980325036647721,0.00043586817214355094
746,A,CYS,C,0.0005822798882324658,0.0005412221633048421,0.0005966441908714018,0.0004913256637720639
747,A,ASN,N,0.0005874230578974877,0.0005645089783564602,0.0005959913678653224,0.0005363798341478377
748,A,THR,T,0.0005603070238570732,0.000557872665709558,0.0005873516319505736,0.0005325099203956166
749,A,SER,S,0.0005662250329430561,0.0005728981006074903,0.0005889546592864124,0.0005547083768057203
750,A,ASN,N,0.0005461751958344868,0.0005592106972769211,0.0005875270968118151,0.0005302560752003471
751,A,LEU,L,0.000592163864682531,0.0006176705405624648,0.0006129971854362346,0.0006144031140263635
752,A,GLY,G,0.0005767434111439466,0.0006045910982479211,0.0006077281302066351,0.0005994318660352013
753,A,VAL,V,0.0005170955181350409,0.0005497972308553286,0.0005899066524240428,0.000519788723641688
754,A,VAL,V,0.0005374940151816666,0.0005758020086025373,0.000606763407691759,0.000551891058746755
755,A,ALA,A,0.0005942536036575661,0.0006383101721455158,0.0006422157083345955,0.0006369949447360611
756,A,PRO,P,0.0005671259551661147,0.0006124962223051155,0.0006403822007235739,0.0005965927392798792
757,A,LEU,L,0.0005045997413304968,0.0005569658680201139,0.0006139885713816733,0.0005171855860079749
758,A,GLY,G,0.0005595764923078463,0.0006074413719492689,0.0006478634341299209,0.0005818614946332069
759,A,TYR,Y,0.0005955816805907325,0.0006455259076815366,0.0006835820306409061,0.000626868539153524
760,A,ASN,N,0.0005268712874800446,0.0005796400533823512,0.0006558676189399989,0.0005311984408480652
761,A,GLY,G,0.0005289714000873472,0.0005813224373794495,0.0006570903393691503,0.0005323748211583414
762,A,LEU,L,0.0006025256872377334,0.0006448883016912058,0.0007135649356907559,0.0006060492466119739
763,A,LEU,L,0.0005767144620884848,0.0006205750659202456,0.0007169471032087288,0.0005607448013437824
764,A,ILE,I,0.0005281151638811411,0.0005767796202620897,0.0006861934676621183,0.0005087982870347951
765,A,MET,M,0.0005981643573542595,0.0006284979023692813,0.0007288208208965496,0.0005662364798056474
766,A,SER,S,0.0006359329806289937,0.0006606903807012171,0.0007774514781804733,0.0005896443571810905
767,A,CYS,C,0.0005852057149121475,0.0006124780268035469,0.0007556471768117997,0.0005221932770558162
768,A,THR,T,0.0006191635293058297,0.0006386018411753384,0.0007639880797037668,0.000564032558779253
769,A,TYR,Y,0.0006974671874784984,0.0006942661767595132,0.000831612714751994,0.0006126508999088023
770,A,TYR,Y,0.000695805947936146,0.0006855745950410416,0.0008608876181348114,0.0005752683427732992
771,A,ALA,A,0.0006753026389756344,0.0006703616886033308,0.000834071722720675,0.0005746390661695045
772,A,PHE,F,0.0007622676301268477,0.0007432427529295965,0.0008853614201008466,0.0006702592578332423
773,A,LYS,K,0.0008126654559395495,0.0007671075914909056,0.0009573795295330165,0.0006602924898296808
774,A,THR,T,0.0007873308105788051,0.0007431768427212564,0.0009516990578054853,0.0006242716183886622
775,A,ARG,R,0.0008464284843324233,0.0008118010050416102,0.0009625181872122071,0.000747613544219647
776,A,ASN,N,0.0009607357296793765,0.0008956454510748288,0.0010715379189109727,0.0008261825309860203
777,A,VAL,V,0.000938686951617242,0.0008594204399261239,0.0010847505298807797,0.0007598286338050401
778,A,PRO,P,0.001050156127084452,0.0009576251839066847,0.001175864262158881,0.0008929982405551404
779,A,ALA,A,0.0010688335279300475,0.0009937015173611262,0.0011570539941987328,0.0009721442728514532
780,A,ASN,N,0.0010597544121212661,0.0009462583210995538,0.001188765323072053,0.0008641565559954906
781,A,PHE,F,0.0009168638597693124,0.0008254757032387834,0.001069436883310274,0.0007119573690034033
782,A,ASN,N,0.0009232224959924915,0.0008633083519473876,0.0010207605810414553,0.0008200215248556633
783,A,GLU,E,0.0008098274727851213,0.0007502606167954734,0.0009405509295157363,0.0006570647466869401
784,A,ALA,A,0.0007583217027887911,0.0007205438153979696,0.0009088385416087739,0.0006244447614103019
785,A,LYS,K,0.0008188392674240523,0.0007978529744875349,0.0009129024164849879,0.0007705988453927698
786,A,TYR,Y,0.0007748789512187194,0.0007562088238588871,0.0008629460515532231,0.0007266216244929868
787,A,ILE,I,0.0006628230942576478,0.0006560346434571223,0.0008026685680973613,0.0005775765035807107
788,A,ALA,A,0.0006921121539194668,0.0006948203090781028,0.000810912205611554,0.0006442359002239463
789,A,PHE,F,0.0007341786469787822,0.0007440792657644836,0.000808093593925802,0.0007376540831307422
790,A,THR,T,0.000645250499555008,0.0006559645732537999,0.0007491838361235636,0.0006185389659191718
791,A,MET,M,0.0005878296125857608,0.0006136500394571799,0.000720244528248637,0.0005546623329667026
792,A,TYR,Y,0.0006578610565871718,0.0006803488926315868,0.0007472989702097196,0.0006561512745645386
793,A,THR,T,0.0006544930660321307,0.0006809460632636855,0.0007242173872612573,0.0006737604435443655
794,A,THR,T,0.0005580899733228286,0.0005894991229581417,0.0006718016332201013,0.0005442643186753177
795,A,CYS,C,0.0005704098982200676,0.0006025666701550744,0.0006781971398043365,0.0005573984737012345
796,A,ILE,I,0.000620587078006767,0.0006476668003453847,0.0006887711626791628,0.0006300926402645386
797,A,ILE,I,0.0005665917557063761,0.0005951491847810001,0.0006478921616968179,0.0005655535120845705
798,A,TRP,W,0.0005057826728703049,0.0005466647401479797,0.0006211971902922742,0.0004940266003800437
799,A,LEU,L,0.0005662675019404973,0.0005884853031752035,0.0006471233179898203,0.0005470165231930017
800,A,ALA,A,0.0005804874369715446,0.0005996572451478859,0.0006415400238322884,0.0005684807059679295
801,A,PHE,F,0.0005125160777916577,0.0005384723902915676,0.0006051075648021043,0.000487456239337958
802,A,VAL,V,0.0005119046444529778,0.0005369060918999119,0.0006036124664470883,0.0004823763212333928
803,A,PRO,P,0.0005604320245118083,0.0005611485968134503,0.0006194390391537454,0.0005098150770413827
804,A,ILE,I,0.0005468898913211987,0.0005491129786014025,0.000608134796148003,0.0004961426584699129
805,A,TYR,Y,0.0004928142655700179,0.0005075381020366077,0.0005842374237624314,0.00044159247934204407
806,A,PHE,F,0.0005162096097476308,0.0005177007426450292,0.0005932528286272151,0.00045194296974044126
807,A,GLY,G,0.0005541719130159654,0.0005368778588200052,0.0006100601812258984,0.00047262994276696873
808,A,SER,S,0.000543161043407299,0.0005206017678933145,0.0006016845933276966,0.00045108457788201734
809,A,ASN,N,0.00053262269771708,0.0004966287811629111,0.0005951528256194184,0.00041332228951242357
810,A,TYR,Y,0.0005415447255477095,0.00050409494308438,0.0005944302167654762,0.0004274995162836809
811,A,LYS,K,0.0004960647451498427,0.000486308905597547,0.0005764520312594056,0.00040694399144558036
812,A,ILE,I,0.0005188890908841047,0.0004883575086271588,0.0005802299779938845,0.0004058927971947742
813,A,ILE,I,0.0005622179258620132,0.0005243750893290369,0.0006016658839280212,0.0004569301888233816
814,A,THR,T,0.0005327051247519412,0.0005206771521146533,0.0005940450216841361,0.00045928861029353736
815,A,THR,T,0.0004978132373100483,0.0004959433282084038,0.0005831883726675337,0.0004229046411332331
816,A,CYS,C,0.0005584341043734475,0.000527599861764454,0.0006102007776375095,0.0004620629653094366
817,A,PHE,F,0.0005869309441244363,0.0005680770890512335,0.0006275475912476576,0.0005250144665459107
818,A,ALA,A,0.0005306138933882335,0.0005364208537006576,0.0006118730425206034,0.00048216806515388234
819,A,VAL,V,0.0005242827977394709,0.0005206694843417234,0.000616026728032377,0.0004482182502320618
820,A,SER,S,0.0006054593970910167,0.000577845913966897,0.0006559172191504441,0.0005284979982573444
821,A,LEU,L,0.0006185039224525643,0.0006123822918868583,0.0006671248242083804,0.0005837835146080908
822,A,SER,S,0.0005547250066205486,0.0005618808406997822,0.000653001241779729,0.0005047446595889422
823,A,VAL,V,0.0005998586265734523,0.0005789001155626946,0.0006853000865833062,0.0005129319311828695
824,A,THR,T,0.0006872981947874609,0.0006596765737487717,0.0007265107173278602,0.0006326509658562011
825,A,VAL,V,0.0006675513189788791,0.0006619961482409718,0.0007284361136129644,0.0006394446266288437
826,A,ALA,A,0.0006305848454570898,0.0006140895122422898,0.0007305004863800519,0.0005489875935345659
827,A,LEU,L,0.0007319437599361484,0.0006816903272924595,0.0007862349032465622,0.0006350766419430957
828,A,GLY,G,0.0008031285073675347,0.0007685728778750109,0.0008228891719423985,0.0007647677005085709
829,A,CYS,C,0.0007720650990103693,0.0007504572036733132,0.0008222647259104967,0.0007396544310626356
830,A,MET,M,0.0007534681284880303,0.0007062148648113392,0.0008374185969091221,0.0006473801605855598
831,A,PHE,F,0.000848434661637517,0.0007673451048761526,0.0008943498862556322,0.0007161787426895353
832,A,THR,T,0.0009425721533552542,0.0008741269416554367,0.0009409588974702166,0.0008724152258297548
833,A,PRO,P,0.0009812632705861234,0.0009104755792151591,0.000992510536128041,0.0009103419453493702
834,A,LYS,K,0.0009971773999807709,0.0008841658836629118,0.0010273918198040887,0.0008379058533073971
835,A,MET,M,0.0010724425748047275,0.0009501800394945233,0.0010554173988973575,0.000927350451267117
836,A,TYR,Y,0.0011524395188834873,0.0010534630233819207,0.0011088576190620017,0.0010681049948342116
837,A,ILE,I,0.0011885006611808296,0.0010566726999814966,0.0011725949273468771,0.0010450918364452973
838,A,ILE,I,0.0012230055302002401,0.0010537755284333187,0.0012009146990756105,0.0010125319184535408
839,A,ILE,I,0.001300093836834878,0.0011435349897013316,0.0012287335538590915,0.0011408055689259235
840,A,ALA,A,0.00134880194206245,0.001228941794601265,0.0012601491846420264,0.0012626190295256467
841,A,LYS,K,0.0013666533045423321,0.0012336119148765176,0.0013061263621269945,0.0012599566484832677
842,A,PRO,P,0.0014042742675748252,0.0012129305389845572,0.0013644515516730263,0.0011926387715154834
843,A,GLU,E,0.0014846928954135295,0.0012884667726070164,0.0014506616590061645,0.0012815301156323068
844,A,ARG,R,0.0013364804654565068,0.0011618014649400212,0.001342687538712385,0.0011360159282774545
845,A,ASN,N,0.0012954771233187683,0.0010827548771045028,0.0013252309241994352,0.0009952754482617295
846,A,VAL,V,0.0013652130531112976,0.001103358885658207,0.001427190071807806,0.0009708770191523134
847,A,ARG,R,0.0013069029374459256,0.001021433548708762,0.001428798831652833,0.0008090071017769318
848,A,SER,S,0.0013561637523724272,0.0010669750957174695,0.0014854732640636969,0.0008726750229588931
849,A,ALA,A,0.0012462860405778931,0.0010393453769678134,0.0013566595464719433,0.0009172115532896908
850,A,PHE,F,0.0011133356379921628,0.0009109601149715765,0.0012819291367443609,0.0007090093125382733
851,A,THR,T,0.001195510812921612,0.000934983897694943,0.001392981176935931,0.0006565915272946544
852,A,THR,T,0.0012037645726675212,0.0009559063403088271,0.0014124377017545233,0.0006960946146807034
853,A,SER,S,0.001388150588380051,0.0010724417169998548,0.0015754886646210497,0.0008170311267152526
854,A,ASP,D,0.0014769358168950503,0.0010813444930887351,0.0016795345735054388,0.0007177593067177816
855,A,VAL,V,0.0015920540223016387,0.0012083312453770325,0.0017586055508631484,0.0009531106407924152
856,A,VAL,V,0.0015212348007926219,0.0011794985429278957,0.0016933038797866543,0.000936015066692148
857,A,ARG,R,0.0016099694560445582,0.0011829335667059356,0.0018020729644441019,0.0008189409271523315
858,A,MET,M,0.0018203662977375463,0.0013140595030142112,0.001977959176283667,0.0009500236109579207
859,A,HIS,H,0.0019507232105395178,0.0014201955538396364,0.002071388088368838,0.0010767741038051383
860,A,VAL,V,0.001989771165700181,0.001455008252829117,0.002079262497608527,0.00113154827421525
861,A,GLY,G,0.002079515066375915,0.0014952878980807206,0.0021687415633608875,0.00112771249700336
862,A,ASP,D,0.0022113547235166984,0.001557306171185916,0.002294171637289408,0.0011489691578021768
863,A,GLY,G,0.0022520945025410973,0.001614703774601614,0.0022927411069930074,0.0012585826208007364
864,A,LYS,K,0.002373046990742154,0.0017004357851472254,0.0024097089314173486,0.001356288216027548
865,A,LEU,L,0.0024298000298511114,0.0017746025846783493,0.002441473989895278,0.0014868913293009408
866,A,PRO,P,0.002372091219149574,0.001779876951411026,0.002374026275877822,0.0015453416754526144
867,A,CYS,C,0.0022820785837387755,0.001780888907583027,0.0022718394960836606,0.001608538587670716
868,A,ARG,R,0.0023671173516395037,0.0018968760012880365,0.002315118266843155,0.001777125224081383
869,A,SER,S,0.0022439300671920743,0.0018633214457998105,0.0021836058817471526,0.0017907454221215845
870,A,ASN,N,0.0022354902414826448,0.001912587990835625,0.002144774449150291,0.0018827200767749272
871,A,THR,T,0.0020931960827628624,0.0018547967346924494,0.0020001038281307394,0.001860942546695556
872,A,PHE,F,0.0020796943276927314,0.0018733737258952111,0.001953341425450005,0.001905594579981438
873,A,LEU,L,0.0019563340564862867,0.0018023331723479275,0.0018278064196834384,0.0018507846957282056
874,A,ASN,N,0.0020142489012996622,0.0018360307106324335,0.0018520090510034926,0.001883528879937656
875,A,ILE,I,0.0020093851786203024,0.0017928907332099503,0.0018191140990676449,0.0018197486016362698
876,A,PHE,F,0.0019226422218861484,0.0017293269881450723,0.0017210870320261134,0.0017546070088244475
877,A,ARG,R,0.0020338166743662104,0.001792237913839618,0.0017997823206250781,0.001800434715671458
878,A,ARG,R,0.0020697360251319694,0.001784398439074371,0.0018121091426269642,0.0017633286517814242
879,A,LYS,K,0.0021366664311495967,0.0018192092865094724,0.0018603620172152118,0.001786057596509574
880,A,LYS,K,0.0021165874531773633,0.0017689668415589994,0.0018269574605917084,0.0017226996656900754
881,A,ALA,A,0.0021541112425144606,0.0017867491787877663,0.0018483985586387089,0.0017330616034225877
882,A,GLY,G,0.0022167472187665464,0.0018474423819886485,0.0019062721255345548,0.0017940119131002112
883,A,ALA,A,0.0021796142362604733,0.0018009448055461936,0.0018625859959155394,0.0017456245010923918
884,A,GLY,G,0.002196290593989674,0.0018281846545473972,0.0018777349309443848,0.0017837021610703713
885,A,ASN,N,0.002166879408998979,0.0018163209850449316,0.0018588270169687864,0.001788728936002818
886,A,ALA,A,0.002079371026070432,0.001747406685855392,0.001792617990601707,0.001726386992657728
887,A,ASN,N,0.0020242584127744155,0.001721851208185303,0.0017625146762886485,0.0017204522483030304
888,A,SER,S,0.0020213003653489527,0.0017432902362005934,0.0017742022493481492,0.001761109303731555
889,A,ASN,N,0.0019462739635395098,0.0017009202736706023,0.0017201689105171818,0.001728203382419238
890,A,GLY,G,0.0019362409486794016,0.0017155704416985736,0.0017365449866666148,0.001754281792914255
891,A,LYS,K,0.0018934932840295945,0.0017044147540851387,0.0017098738706339239,0.0017479980114845064
892,A,SER,S,0.0018047670666536317,0.0016535952948162685,0.0016374558069031497,0.0017056707430711028
893,A,VAL,V,0.0018419784877004401,0.0017247743152913894,0.0016863971261938534,0.0018017216911096652
894,A,SER,S,0.0017964369912351328,0.0017169893840041632,0.001644003372174299,0.0018144942922444312
895,A,TRP,W,0.0018371498153725242,0.0017944325891572186,0.0016930449950614932,0.0019298108816700162
896,A,SER,S,0.0018622816196294627,0.0018516797667726145,0.0016992552137258944,0.0020078971919930294
897,A,GLU,E,0.0018172174954050773,0.001827380138255518,0.0016537252623468983,0.001991924067182656
898,A,PRO,P,0.0018867971711258808,0.001925715917482411,0.00170448835395268,0.002117666203950916
899,A,GLY,G,0.0018625036669913779,0.0019211430926836675,0.00167562835003581,0.0021208866369168983
900,A,GLY,G,0.0018260792611061044,0.0019032392454496263,0.0016347413246220852,0.0021040899479480737
901,A,GLY,G,0.0017841599086265898,0.0018935424746633674,0.001588714493023653,0.0021020954245989367
902,A,GLN,Q,0.0017055567183619643,0.0018330084488433985,0.0015140060810530341,0.0020387943068659016
903,A,VAL,V,0.0015843177905126636,0.0017065583388085057,0.0014130630651175962,0.001891274535523811
904,A,PRO,P,0.001505839066762296,0.0016321552878543174,0.0013450836559902278,0.0018044652518207636
905,A,LYS,K,0.0013977119116136039,0.0015062946956757156,0.0012546753894025085,0.00165154772937068
906,A,GLY,G,0.0012807618463748446,0.001360785097830326,0.0011569427339690854,0.0014676020604013234
907,A,GLN,Q,0.001216047314714721,0.0012648218149193587,0.001105350202153657,0.001345506741181702
908,A,HIS,H,0.0011581703690629187,0.0011766448228577612,0.0010582258820477203,0.0012269280096540878
909,A,MET,M,0.0010762667168043645,0.0010813853963868995,0.0009944958627709595,0.0011143967650678373
910,A,TRP,W,0.00102083033897697,0.001003718311764401,0.0009524706466630414,0.0010125868018404658
911,A,HIS,H,0.0010420509488708034,0.0010056445207709745,0.0009692134444485494,0.0010028817857160553
912,A,ARG,R,0.0009800320873602309,0.0009310123732047012,0.000921891453067301,0.0009123640071954256
913,A,LEU,L,0.0010131990015514235,0.0009333622312815355,0.0009454565790656969,0.0008998117284871078
914,A,SER,S,0.0009857009835355513,0.0008954028826855073,0.0009258129194025229,0.0008555390368286634
915,A,VAL,V,0.0010236264082097645,0.0009060262253237875,0.0009509660726269772,0.0008558561803647831
916,A,HIS,H,0.0010637164080515892,0.0009357600702205641,0.0009839275522200224,0.0008849172153397248
917,A,VAL,V,0.0010726141981467793,0.0009381888713478642,0.0009855933963372507,0.0008832898232163356
918,A,LYS,K,0.0011812499619193672,0.0010253777041812017,0.0010679536316863668,0.0009780061986863393
919,A,THR,T,0.0012031880906077687,0.0010513483572422314,0.0010782929228905867,0.0010149382852685503
920,A,ASN,N,0.001317211969542525,0.001149528614503229,0.001163088070988234,0.001125685236672132
921,A,GLU,E,0.0013438379808151926,0.0011884256176948914,0.001180432137558785,0.001181665170393295
922,A,THR,T,0.0013862678523192122,0.0012411125226892917,0.0012095110726012956,0.0012536904320007978
923,A,ALA,A,0.0013627206556965608,0.0012441200706153643,0.0011829830104283037,0.0012718996813582606
924,A,CYS,C,0.0012792645270826544,0.0011893110437893413,0.0011074232327122349,0.001221142360042383
925,A,ASN,N,0.0011854439798587358,0.0011124585566420178,0.0010319361074298638,0.0011353064900270855
926,A,GLN,Q,0.0011143543502341042,0.0010344485231368607,0.000979736973882483,0.0010357790581402631
927,A,THR,T,0.0010515597609939945,0.0009554917764261854,0.0009355861669941728,0.0009343997299400494
928,A,ALA,A,0.0010714937539961352,0.0009508616372837155,0.0009576150586049653,0.0009155219286576083
929,A,VAL,V,0.0010331597995269163,0.000903082130370704,0.0009412606104010142,0.0008510741950379401
930,A,ILE,I,0.0010422362478611465,0.0008957070828936387,0.0009531219010134931,0.0008305721033712255
931,A,LYS,K,0.0010575457030638188,0.0009057860895205601,0.0009831483223282987,0.0008284260083716394
932,A,PRO,P,0.0010535930549588981,0.0008982224595259114,0.0009868404660314655,0.0008095634041545304
933,A,LEU,L,0.001137280266077917,0.0009735626068892436,0.0010605095056238922,0.0008867523732426121
934,A,THR,T,0.001135812075971079,0.000981495132598563,0.001075842998899232,0.0008940315787733929
935,A,LYS,K,0.0011902617944577318,0.0010445926859412704,0.0011289515236428973,0.0009620274158083415
936,A,SER,S,0.0011973178273445419,0.0010571105456425285,0.0011465153204519149,0.000978689058341369
937,A,TYR,Y,0.0012079989957340014,0.0010879759366227717,0.0011688759628426773,0.0010254282145955025
938,A,GLN,Q,0.0012021536593656138,0.0010856670607778335,0.0011775491598769818,0.0010288843164239915
939,A,GLY,G,0.001148305367192712,0.0010563196912123864,0.0011419173659890944,0.0010101066288376777
940,A,SER,S,0.0011361521318868013,0.0010520478701400789,0.001144536732054442,0.0010106449878206473
941,A,GLY,G,0.0010669166990774001,0.0009882475237227902,0.0010889450042291518,0.0009408882267321957
942,A,LYS,K,0.0010346627876316968,0.0009678019231742675,0.001067080744226294,0.0009162689741440396
943,A,SER,S,0.0009788418748196501,0.0009119180899937884,0.0010169946537414343,0.0008499506230483327
944,A,LEU,L,0.0009251582121824544,0.00086836338790351,0.000977270250490755,0.0007997686013729174
945,A,THR,T,0.0008731715537935118,0.0008186498515287456,0.0009297263815689072,0.0007458688944589188
946,A,PHE,F,0.000825828305517744,0.0007813473205845833,0.0008968334220019872,0.0007038862460144285
947,A,SER,S,0.0007908206051417406,0.0007564683173066655,0.0008669054901363495,0.0006819915139376348
948,A,ASP,D,0.0007621023586939695,0.0007396824063903838,0.0008510189902067258,0.0006676878328844662
949,A,THR,T,0.0007434191788278912,0.0007142841557550494,0.0008450708125738942,0.0006270502962804749
950,A,SER,S,0.0007080015951595848,0.0006729350923126598,0.0008243995132632175,0.0005688368422100073
951,A,THR,T,0.0006873902746120338,0.0006663981958425755,0.0008102315522241226,0.0005685206702773531
952,A,LYS,K,0.0006915522505830688,0.000672298726086202,0.0008137172952951524,0.0005758989472672254
953,A,THR,T,0.0006661639444747712,0.0006444882475642073,0.0007964328770738527,0.0005423593804281006
954,A,LEU,L,0.0006355399670326947,0.0006298690472216761,0.000771117536853142,0.0005354362922016329
955,A,TYR,Y,0.0006429182539929026,0.0006464839900143911,0.0007597831136052467,0.0005688911153353608
956,A,ASN,N,0.0006743619947200398,0.0006716665211349631,0.0007725877352830885,0.0006025130480584626
957,A,VAL,V,0.0006530079647454848,0.0006644619709763751,0.0007380801705391027,0.0006112606079988508
958,A,GLU,E,0.000716084737569208,0.0007158467807994508,0.0007735580843960786,0.0006683314553641773
959,A,GLU,E,0.0007210252909401078,0.0007333711092306536,0.0007527670999723058,0.000704193146574727
960,A,GLU,E,0.0007669781892104257,0.0007656893485918343,0.0007817783304252606,0.0007378945168194418
961,A,GLU,E,0.0008163319303060906,0.000818577034826104,0.0007992183141100335,0.0008045359575808117
962,A,ASP,D,0.0008489501137379377,0.0008454760120735116,0.0008173566976731406,0.000837139202830641
963,A,ALA,A,0.0009256983303667548,0.0009173870025502608,0.0008654707798333207,0.0009226280346723356
964,A,GLN,Q,0.0009938216409064418,0.0009904608657302625,0.0009011082893204884,0.0010156702390967543
965,A,PRO,P,0.00101789572232966,0.0010301673819524907,0.000899638886127633,0.0010716579578220978
966,A,ILE,I,0.0010434783142375368,0.0010670317308216417,0.0009132557083433863,0.0011226004716376344
967,A,ARG,R,0.0010914949958713582,0.0011275573005873674,0.0009379710286985519,0.0012022306452017604
968,A,PHE,F,0.001071654733564778,0.0011260394742370694,0.0009153530361107425,0.0012133267764005235
969,A,SER,S,0.0011026652796514921,0.0011696539988683063,0.0009288857854338208,0.0012753302722689338
970,A,PRO,P,0.0010391693158928932,0.0011173226319516213,0.0008725146476721635,0.0012248494080726962
971,A,PRO,P,0.0010627701819341288,0.00115399081942531,0.0008827291157229301,0.0012715446729046496
972,A,GLY,G,0.0010291988858914813,0.0011261255002122067,0.000855465806877343,0.0012548534833024235
973,A,SER,S,0.0009837171809292506,0.0010868527383981052,0.0008153416204237486,0.001219402564171946
974,A,PRO,P,0.0009327401403466511,0.00103668303302474,0.0007734074578054081,0.0011683193211269494
975,A,SER,S,0.0008527208061742465,0.0009523468665787742,0.0007169770698824827,0.001074613029037626
976,A,MET,M,0.0007998821422376266,0.0009029718059545743,0.0006749440715679879,0.0010221941667877996
977,A,VAL,V,0.0008068328962626075,0.0009049049204802411,0.0006817240138179558,0.0010256780792318803
978,A,VAL,V,0.0007982723867097871,0.0008971837420070301,0.0006684790382750146,0.001017635605220398
979,A,HIS,H,0.0008753573844413251,0.0009708943152000274,0.0007256550378451974,0.001101598862364946
980,A,ARG,R,0.0008747783843781778,0.0009677238665879043,0.0007170793097652915,0.001097491741499741
981,A,ARG,R,0.0009608544955072009,0.001052322521162083,0.0007818472280466284,0.0011922868949913177
982,A,VAL,V,0.0009776914367102746,0.0010564335283015172,0.0007889663821543859,0.0011914552257943926
983,A,PRO,P,0.0010527937758436799,0.0011452935643463254,0.0008423117784194435,0.0012942390787672492
984,A,SER,S,0.00109312663708696,0.001176093788493479,0.000875351701332254,0.0013264104549120129
985,A,ALA,A,0.0011010322325825878,0.001198445396884062,0.0008769131809399275,0.0013586445072052364
986,A,ALA,A,0.001146446099807794,0.0012911340329712895,0.0009100743644448656,0.001484711735614592
987,A,THR,T,0.0011413592897560273,0.0013158475903723645,0.0009117093599877167,0.0015229180194601302
988,A,THR,T,0.001103495724354324,0.0013098727942654409,0.0008873689944480707,0.0015244763834177605
989,A,PRO,P,0.0010978952248558512,0.0013407986756680818,0.0008871108666601968,0.0015708395655037429
990,A,PRO,P,0.0010254742782156959,0.0012605896688200713,0.0008404418461788815,0.0014715748358588702
991,A,LEU,L,0.0010168462183733533,0.0012824465350028905,0.0008369947694567469,0.0015036109618915714
992,A,PRO,P,0.0009633990170644401,0.0012284974011101434,0.0008141127294872031,0.0014363813741264102
993,A,SER,S,0.0009364023678210453,0.0012167429042260402,0.0008091993494017896,0.0014235006622926845
994,A,HIS,H,0.0009022389968330566,0.0011711715940552038,0.0008003086820814419,0.001363782742518292
995,A,LEU,L,0.0008633961582237488,0.001124154520917586,0.0007824684703928032,0.0013010962492825883
996,A,THR,T,0.0008485068643871248,0.0010875329663742979,0.0007877318466128552,0.0012476471875683794
997,A,ALA,A,0.0008268956946997444,0.0010427238952213415,0.0007779843548060059,0.001180644399450437
998,A,GLU,E,0.0008349632767084083,0.0010409901175507086,0.0007877286302276998,0.0011729029882407427
999,A,GLU,E,0.0008277715872893371,0.0010097617724285236,0.0007835267794790884,0.001129608594464708
1000,A,THR,T,0.0008526190914586276,0.0010396604772196817,0.00079551207703156,0.0011666550190900394
1001,A,PRO,P,0.0008870924832388174,0.0010846676068671434,0.0008199524585888188,0.0012205049540903077
1002,A,LEU,L,0.0009104829886679563,0.0011076196437247404,0.0008356633163213458,0.0012456089552368946
1003,A,PHE,F,0.0009299957998652269,0.0011243538387237983,0.0008524547793617325,0.001261301871597596
1004,A,LEU,L,0.0009458252390012027,0.0011384989801815708,0.0008619109434040812,0.0012742211033829457
1005,A,ALA,A,0.0009564024363667171,0.0011393039183106878,0.0008730719374378979,0.0012675950712722206
1006,A,GLU,E,0.0009554583802504184,0.0011262672985653606,0.0008686487053869454,0.0012440372280584197
1007,A,PRO,P,0.0009502254360158177,0.0011066447882467794,0.0008663913491244195,0.0012108236895244486
1008,A,ALA,A,0.0009744168786790398,0.001132309606551289,0.0008909229979922532,0.0012344176407080448
1009,A,LEU,L,0.0009570973834541624,0.0010913618056504816,0.0008859029709477751,0.0011790890391235472
1010,A,PRO,P,0.0009829698702374101,0.0011180425795633145,0.0009140319355264914,0.0012045318455699587
1011,A,LYS,K,0.0009676200964183684,0.0010847739004637771,0.0009077620232829801,0.0011626399061325915
1012,A,GLY,G,0.0010060258459184237,0.0011226398476163403,0.0009512031397732882,0.0011973275370969526
1013,A,LEU,L,0.0010041809446990737,0.001107151141319309,0.0009565279689519123,0.0011722725803929035
1014,A,PRO,P,0.0010615366353702268,0.0011632556782231144,0.0010106310188415697,0.0012304352858973143
1015,A,PRO,P,0.001123661720393076,0.001226347266720768,0.0010614040003957843,0.001298783599961724
1016,A,PRO,P,0.0011353955435231293,0.0012150078074991788,0.001080103588511272,0.0012750452183164813
1017,A,LEU,L,0.0012322090722399594,0.0013065565614765779,0.0011570392418165808,0.0013728225487726275
1018,A,GLN,Q,0.0012508486887758533,0.0013067079593786584,0.0011743902617085483,0.0013596219061866514
1019,A,GLN,Q,0.0012641595628645052,0.0012986367867863198,0.0011867248532612122,0.0013359892171640048
1020,A,GLN,Q,0.0012904137250693468,0.0012992135200828008,0.0012044863314677066,0.0013237419549959294
1021,A,GLN,Q,0.0012664589003214132,0.0012575847742495175,0.001182421308567998,0.001274229042265076
1022,A,GLN,Q,0.0012061526680630262,0.0011856087190845455,0.0011349192159855856,0.0011907909087819938
1023,A,PRO,P,0.001196312533129319,0.0011566445113865831,0.001122079365460233,0.0011539733343376667
1024,A,PRO,P,0.0011500293487341417,0.0010984681777265741,0.0010792317635145046,0.0010875758620733829
1025,A,PRO,P,0.0010641190642408096,0.0010052176994160397,0.0010103789476545327,0.000988737238331716
1026,A,GLN,Q,0.001071758635027618,0.0010070034959035778,0.001012775638521593,0.0009916150485589582
1027,A,GLN,Q,0.0010548231586071518,0.0009759889785915835,0.0009896718996128882,0.0009496551168843785
1028,A,LYS,K,0.0010141854195437772,0.0009177440336315275,0.0009448351478650722,0.0008814257545221788
1029,A,SER,S,0.001006890615259813,0.0009090298103921598,0.0009299775786083857,0.0008768525985278137
1030,A,LEU,L,0.0010635014143799116,0.0009433873633823102,0.000962261347590865,0.0009079509085448338
1031,A,MET,M,0.0010048529389739872,0.0008768683860948187,0.0009085153219278716,0.0008315484041509847
1032,A,ASP,D,0.0009827065673370361,0.0008520544773507142,0.0008917975445436704,0.0008044347589553724
1033,A,GLN,Q,0.0010660073248794032,0.0009257162733504827,0.0009517896401525512,0.0008862913838764243
1034,A,LEU,L,0.0010629381031269614,0.0009115340993305937,0.000937577928912144,0.0008619158865246471
1035,A,GLN,Q,0.0009897373087216041,0.0008466300446707795,0.0008814113658228125,0.0007949315422544159
1036,A,GLY,G,0.0010361842829211434,0.0009009457168491797,0.0009158516207130837,0.0008618160909380614
1037,A,VAL,V,0.0010947300733958572,0.0009440534850897566,0.0009567589303941847,0.0009065046412169611
1038,A,VAL,V,0.0010300040657542746,0.000886206884482032,0.0009039177521261455,0.0008433549546176201
1039,A,SER,S,0.001012176000108326,0.000887300648127527,0.0008915144928037819,0.0008561507864198624
1040,A,ASN,N,0.0011002797185515212,0.0009750301526017177,0.0009591577628850112,0.0009562200025211202
1041,A,PHE,F,0.0011046483744769498,0.0009744426059234066,0.0009623694366199607,0.0009536123275184023
1042,A,SER,S,0.0010740874216716133,0.0009657445925011503,0.0009404912530605331,0.0009521466131733323
1043,A,THR,T,0.0011341714759796851,0.0010403238122740728,0.0009864803875898325,0.0010380855359455902
1044,A,ALA,A,0.0011545695793099345,0.0010773696618251727,0.0010064077885006636,0.0010857117111115018
1045,A,ILE,I,0.0011342382919176507,0.0010682953542202524,0.00099772052780857,0.0010828323947605608
1046,A,PRO,P,0.001145923557809948,0.0010915700477222724,0.0009992961955457382,0.001112011325283345
1047,A,ASP,D,0.0011190534389400532,0.0010719255574655245,0.0009702008645533002,0.001095456411117363
1048,A,PHE,F,0.0011019720159698002,0.0010614568205241336,0.0009595385506224251,0.0010872997684773797
1049,A,HIS,H,0.0010883424793322548,0.0010509022038990795,0.0009394694505097125,0.001081747184644267
1050,A,ALA,A,0.0011310858753355777,0.0010985942011455198,0.0009659999937990011,0.0011398287843969127
1051,A,VAL,V,0.0011731862602105273,0.0011487412479415893,0.0010022397740699488,0.0011998695621380524
1052,A,LEU,L,0.0011555455524779878,0.0011431647465564485,0.0009807964181732236,0.0012012201552195731
1053,A,ALA,A,0.001176307799104749,0.0011801615512094712,0.001000129201828418,0.0012518021545309026
1054,A,GLY,G,0.001168080642880426,0.001205704664577042,0.0009943937116679452,0.00129222318179648
1055,A,PRO,P,0.0011962991899399343,0.0012432641170490495,0.0010208771489428475,0.0013355887171916225
1056,A,GLY,G,0.001199556374754167,0.0012806739314100077,0.0010397027329515382,0.0013852117580016295
1057,A,GLY,G,0.001198976120682954,0.0012907084017202656,0.0010498443706199252,0.0013969163893193981
1058,A,PRO,P,0.0011937886057235998,0.0012832419330271686,0.0010474532984841036,0.0013856134626138252
1059,A,GLY,G,0.001191063869263988,0.0013072522532281846,0.0010574160392467513,0.0014154592052119787
1060,A,ASN,N,0.0011899640561575423,0.001300109362921516,0.0010616634300240084,0.001405838763073679
1061,A,GLY,G,0.0011388182266104763,0.0012490420568917597,0.0010304779356369686,0.0013487284843502379
1062,A,LEU,L,0.0011225723750151089,0.00124770405580846,0.0010246954551829494,0.0013469844918478121
1063,A,ARG,R,0.0010720816125927143,0.0011810246353827318,0.000987702649507239,0.0012643233420242326
1064,A,SER,S,0.0010296357384823765,0.0011441967412622672,0.0009610169028285761,0.001223317152742953
1065,A,LEU,L,0.0009736027805094389,0.0010691263764836215,0.0009260718885720202,0.0011308396370256018
1066,A,TYR,Y,0.0009118237578506624,0.0009956674801263297,0.0008848977962440089,0.0010422599211521192
1067,A,PRO,P,0.0008462473826699802,0.0009035016802199186,0.000838339883594504,0.0009284974512599608
1068,A,PRO,P,0.0007869178612426126,0.0008311620495083905,0.0008036325075645931,0.0008398328441929334
1069,A,PRO,P,0.0007768615797047424,0.0008181308198121254,0.000808808093744245,0.0008186081373939544
1070,A,PRO,P,0.0007504687924579507,0.0007757362655149741,0.0007931401443570635,0.0007610936159786753
1071,A,PRO,P,0.0007083845568791494,0.0007174150153643043,0.0007698286460457038,0.0006834825277665471
1072,A,PRO,P,0.0007100607323242702,0.0007235860971727495,0.0007783717824658603,0.0006887166065996507
1073,A,GLN,Q,0.0007082873867767607,0.0007210918379078209,0.0007787435960007607,0.0006856885704403355
1074,A,HIS,H,0.0006765490912738293,0.0006763854590749265,0.0007602607741490115,0.0006227836581165751
1075,A,LEU,L,0.0006874431824652482,0.0006977759007307488,0.0007644243409442834,0.000656835286942785
1076,A,GLN,Q,0.0006832360034171857,0.0006938943884608625,0.0007598224644663037,0.0006568818301856855
1077,A,MET,M,0.0006522548979350459,0.0006547396742928998,0.0007387341283789206,0.0006074958022900883
1078,A,LEU,L,0.000665212425948241,0.0006705719124358261,0.0007441394893265152,0.0006313382705574375
1079,A,PRO,P,0.0006573092754969179,0.0006495134627619273,0.0007409299184656711,0.0005974186848067772
1080,A,LEU,L,0.0006359230364202388,0.000628729652794662,0.0007223734699257512,0.0005756596138582725
1081,A,GLN,Q,0.0006572849909093556,0.0006527240949131082,0.0007328187099642056,0.0006073639777749678
1082,A,LEU,L,0.0006333755219953028,0.0006189610990632126,0.000718067965962832,0.000562429579962806
1083,A,SER,S,0.0006617531594118435,0.0006608893136287477,0.0007297581451364884,0.0006237374268146313
1084,A,THR,T,0.0006673959812678245,0.0006659641060012966,0.0007346777460941127,0.0006308371273717403
1085,A,PHE,F,0.0006665444115538081,0.000671161060925465,0.0007273418298593323,0.0006435217234314826
1086,A,GLY,G,0.0006808193680131107,0.0006879474900632089,0.0007385334477514362,0.0006650322794626942
1087,A,GLU,E,0.0006922868383211047,0.0007092125470864693,0.0007395282898489612,0.0006987021591579998
1088,A,GLU,E,0.0007193180943289284,0.0007464762611778951,0.000760656731859674,0.000747672018126878
1089,A,LEU,L,0.0007093497312993205,0.0007386167051767537,0.0007520353575694071,0.0007411602586688637
1090,A,VAL,V,0.0007519836882020254,0.0007937648756603192,0.0007837846165896021,0.0008059534071429141
1091,A,SER,S,0.0007500748579141313,0.000788545808400333,0.0007845492471796315,0.0007961819443773136
1092,A,PRO,P,0.0008048132936061376,0.0008628706496857845,0.0008190950127922255,0.0008873139826303903
1093,A,PRO,P,0.0008321770351365073,0.0008776523666846813,0.0008427337712703939,0.0008932399250737572
1094,A,ALA,A,0.0008408969833220528,0.0008836789302259329,0.000842510356189368,0.0009004899594932527
1095,A,ASP,D,0.0008566981699628217,0.0008802774399893976,0.000848149970395931,0.0008850193666717571
1096,A,ASP,D,0.0008669901408549799,0.0008659470730625878,0.0008483805552730898,0.0008585511347023048
1097,A,ASP,D,0.000858226440870965,0.0008486589392898067,0.0008351943389571889,0.0008421730300789078
1098,A,ASP,D,0.0008087270184325571,0.0007760021930388295,0.0007986027705277256,0.0007482839489664894
1099,A,ASP,D,0.0008211029600413131,0.0007728205371746225,0.0007925295240900974,0.0007381978165602278
1100,A,SER,S,0.0008375709129540268,0.0008076495750561945,0.000805127181684587,0.0007913548093460477
1101,A,GLU,E,0.0007991873514937618,0.0007730964356161519,0.0007819600431195942,0.0007521800056295089
1102,A,ARG,R,0.0007630918281170191,0.0007147970944525548,0.0007517059153937885,0.0006771465626283891
1103,A,PHE,F,0.00078776347661635,0.0007474821874096609,0.0007585396661865764,0.0007196382177605355
1104,A,LYS,K,0.0007946161853278043,0.0007754501433354578,0.0007689995622311445,0.0007626151781246874
1105,A,LEU,L,0.0007474051157243607,0.0007148659951943539,0.0007398021780973059,0.0006852055879186097
1106,A,LEU,L,0.000730629986404368,0.000690005288567585,0.0007173622383601411,0.000655610574869087
1107,A,GLN,Q,0.0007640428652479898,0.0007445014162342201,0.0007391994273415504,0.0007300136142227565
1108,A,GLU,E,0.0007567960763761345,0.0007442173446124293,0.0007408090834591079,0.0007265562435749221
1109,A,TYR,Y,0.0007071876378187234,0.0006770542383100667,0.0007047654193463752,0.0006422050480742317
1110,A,VAL,V,0.0007110123240091184,0.0006899078613768787,0.000698399431537947,0.0006652042027392736
1111,A,TYR,Y,0.000748343287561821,0.0007493674954316066,0.0007286547395050201,0.0007405098223536022
1112,A,GLU,E,0.0007301470581438997,0.0007249944093240735,0.0007231788134017863,0.0007069156374364111
1113,A,HIS,H,0.0006901311759285022,0.0006778829678517418,0.0006893731432457046,0.0006539059280733688
1114,A,GLU,E,0.0007203506951838992,0.0007279575148047638,0.0007092228569466428,0.0007214112953607088
1115,A,ARG,R,0.0007572878559373357,0.0007763091779800747,0.0007402954381427154,0.0007772973075026175
1116,A,GLU,E,0.0007403282824641046,0.0007484577074850557,0.0007349714457428776,0.0007404044669329622
1117,A,GLY,G,0.0007604267752554152,0.0007814857591219041,0.0007458756647656363,0.0007833060689018381
1118,A,ASN,N,0.0008167632370247665,0.0008593471892362823,0.0007872370376470984,0.0008807754912556135
1119,A,THR,T,0.0008756142831317428,0.0009384163789481378,0.0008345620585865948,0.0009752447012158031
1120,A,GLU,E,0.0009300474406663829,0.0010010288625757714,0.0008811301729278843,0.001046331893217275
1121,A,GLU,E,0.0010021286186840976,0.0010932362402507384,0.0009448095146654496,0.001155632117350567
1122,A,ASP,D,0.0010512225176402793,0.0011595656071525609,0.0009909737628364047,0.0012335634598725819
1123,A,GLU,E,0.0011049371679997424,0.0012101688365701287,0.0010473144426959482,0.0012840856884173736
1124,A,LEU,L,0.0011530249311270365,0.0012717206393007886,0.0011005281015758388,0.0013558023754538363
1125,A,GLU,E,0.0011913508233089797,0.0013434274238812085,0.0011434576543850753,0.0014514715833519173
1126,A,GLU,E,0.0012055551203915007,0.0013529969080617447,0.0011694052764158812,0.0014592312303777968
1127,A,GLU,E,0.0012331071052912247,0.0013768432697059923,0.0012016139000857648,0.0014810135498808798
1128,A,GLU,E,0.0012277845492470111,0.0013743371709154645,0.001204168333137781,0.0014768045284520204
1129,A,GLU,E,0.0012098757783668833,0.0013377335971559248,0.0011888356351781393,0.0014242964639570805
1130,A,ASP,D,0.0011879533393630813,0.0012788138341575854,0.0011683898340128914,0.0013397793333536382
1131,A,LEU,L,0.0011383860809678274,0.0012023568061861156,0.0011271282771198724,0.001233964343603697
1132,A,GLN,Q,0.0010896180754440686,0.0011119089307971325,0.001080333984898625,0.00111366045496731
1133,A,ALA,A,0.001079121025341828,0.0010776038802531866,0.0010616226813603942,0.0010633407042731414
1134,A,ALA,A,0.0010464111794270957,0.0010123634245510268,0.0010340899654201026,0.0009748708047826467
1135,A,SER,S,0.0010041638627035457,0.0009479094555272858,0.0009929354515490086,0.0008968112718710891
1136,A,LYS,K,0.0009471120938698303,0.0008810048079819799,0.0009424083856608968,0.0008215413444293486
1137,A,LEU,L,0.0008853782490812508,0.0008104906307329384,0.0008882634158752149,0.000741283106087134
1138,A,THR,T,0.0008212958097166482,0.0007480100814379418,0.0008403425242771876,0.0006725264258760553
1139,A,PRO,P,0.0008049405335188192,0.0007190498166373873,0.0008200318589582943,0.0006336403505591467
1140,A,ASP,D,0.0007572752743129985,0.0006685629277934891,0.0007796144919039748,0.0005782455846609041
1141,A,ASP,D,0.0007100755940881317,0.0006235136368545789,0.0007458807969742475,0.0005268664565439933
1142,A,SER,S,0.0007031045780581087,0.0006104368843371937,0.0007360739487911041,0.0005113654034553262
1143,A,PRO,P,0.000681787767571769,0.0005858015320610202,0.0007209854608707752,0.00048269323174423596
1144,A,ALA,A,0.0007038458398376348,0.0006045022513160882,0.000740094275804532,0.0005019316972492288
1145,A,LEU,L,0.0006914942924889308,0.0005980185936797122,0.0007280606944744113,0.0005013898952695374
1146,A,THR,T,0.0006806543487639825,0.0005924472428683548,0.0007306658859519068,0.0004910547597722086
1147,A,PRO,P,0.0007002707086461579,0.000623002368449669,0.0007414957178694154,0.0005353695753639164
1148,A,PRO,P,0.0006865874299740434,0.0006271804297584851,0.0007271220765770049,0.0005518388311499576
1149,A,SER,S,0.0006763846783503989,0.0006280555746376945,0.000733148932349149,0.0005501169705790284
1150,A,PRO,P,0.0006847505121779627,0.0006581408012155873,0.0007341755407456573,0.0005991080801201789
1151,A,PHE,F,0.0006688079556719784,0.0006550089164474929,0.0007244767052772155,0.0006043845941659507
1152,A,ARG,R,0.0006745297720186845,0.0006760680059115696,0.0007132003463859787,0.0006451665908466665
1153,A,ASP,D,0.0007048115871750129,0.000724200584497786,0.0007203869063476774,0.0007169870520951811
1154,A,SER,S,0.000717331053985518,0.0007427828715799215,0.0007083003686775822,0.0007495823420477971
1155,A,VAL,V,0.0007373631216233922,0.0007789775840631164,0.0007068756792009559,0.0008030987620623338
1156,A,ALA,A,0.0007625401924455766,0.0008200980607026869,0.0007142510527477279,0.0008603340848964964
1157,A,SER,S,0.0007866962446088044,0.0008582141460393045,0.000720498649526087,0.0009132066252157545
1158,A,GLY,G,0.0008126671474613981,0.0008984083806666446,0.0007347704283046075,0.0009653514884897115
1159,A,SER,S,0.0008444553868320297,0.0009444458599338735,0.0007580824245131465,0.0010237120434009625
1160,A,SER,S,0.000871889219959877,0.0009882276080158655,0.0007868782852095129,0.0010816167553357146
1161,A,VAL,V,0.0008670630444415445,0.0009808212399948502,0.0007914630157059781,0.0010721436513283062
1162,A,PRO,P,0.0008861868275889229,0.0010161201268888381,0.0008155396303750204,0.0011165470876592543
1163,A,SER,S,0.0009020817751427128,0.0010532604643713585,0.0008414818602390592,0.0011616843779573567
1164,A,SER,S,0.0008849921465325456,0.0010303779469258078,0.0008430801278041211,0.001129088585706378
1165,A,PRO,P,0.0008835096586677985,0.0010277492237053044,0.0008497583611905403,0.0011217583728453156
1166,A,VAL,V,0.0008867342698977541,0.0010366656089323418,0.0008614776376512691,0.0011296805729929546
1167,A,SER,S,0.0008643046439457732,0.0010155809232115522,0.0008588749300973692,0.0011023595386694485
1168,A,GLU,E,0.0008487248197484577,0.000991257222025003,0.0008592849616458117,0.0010670215914143264
1169,A,SER,S,0.0008138308370347061,0.0009317785103736139,0.0008430514245767436,0.0009863501717178778
1170,A,VAL,V,0.0008127352099830876,0.0009305517895698436,0.0008527214993355925,0.0009796290599737413
1171,A,LEU,L,0.0007780521389873208,0.0008677309014483278,0.0008316962607216793,0.0008939424687059445
1172,A,CYS,C,0.0007564011428069872,0.000829621353703514,0.000823533499101258,0.000842716260589372
1173,A,THR,T,0.0007511300806522989,0.0008198156689196504,0.0008199494662477958,0.0008293629896600411
1174,A,PRO,P,0.0007157765927663735,0.0007645850070508769,0.0007948007244861976,0.0007496257860256493
1175,A,PRO,P,0.0007035119450532296,0.0007536579941433309,0.0007877751577463403,0.000737233742279003
1176,A,ASN,N,0.0007165851105821642,0.0007709446140810241,0.0007950850855245714,0.0007583441708134308
1177,A,VAL,V,0.0006906856606411244,0.0007396799040439773,0.0007752472451795431,0.0007166211150612732
1178,A,SER,S,0.0007072666954251257,0.0007661984414318676,0.0007877987240582975,0.0007513507935387669
1179,A,TYR,Y,0.0006842784190279071,0.0007327220680318129,0.0007816923942437334,0.0007030424081625163
1180,A,ALA,A,0.0006695592562909682,0.0007187105948435241,0.0007690122207898829,0.0006858228495989173
1181,A,SER,S,0.0007127567314862147,0.0007776720884247861,0.0007921895097179738,0.0007661119754959784
1182,A,VAL,V,0.0007376567694843176,0.0008064334249455059,0.0008159755279911851,0.000798905666880664
1183,A,ILE,I,0.0007211308955867456,0.0007817838146556805,0.0008038840734639465,0.000762783469670137
1184,A,LEU,L,0.0007345854922293582,0.0008030629700057826,0.0008031945462213904,0.0007964475161433638
1185,A,ARG,R,0.0007996641004199604,0.0008847899008281899,0.0008440550903785804,0.0008996182949206922
1186,A,ASP,D,0.0008404550036332965,0.0009352846970517968,0.000869493488197074,0.0009629617102400259
1187,A,TYR,Y,0.000816150781755424,0.0009044240879601323,0.0008442133261802178,0.0009273807101120592
1188,A,LYS,K,0.0008627553135390992,0.0009640723094385923,0.0008608250149457224,0.0010068584130681734
1189,A,GLN,Q,0.0008973261976417274,0.0010064676115980095,0.0008757283931972706,0.0010618743569950706
1190,A,SER,S,0.0008693167806705371,0.000970452655123681,0.0008500343200581744,0.0010216962877823447
1191,A,SER,S,0.000859798748797746,0.0009644725307832792,0.0008251228687125917,0.001028464540682198
1192,A,SER,S,0.0008228139537904163,0.0009268871394336256,0.0007853593639233103,0.0009950287053095753
1193,A,THR,T,0.0007912840105486364,0.0008895850708492323,0.000756661281227906,0.0009561625148039974
1194,A,LEU,L,0.0007297883920083209,0.0008237916645444775,0.0007079583698578016,0.000883529340497629
